-- MySQL dump 10.13  Distrib 5.7.15, for Linux (x86_64)
--
-- Host: 127.0.0.1    Database: crowdflow
-- ------------------------------------------------------
-- Server version	5.7.15

/*!40101 SET @OLD_CHARACTER_SET_CLIENT=@@CHARACTER_SET_CLIENT */;
/*!40101 SET @OLD_CHARACTER_SET_RESULTS=@@CHARACTER_SET_RESULTS */;
/*!40101 SET @OLD_COLLATION_CONNECTION=@@COLLATION_CONNECTION */;
/*!40101 SET NAMES utf8 */;
/*!40103 SET @OLD_TIME_ZONE=@@TIME_ZONE */;
/*!40103 SET TIME_ZONE='+00:00' */;
/*!40014 SET @OLD_UNIQUE_CHECKS=@@UNIQUE_CHECKS, UNIQUE_CHECKS=0 */;
/*!40014 SET @OLD_FOREIGN_KEY_CHECKS=@@FOREIGN_KEY_CHECKS, FOREIGN_KEY_CHECKS=0 */;
/*!40101 SET @OLD_SQL_MODE=@@SQL_MODE, SQL_MODE='NO_AUTO_VALUE_ON_ZERO' */;
/*!40111 SET @OLD_SQL_NOTES=@@SQL_NOTES, SQL_NOTES=0 */;

--
-- Table structure for table `authorities`
--

DROP TABLE IF EXISTS `authorities`;
/*!40101 SET @saved_cs_client     = @@character_set_client */;
/*!40101 SET character_set_client = utf8 */;
CREATE TABLE `authorities` (
  `authority_id` int(50) unsigned NOT NULL AUTO_INCREMENT,
  `fk_user_id` int(50) unsigned NOT NULL DEFAULT '0',
  `username` char(12) NOT NULL DEFAULT '0',
  `authority` varchar(50) NOT NULL DEFAULT '0',
  PRIMARY KEY (`authority_id`),
  KEY `FK_USER_USER_ID_AUTHORITY` (`fk_user_id`),
  KEY `FK_USER_USERNAME` (`username`),
  CONSTRAINT `FK_USER_USERNAME` FOREIGN KEY (`username`) REFERENCES `users` (`username`),
  CONSTRAINT `FK_USER_USER_ID_AUTHORITY` FOREIGN KEY (`fk_user_id`) REFERENCES `users` (`id`)
) ENGINE=InnoDB AUTO_INCREMENT=37 DEFAULT CHARSET=latin1 COMMENT='This table contains the user authorities';
/*!40101 SET character_set_client = @saved_cs_client */;

--
-- Dumping data for table `authorities`
--

LOCK TABLES `authorities` WRITE;
/*!40000 ALTER TABLE `authorities` DISABLE KEYS */;
INSERT INTO `authorities` VALUES (1,18,'furqan','ROLE_USER'),(2,233,'furqan1234','ROLE_USER'),(3,237,'eeeeee','ROLE_USER'),(4,238,'tttttt','USER_ROLE'),(5,239,'yyyyyy','ROLE_USER'),(6,240,'uuuuuu','ROLE_USER'),(7,241,'Jorge','ROLE_USER'),(8,242,'Test','ROLE_USER'),(9,243,'Mmm','ROLE_USER'),(10,244,'Moun','ROLE_USER'),(11,245,'Mahmoud','ROLE_USER'),(12,246,'san','ROLE_USER'),(13,247,'furqanfurqan','ROLE_USER'),(14,248,'furqan+1','ROLE_USER'),(15,249,'furqan+2','ROLE_USER'),(16,250,'furqan+3','ROLE_USER'),(17,251,'furqan+4','ROLE_USER'),(18,253,'test+22','ROLE_USER'),(19,254,'test+24','ROLE_USER'),(20,255,'test+25','ROLE_USER'),(21,256,'Teste','ROLE_USER'),(22,257,'furqantest','ROLE_USER'),(23,258,'tkumar','ROLE_USER'),(24,259,'mhasnain','ROLE_USER'),(25,260,'furqan6789','ROLE_USER'),(26,261,'harry','ROLE_USER'),(27,262,'zjj','ROLE_USER'),(28,263,'pli','ROLE_USER'),(29,264,'chenhaoyu','ROLE_USER'),(30,265,'boli','ROLE_USER'),(31,266,'jwcnwh','ROLE_USER'),(32,267,'Puda00','ROLE_USER'),(33,268,'mpt','ROLE_USER'),(34,269,'Valtterip','ROLE_USER'),(35,270,'sunjia','ROLE_USER'),(36,271,'zpei','ROLE_USER');
/*!40000 ALTER TABLE `authorities` ENABLE KEYS */;
UNLOCK TABLES;

--
-- Table structure for table `aw_image_identification_deliverables`
--

DROP TABLE IF EXISTS `aw_image_identification_deliverables`;
/*!40101 SET @saved_cs_client     = @@character_set_client */;
/*!40101 SET character_set_client = utf8 */;
CREATE TABLE `aw_image_identification_deliverables` (
  `id` int(11) unsigned NOT NULL AUTO_INCREMENT,
  `resource_id` int(11) unsigned NOT NULL DEFAULT '0',
  `suggested_name` varchar(50) DEFAULT NULL,
  `fk_user_id` int(11) unsigned DEFAULT NULL,
  `time_taken` int(11) unsigned NOT NULL,
  `skipped` int(1) unsigned NOT NULL DEFAULT '1' COMMENT '0=rejected, 1=pending, 2=approved',
  `created` datetime DEFAULT NULL,
  `updated` datetime DEFAULT NULL,
  PRIMARY KEY (`id`),
  KEY `FK_TASK3_USER_USER_ID` (`fk_user_id`),
  KEY `FK_TASK3_IMAGE_RESOURCE_ID` (`resource_id`),
  CONSTRAINT `FK_TASK3_IMAGE_RESOURCE_ID` FOREIGN KEY (`resource_id`) REFERENCES `aw_image_identification_resources` (`resource_id`),
  CONSTRAINT `FK_TASK3_USER_USER_ID` FOREIGN KEY (`fk_user_id`) REFERENCES `users` (`id`)
) ENGINE=InnoDB AUTO_INCREMENT=417 DEFAULT CHARSET=latin1 COMMENT='This table contains the history of tasks''s data that user enters while completing task3';
/*!40101 SET character_set_client = @saved_cs_client */;

--
-- Dumping data for table `aw_image_identification_deliverables`
--

LOCK TABLES `aw_image_identification_deliverables` WRITE;
/*!40000 ALTER TABLE `aw_image_identification_deliverables` DISABLE KEYS */;
INSERT INTO `aw_image_identification_deliverables` VALUES (30,2,'',224,3,1,'2016-08-11 21:21:34',NULL),(31,1,'applesini',225,10,0,'2016-08-13 20:57:38',NULL),(32,1,'',18,56,1,'2016-08-20 23:52:36',NULL),(33,2,'',224,3,1,'2016-08-20 23:52:46',NULL),(34,1,'applesini',241,30,0,'2016-08-22 16:06:23',NULL),(35,2,'',241,38,1,'2016-08-22 16:08:14',NULL),(36,2,'',233,9,1,'2016-08-23 22:23:59',NULL),(37,2,'Yellow',224,47,0,'2016-08-25 15:21:53',NULL),(38,2,'',242,4,1,'2016-08-25 15:23:56',NULL),(39,1,'Gsg',242,5,0,'2016-08-25 15:24:01',NULL),(40,2,'',18,1,1,'2016-09-10 08:25:04',NULL),(41,3,'',18,19,1,'2016-09-10 08:27:29','2016-09-10 08:27:52'),(42,4,'laptop',244,28,0,'2016-09-25 11:24:22',NULL),(43,1,'Samsung ',244,16,0,'2016-09-25 11:24:38',NULL),(44,2,'Alien',244,13,0,'2016-09-25 11:24:51',NULL),(45,3,'Vini',244,23,0,'2016-09-25 11:25:14',NULL),(46,49,'Tomaatti',245,14,0,'2016-09-25 11:26:51',NULL),(47,1,'Appelsiini',245,9,0,'2016-09-25 11:27:00',NULL),(48,2,'Banaani',245,7,0,'2016-09-25 11:27:08',NULL),(49,3,'Omena',245,8,0,'2016-09-25 11:27:16',NULL),(50,4,'Apricoosi',245,45,0,'2016-09-25 11:44:02',NULL),(51,5,'Avocado',245,49,0,'2016-09-25 11:44:52',NULL),(52,6,'Persikka',245,10,0,'2016-09-25 11:45:03',NULL),(53,5,'avokado',246,21,0,'2016-09-25 11:46:21',NULL),(54,1,'apelsiini',246,12,0,'2016-09-25 11:46:33',NULL),(55,2,'banaani',246,28,0,'2016-09-25 11:47:01',NULL),(56,3,'omena',246,22,0,'2016-09-25 11:47:24',NULL),(57,4,'',246,7,1,'2016-09-25 11:47:31',NULL),(58,6,'mustikka',246,7,0,'2016-09-25 11:47:38',NULL),(59,7,'',246,3,1,'2016-09-25 11:47:41',NULL),(60,8,'',246,29,1,'2016-09-25 11:48:10',NULL),(61,9,'mustikka',246,15,0,'2016-09-25 11:48:25',NULL),(62,7,'',245,3,1,'2016-09-25 11:48:54',NULL),(63,8,'',245,4,1,'2016-09-25 11:48:58',NULL),(64,9,'Mustikka',245,21,0,'2016-09-25 11:49:20',NULL),(65,10,'',245,6,1,'2016-09-25 11:49:26',NULL),(66,11,'',245,3,1,'2016-09-25 11:49:29',NULL),(67,12,'Persikka',245,10,0,'2016-09-25 11:49:39',NULL),(68,13,'',245,20,1,'2016-09-25 11:49:59',NULL),(69,5,'ggg',244,12,0,'2016-09-25 11:51:20',NULL),(70,14,'',245,4,1,'2016-09-25 11:53:22',NULL),(71,15,'Puolukka',245,26,0,'2016-09-25 11:53:48',NULL),(72,16,'',245,6,1,'2016-09-25 11:53:54',NULL),(73,17,'',245,4,1,'2016-09-25 11:53:58',NULL),(74,18,'',245,3,1,'2016-09-25 11:54:01',NULL),(75,19,'',245,14,1,'2016-09-25 11:54:15',NULL),(76,20,'',245,7,1,'2016-09-25 11:54:22',NULL),(77,21,'',245,5,1,'2016-09-25 11:54:27',NULL),(78,22,'',245,4,1,'2016-09-25 11:54:31',NULL),(79,23,'',245,39,1,'2016-09-25 11:55:10',NULL),(80,24,'',245,34,1,'2016-09-25 11:55:44',NULL),(81,25,'',245,3,1,'2016-09-25 11:55:48',NULL),(82,26,'Grappi',245,15,0,'2016-09-25 11:56:03',NULL),(83,27,'Viinirypale',245,19,0,'2016-09-25 11:56:22',NULL),(84,28,'',245,4,1,'2016-09-25 11:56:26',NULL),(85,29,'',245,2,1,'2016-09-25 11:56:28',NULL),(86,30,'',245,3,1,'2016-09-25 11:56:32',NULL),(87,31,'',245,6,1,'2016-09-25 11:56:39',NULL),(88,32,'',245,13,1,'2016-09-25 11:57:18',NULL),(89,4,'Aro',18,14,0,'2016-09-25 16:32:22',NULL),(90,5,'',18,114,1,'2016-09-25 16:34:18',NULL),(91,6,'',18,3,1,'2016-09-25 16:34:21',NULL),(92,7,'',18,9,1,'2016-09-25 16:34:31',NULL),(93,8,'testing',18,85,0,'2016-10-01 19:57:56',NULL),(94,9,'test',18,3,0,'2016-10-05 13:01:11',NULL),(95,12,'',258,0,1,'2016-10-07 08:04:11',NULL),(96,31,'',257,0,1,'2016-10-07 08:04:13',NULL),(97,1,'Appelsiini',257,0,0,'2016-10-07 08:04:39',NULL),(98,1,'Apple siini',258,0,0,'2016-10-07 08:04:42',NULL),(99,2,'Banani',257,0,0,'2016-10-07 08:04:57',NULL),(100,2,'Banani',258,0,0,'2016-10-07 08:05:05',NULL),(101,3,'Omena',257,0,0,'2016-10-07 08:05:07',NULL),(102,4,'',257,0,1,'2016-10-07 08:05:16',NULL),(103,3,'Omena ',258,0,0,'2016-10-07 08:05:22',NULL),(104,29,'Musta marja',259,0,0,'2016-10-07 17:47:46',NULL),(105,1,'Oranssi',259,0,0,'2016-10-07 17:49:16',NULL),(106,2,'Bnnani',259,0,0,'2016-10-07 17:49:34',NULL),(107,3,'Omena',259,0,0,'2016-10-07 17:49:50',NULL),(108,4,'Persikka',259,0,0,'2016-10-07 17:50:08',NULL),(109,5,'',259,0,1,'2016-10-07 17:50:37',NULL),(110,6,'Sininen marjat',259,0,0,'2016-10-07 17:51:16',NULL),(111,7,'Ananas',259,0,0,'2016-10-07 17:52:17',NULL),(112,8,'Marjat',259,0,0,'2016-10-07 17:52:36',NULL),(113,9,'Sininen marja',259,0,0,'2016-10-07 17:53:07',NULL),(114,10,'Viinirypäleet',259,0,0,'2016-10-07 17:56:03',NULL),(115,11,'Vesimeloni',259,0,0,'2016-10-07 17:57:10',NULL),(116,12,'Punainen marja',259,0,0,'2016-10-07 17:57:29',NULL),(117,13,'Oranssi marja',259,0,0,'2016-10-07 17:58:04',NULL),(118,14,'Kookospähkinä',259,0,0,'2016-10-07 17:58:44',NULL),(119,15,'',259,0,1,'2016-10-07 17:59:00',NULL),(120,16,'Viinirypäleet',259,0,0,'2016-10-07 17:59:44',NULL),(121,17,'Persikka',259,0,0,'2016-10-07 18:00:01',NULL),(122,18,'Päivät',259,0,0,'2016-10-07 18:00:19',NULL),(123,19,'',259,0,1,'2016-10-07 18:00:31',NULL),(124,20,'',259,0,1,'2016-10-07 18:00:46',NULL),(125,21,'Musta marjat',259,0,0,'2016-10-07 18:01:09',NULL),(126,22,'',259,0,1,'2016-10-07 18:01:16',NULL),(127,23,'Kuva',259,0,0,'2016-10-07 18:02:11',NULL),(128,24,'',259,0,1,'2016-10-07 18:02:27',NULL),(129,25,'',259,0,1,'2016-10-07 18:02:40',NULL),(130,26,'Oranssi',259,0,0,'2016-10-07 18:02:54',NULL),(131,27,'Vinnirypäleet',259,0,0,'2016-10-07 18:03:24',NULL),(132,28,'Guva',259,0,0,'2016-10-07 18:49:20',NULL),(133,30,'',259,0,1,'2016-10-07 18:49:30',NULL),(134,4,'Aprikoosi',258,0,0,'2016-10-08 22:27:51',NULL),(135,5,'Avokado',258,0,0,'2016-10-08 22:29:03',NULL),(136,6,'Mustikka',258,0,0,'2016-10-08 22:30:07',NULL),(137,7,'',258,0,1,'2016-10-08 22:30:48',NULL),(138,8,'Mustaherukka',258,0,0,'2016-10-08 22:32:24',NULL),(139,9,'Mustikka',258,0,0,'2016-10-08 22:33:33',NULL),(140,10,'',258,0,1,'2016-10-08 22:34:51',NULL),(141,11,'',258,0,1,'2016-10-08 22:35:42',NULL),(142,13,'',258,0,1,'2016-10-08 22:36:23',NULL),(143,14,'Kookospahkina',258,0,0,'2016-10-08 22:37:05',NULL),(144,15,'',258,0,1,'2016-10-08 22:37:45',NULL),(145,16,'',258,0,1,'2016-10-08 22:38:20',NULL),(146,17,'',258,0,1,'2016-10-08 22:39:02',NULL),(147,18,'Taatelipalmu',258,0,0,'2016-10-08 22:39:52',NULL),(148,19,'',258,0,1,'2016-10-08 22:41:39',NULL),(149,20,'',258,0,1,'2016-10-08 22:42:43',NULL),(150,21,'Musta viinirypaleet',258,0,0,'2016-10-08 22:43:43',NULL),(151,22,'',258,0,1,'2016-10-08 22:43:48',NULL),(152,23,'',258,0,1,'2016-10-08 22:43:51',NULL),(153,25,'Karviaismarja',261,0,0,'2016-10-12 10:52:17',NULL),(154,1,'Appelsiini',261,0,0,'2016-10-12 10:52:33',NULL),(155,2,'Banaani',261,0,0,'2016-10-12 10:52:41',NULL),(156,3,'Omena',261,0,0,'2016-10-12 10:52:49',NULL),(157,4,'Aprikoosi',261,0,0,'2016-10-12 10:53:11',NULL),(158,5,'Avokado',261,0,0,'2016-10-12 10:53:22',NULL),(159,6,'Mustikka',261,0,0,'2016-10-12 10:54:21',NULL),(160,7,'Vadelma',261,0,0,'2016-10-12 10:54:39',NULL),(161,8,'Mustaherukka',261,0,0,'2016-10-12 10:54:46',NULL),(162,9,'Mustikka',261,0,0,'2016-10-12 10:54:56',NULL),(163,10,'Mesimarja',261,0,0,'2016-10-12 10:55:06',NULL),(164,11,'',261,0,1,'2016-10-12 10:55:14',NULL),(165,12,'Kirsikka',261,0,0,'2016-10-12 10:55:23',NULL),(166,13,'Hilla',261,0,0,'2016-10-12 10:55:31',NULL),(167,14,'Kookos',261,0,0,'2016-10-12 10:55:41',NULL),(168,15,'Puolukka',261,0,0,'2016-10-12 10:55:50',NULL),(169,16,'Punaherukka',261,0,0,'2016-10-12 10:56:29',NULL),(170,17,'',261,0,1,'2016-10-12 10:56:34',NULL),(171,18,'Taateli',261,0,0,'2016-10-12 10:56:40',NULL),(172,19,'',261,0,1,'2016-10-12 10:56:45',NULL),(173,43,'ananas',263,0,0,'2016-10-12 14:15:40',NULL),(174,1,'oranssi',263,0,0,'2016-10-12 14:16:13',NULL),(175,19,'pitaya',264,0,0,'2016-10-12 14:16:34',NULL),(176,2,'banaanit',263,0,0,'2016-10-12 14:16:51',NULL),(177,13,'pilvi marja',262,0,0,'2016-10-12 14:16:58',NULL),(178,1,'pranssi',262,0,0,'2016-10-12 14:17:20',NULL),(179,1,'oranssi',264,0,0,'2016-10-12 14:17:22',NULL),(180,2,'banaani',262,0,0,'2016-10-12 14:17:38',NULL),(181,3,'omena',263,0,0,'2016-10-12 14:17:45',NULL),(182,2,'banaanit',264,0,0,'2016-10-12 14:17:48',NULL),(183,3,'omena',262,0,0,'2016-10-12 14:18:02',NULL),(184,3,'omena',264,0,0,'2016-10-12 14:18:19',NULL),(185,4,'persikka',262,0,0,'2016-10-12 14:18:23',NULL),(186,5,'avokado',262,0,0,'2016-10-12 14:18:52',NULL),(187,6,'mustikat',262,0,0,'2016-10-12 14:19:09',NULL),(188,4,'Persikat',264,0,0,'2016-10-12 14:19:32',NULL),(189,5,'Avokado ',264,0,0,'2016-10-12 14:19:50',NULL),(190,7,'vadelma',262,0,0,'2016-10-12 14:19:56',NULL),(191,6,'Mustikat ',264,0,0,'2016-10-12 14:20:20',NULL),(192,8,'mustaherukka',262,0,0,'2016-10-12 14:20:36',NULL),(193,7,'Mulperipuu ',264,0,0,'2016-10-12 14:20:42',NULL),(194,9,'mustikat',262,0,0,'2016-10-12 14:20:54',NULL),(195,10,'karpalo',262,0,0,'2016-10-12 14:21:23',NULL),(196,11,'',262,0,1,'2016-10-12 14:21:50',NULL),(197,12,'kirsikka',262,0,0,'2016-10-12 14:22:11',NULL),(198,14,'kookospahkina',262,0,0,'2016-10-12 14:22:39',NULL),(199,15,'kirsikka',262,0,0,'2016-10-12 14:22:55',NULL),(200,16,'kirsikka',262,0,0,'2016-10-12 14:23:09',NULL),(201,11,'No idea',265,0,0,'2016-10-12 14:23:52',NULL),(202,17,'',262,0,1,'2016-10-12 14:24:46',NULL),(203,1,'Oranssi',265,0,0,'2016-10-12 14:25:01',NULL),(204,18,'paivamaarat',262,0,0,'2016-10-12 14:25:05',NULL),(205,19,'pitaya',262,0,0,'2016-10-12 14:25:20',NULL),(206,20,'durian',262,0,0,'2016-10-12 14:25:32',NULL),(207,2,'banaani',265,0,0,'2016-10-12 14:25:36',NULL),(208,3,'omena',265,0,0,'2016-10-12 14:26:08',NULL),(209,4,'persikat',263,0,0,'2016-10-12 14:26:23',NULL),(210,21,'',262,0,1,'2016-10-12 14:26:23',NULL),(211,22,'',262,0,1,'2016-10-12 14:26:30',NULL),(212,5,'avokado',263,0,0,'2016-10-12 14:26:51',NULL),(213,23,'viikunat',262,0,0,'2016-10-12 14:26:54',NULL),(214,21,'',266,0,1,'2016-10-12 14:27:09',NULL),(215,4,'persikka',265,0,0,'2016-10-12 14:27:10',NULL),(216,24,'wolfberry',262,0,0,'2016-10-12 14:27:13',NULL),(217,6,'mustikat',263,0,0,'2016-10-12 14:27:13',NULL),(218,7,'vadelma',263,0,0,'2016-10-12 14:27:42',NULL),(219,25,'kiivi',262,0,0,'2016-10-12 14:27:47',NULL),(220,26,'greippi',262,0,0,'2016-10-12 14:28:18',NULL),(221,8,'viinirypäle',263,0,0,'2016-10-12 14:28:23',NULL),(222,1,'applesiini',266,0,0,'2016-10-12 14:28:24',NULL),(223,27,'viinirypale',262,0,0,'2016-10-12 14:28:37',NULL),(224,9,'mustikat',263,0,0,'2016-10-12 14:28:44',NULL),(225,5,'avokado',265,0,0,'2016-10-12 14:28:55',NULL),(226,28,'vesimeloni',262,0,0,'2016-10-12 14:29:08',NULL),(227,20,'',261,0,1,'2016-10-12 14:29:13',NULL),(228,21,'Mustaherukka',261,0,0,'2016-10-12 14:29:21',NULL),(229,10,'mulperipuu',263,0,0,'2016-10-12 14:29:24',NULL),(230,22,'Paratiisihedelmä',261,0,0,'2016-10-12 14:29:30',NULL),(231,23,'Viikuna',261,0,0,'2016-10-12 14:29:37',NULL),(232,24,'Jalapeno',261,0,0,'2016-10-12 14:29:44',NULL),(233,2,'banani',266,0,0,'2016-10-12 14:29:45',NULL),(234,11,'',263,0,1,'2016-10-12 14:29:45',NULL),(235,26,'Greippi',261,0,0,'2016-10-12 14:29:51',NULL),(236,27,'Rypäle',261,0,0,'2016-10-12 14:29:58',NULL),(237,3,'omena',266,0,0,'2016-10-12 14:30:07',NULL),(238,12,'kirsikka',263,0,0,'2016-10-12 14:30:09',NULL),(239,29,'',262,0,1,'2016-10-12 14:30:30',NULL),(240,4,'persikat ',266,0,0,'2016-10-12 14:30:35',NULL),(241,13,'Yun Mei',263,0,0,'2016-10-12 14:30:42',NULL),(242,6,'mustikka',265,0,0,'2016-10-12 14:30:45',NULL),(243,30,'durian',262,0,0,'2016-10-12 14:30:46',NULL),(244,5,'avokado ',266,0,0,'2016-10-12 14:30:56',NULL),(245,14,'kookospähkinä',263,0,0,'2016-10-12 14:31:10',NULL),(246,6,'mustikka',266,0,0,'2016-10-12 14:31:16',NULL),(247,7,'vadelma',266,0,0,'2016-10-12 14:32:07',NULL),(248,15,'Hongmei',263,0,0,'2016-10-12 14:32:09',NULL),(249,16,'',263,0,1,'2016-10-12 14:32:13',NULL),(250,8,'karhunvatukka',266,0,0,'2016-10-12 14:32:32',NULL),(251,17,'luumut',263,0,0,'2016-10-12 14:32:43',NULL),(252,31,'oliivi',262,0,0,'2016-10-12 14:32:51',NULL),(253,7,'Vadelma',265,0,0,'2016-10-12 14:32:54',NULL),(254,9,'mustika ',266,0,0,'2016-10-12 14:32:57',NULL),(255,32,'',262,0,1,'2016-10-12 14:33:17',NULL),(256,18,'päivämäärät',263,0,0,'2016-10-12 14:33:17',NULL),(257,8,'',265,0,1,'2016-10-12 14:33:25',NULL),(258,10,'vadelma',266,0,0,'2016-10-12 14:33:25',NULL),(259,19,'pitaya',263,0,0,'2016-10-12 14:33:40',NULL),(260,11,'guava',266,0,0,'2016-10-12 14:33:49',NULL),(261,20,'durian',263,0,0,'2016-10-12 14:34:03',NULL),(262,33,'sitruuna',262,0,0,'2016-10-12 14:34:04',NULL),(263,9,'Mustikka',265,0,0,'2016-10-12 14:34:14',NULL),(264,12,'kirsikka',266,0,0,'2016-10-12 14:34:14',NULL),(265,21,'viinirypäle',263,0,0,'2016-10-12 14:34:24',NULL),(266,22,'',263,0,1,'2016-10-12 14:34:40',NULL),(267,13,'hilla',266,0,0,'2016-10-12 14:34:51',NULL),(268,23,'viikunat',263,0,0,'2016-10-12 14:35:04',NULL),(269,34,'lime',262,0,0,'2016-10-12 14:35:13',NULL),(270,14,'kookospähkinä',266,0,0,'2016-10-12 14:35:24',NULL),(271,24,'wolfberry',263,0,0,'2016-10-12 14:35:26',NULL),(272,35,'lychee',262,0,0,'2016-10-12 14:35:36',NULL),(273,10,'mulperipuu',265,0,0,'2016-10-12 14:35:41',NULL),(274,25,'viinirypäle',263,0,0,'2016-10-12 14:35:54',NULL),(275,15,'karviaismarja',266,0,0,'2016-10-12 14:36:00',NULL),(276,16,'',266,0,1,'2016-10-12 14:36:30',NULL),(277,17,'luumut',266,0,0,'2016-10-12 14:36:54',NULL),(278,18,'päivämäärät',266,0,0,'2016-10-12 14:37:30',NULL),(279,36,'mango',262,0,0,'2016-10-12 14:37:36',NULL),(280,19,'pitaya',266,0,0,'2016-10-12 14:37:49',NULL),(281,20,'durian',266,0,0,'2016-10-12 14:57:07',NULL),(282,22,'',266,0,1,'2016-10-12 14:57:13',NULL),(283,23,'viikunat',266,0,0,'2016-10-12 14:57:30',NULL),(284,24,'wolfberry',266,0,0,'2016-10-12 14:57:45',NULL),(285,25,'karviaismarja',266,0,0,'2016-10-12 14:58:08',NULL),(286,9,'Mustikka',269,0,0,'2016-10-12 16:56:35',NULL),(287,1,'Appelsiini',269,0,0,'2016-10-12 16:57:42',NULL),(288,2,'Banaani',269,0,0,'2016-10-12 16:57:52',NULL),(289,3,'Omena',269,0,0,'2016-10-12 16:57:58',NULL),(290,4,'Persikka',269,0,0,'2016-10-12 16:58:07',NULL),(291,5,'Avokado ',269,0,0,'2016-10-12 16:58:22',NULL),(292,6,'Mustikka',269,0,0,'2016-10-12 16:58:29',NULL),(293,16,'viinirypäle',271,0,0,'2016-10-12 18:12:09',NULL),(294,1,'oranssi',271,0,0,'2016-10-12 18:12:29',NULL),(295,2,'banaanit',271,0,0,'2016-10-12 18:13:10',NULL),(296,3,'omena',271,0,0,'2016-10-12 18:13:41',NULL),(297,4,'persikat',271,0,0,'2016-10-12 18:13:59',NULL),(298,5,'avokado',271,0,0,'2016-10-12 18:14:17',NULL),(299,6,'mustikat',271,0,0,'2016-10-12 18:14:34',NULL),(300,7,'mulperipuu',271,0,0,'2016-10-12 18:15:13',NULL),(301,37,'verkkomeloni',262,0,0,'2016-10-12 18:19:38',NULL),(302,38,'persikat',262,0,0,'2016-10-12 18:20:01',NULL),(303,39,'',262,0,1,'2016-10-12 18:20:13',NULL),(304,40,'',262,0,1,'2016-10-12 18:20:29',NULL),(305,41,'persikat',262,0,0,'2016-10-12 18:20:42',NULL),(306,42,'paarynat',262,0,0,'2016-10-12 18:21:00',NULL),(307,43,'ananas',262,0,0,'2016-10-12 18:21:15',NULL),(308,44,'luumut',262,0,0,'2016-10-12 18:21:37',NULL),(309,45,'persikat',262,0,0,'2016-10-12 18:24:24',NULL),(310,46,'greippi',262,0,0,'2016-10-12 18:24:39',NULL),(311,47,'',262,0,1,'2016-10-12 18:24:46',NULL),(312,48,'mansikat',262,0,0,'2016-10-12 18:25:04',NULL),(313,49,'tommaatti',262,0,0,'2016-10-12 18:25:19',NULL),(314,8,'karhunvatukka',271,0,0,'2016-10-12 19:20:50',NULL),(315,9,'mustikat',271,0,0,'2016-10-12 19:21:11',NULL),(316,10,'vadelma',271,0,0,'2016-10-12 19:21:30',NULL),(317,11,'Shakya',271,0,0,'2016-10-12 19:21:48',NULL),(318,12,'kirsikka',271,0,0,'2016-10-12 19:22:07',NULL),(319,13,'vadelma',271,0,0,'2016-10-12 19:22:45',NULL),(320,14,'kookospähkinä',271,0,0,'2016-10-12 19:23:12',NULL),(321,15,'vadelma',271,0,0,'2016-10-12 19:23:40',NULL),(322,17,'luumut',271,0,0,'2016-10-12 19:24:03',NULL),(323,18,'jujube',271,0,0,'2016-10-12 19:24:21',NULL),(324,19,'pitaya',271,0,0,'2016-10-12 19:24:45',NULL),(325,20,'durian',271,0,0,'2016-10-12 19:25:03',NULL),(326,21,'',271,0,1,'2016-10-12 19:25:16',NULL),(327,22,'',271,0,1,'2016-10-12 19:25:22',NULL),(328,23,'viikunat',271,0,0,'2016-10-12 19:25:49',NULL),(329,24,'wolfberry',271,0,0,'2016-10-12 19:26:15',NULL),(330,25,'',271,0,1,'2016-10-12 19:26:20',NULL),(331,26,'greippi',271,0,0,'2016-10-12 19:26:37',NULL),(332,27,'viinirypäle',271,0,0,'2016-10-12 19:26:53',NULL),(333,28,'guava',271,0,0,'2016-10-12 19:27:16',NULL),(334,29,'',271,0,1,'2016-10-12 19:27:22',NULL),(335,30,'jackfruit',271,0,0,'2016-10-12 19:27:42',NULL),(336,31,'',271,0,1,'2016-10-12 19:27:46',NULL),(337,32,'',271,0,1,'2016-10-12 19:27:49',NULL),(338,33,'sitruuna',271,0,0,'2016-10-12 19:28:08',NULL),(339,34,'kalkki',271,0,0,'2016-10-12 19:28:37',NULL),(340,35,'kalkki',271,0,0,'2016-10-12 19:30:11',NULL),(341,36,'mango',271,0,0,'2016-10-12 19:30:33',NULL),(342,37,'verkkomeloni',271,0,0,'2016-10-12 19:30:57',NULL),(343,38,'persikat',271,0,0,'2016-10-12 19:31:15',NULL),(344,39,'Vihreitä oliiveja',271,0,0,'2016-10-12 19:31:40',NULL),(345,40,'papaija',271,0,0,'2016-10-12 19:31:59',NULL),(346,41,'persikat',271,0,0,'2016-10-12 19:32:29',NULL),(347,42,'päärynä',271,0,0,'2016-10-12 19:32:50',NULL),(348,43,'ananas',271,0,0,'2016-10-12 19:33:07',NULL),(349,44,'mustaherukka',271,0,0,'2016-10-12 19:33:30',NULL),(350,45,'persikat',271,0,0,'2016-10-12 19:33:52',NULL),(351,46,'greippi',271,0,0,'2016-10-12 19:34:16',NULL),(352,47,'',271,0,1,'2016-10-12 19:34:19',NULL),(353,48,'mansikat',271,0,0,'2016-10-12 19:34:38',NULL),(354,49,'tomaatti',271,0,0,'2016-10-12 19:34:56',NULL),(355,26,'greippi',266,0,0,'2016-10-13 12:53:12',NULL),(356,27,'viinirypäle',266,0,0,'2016-10-13 12:53:59',NULL),(357,28,'papaija',266,0,0,'2016-10-13 12:54:27',NULL),(358,29,'luumu',266,0,0,'2016-10-13 12:54:47',NULL),(359,30,'jackfruit',266,0,0,'2016-10-13 12:55:00',NULL),(360,31,'jujube',266,0,0,'2016-10-13 12:55:15',NULL),(361,32,'',266,0,1,'2016-10-13 12:55:24',NULL),(362,33,'sitruuna',266,0,0,'2016-10-13 12:55:37',NULL),(363,34,'kalkki',266,0,0,'2016-10-13 12:55:54',NULL),(364,35,'litsi',266,0,0,'2016-10-13 12:56:09',NULL),(365,36,'mango',266,0,0,'2016-10-13 12:56:29',NULL),(366,37,'verkkomeloni',266,0,0,'2016-10-13 12:56:44',NULL),(367,38,'persikat',266,0,0,'2016-10-13 12:56:59',NULL),(368,39,'oliivit',266,0,0,'2016-10-13 12:57:13',NULL),(369,40,'papaija',266,0,0,'2016-10-13 12:57:25',NULL),(370,41,'persikat',266,0,0,'2016-10-13 12:57:38',NULL),(371,42,'päärynä',266,0,0,'2016-10-13 12:57:57',NULL),(372,43,'ananas',266,0,0,'2016-10-13 12:58:10',NULL),(373,44,'luumu',266,0,0,'2016-10-13 12:58:26',NULL),(374,45,'aprikoosi',266,0,0,'2016-10-13 12:58:41',NULL),(375,46,'greippi',266,0,0,'2016-10-13 12:58:54',NULL),(376,47,'',266,0,1,'2016-10-13 12:58:59',NULL),(377,48,'mansikat',266,0,0,'2016-10-13 12:59:07',NULL),(378,49,'tomaatti',266,0,0,'2016-10-13 12:59:18',NULL),(379,12,'kirsikka',265,0,0,'2016-10-13 14:02:00',NULL),(380,13,'',265,0,1,'2016-10-13 14:02:17',NULL),(381,14,'kookispähkinä',265,0,0,'2016-10-13 14:02:43',NULL),(382,15,'',265,0,1,'2016-10-13 14:03:33',NULL),(383,16,'',265,0,1,'2016-10-13 14:05:05',NULL),(384,17,'',265,0,1,'2016-10-13 14:05:34',NULL),(385,18,'päivämäärät',265,0,0,'2016-10-13 16:01:31',NULL),(386,19,'pitaya',265,0,0,'2016-10-13 16:01:53',NULL),(387,20,'durian',265,0,0,'2016-10-13 16:02:16',NULL),(388,21,'',265,0,1,'2016-10-13 16:02:26',NULL),(389,22,'',265,0,1,'2016-10-13 16:02:36',NULL),(390,23,'',265,0,1,'2016-10-13 16:02:44',NULL),(391,24,'wolfberry',265,0,0,'2016-10-13 16:03:05',NULL),(392,25,'',265,0,1,'2016-10-13 16:03:24',NULL),(393,26,'greippi',265,0,0,'2016-10-13 16:03:44',NULL),(394,27,'rusina',265,0,0,'2016-10-13 16:04:29',NULL),(395,28,'vesimeloni',265,0,0,'2016-10-13 16:05:16',NULL),(396,29,'',265,0,1,'2016-10-13 16:05:22',NULL),(397,30,'jackfruit',265,0,0,'2016-10-13 16:05:41',NULL),(398,31,'',265,0,1,'2016-10-13 16:05:48',NULL),(399,32,'',265,0,1,'2016-10-13 16:06:07',NULL),(400,33,'sitruuna',265,0,0,'2016-10-13 16:06:34',NULL),(401,34,'kalkki',265,0,0,'2016-10-13 16:06:55',NULL),(402,35,'litsi',265,0,0,'2016-10-13 16:07:19',NULL),(403,36,'mango',265,0,0,'2016-10-13 16:07:36',NULL),(404,37,'verkkomeloni',265,0,0,'2016-10-13 16:07:58',NULL),(405,38,'persikat',265,0,0,'2016-10-13 16:08:17',NULL),(406,39,'oliivit',265,0,0,'2016-10-13 16:08:36',NULL),(407,40,'papaija',265,0,0,'2016-10-13 16:08:50',NULL),(408,41,'persikat',265,0,0,'2016-10-13 16:09:08',NULL),(409,42,'päärynät',265,0,0,'2016-10-13 16:09:39',NULL),(410,43,'ananas',265,0,0,'2016-10-13 16:09:54',NULL),(411,44,'brin',265,0,0,'2016-10-13 16:10:10',NULL),(412,45,'persikat',265,0,0,'2016-10-13 16:10:30',NULL),(413,46,'greippi',265,0,0,'2016-10-13 16:10:47',NULL),(414,47,'',265,0,1,'2016-10-13 16:11:00',NULL),(415,48,'mansikat',265,0,0,'2016-10-13 16:11:15',NULL),(416,49,'tomaatti',265,0,0,'2016-10-13 16:11:32',NULL);
/*!40000 ALTER TABLE `aw_image_identification_deliverables` ENABLE KEYS */;
UNLOCK TABLES;

--
-- Table structure for table `aw_image_identification_resources`
--

DROP TABLE IF EXISTS `aw_image_identification_resources`;
/*!40101 SET @saved_cs_client     = @@character_set_client */;
/*!40101 SET character_set_client = utf8 */;
CREATE TABLE `aw_image_identification_resources` (
  `resource_id` int(11) unsigned NOT NULL AUTO_INCREMENT,
  `image_url` text NOT NULL,
  `ground_truth` varchar(50) NOT NULL,
  `created_at` datetime DEFAULT NULL,
  `updated_at` timestamp NULL DEFAULT CURRENT_TIMESTAMP,
  PRIMARY KEY (`resource_id`),
  KEY `FK_IDENTIFIER_IDENTIFIER_ID` (`ground_truth`)
) ENGINE=InnoDB AUTO_INCREMENT=50 DEFAULT CHARSET=latin1 COMMENT='This table contains the Image resources for task3';
/*!40101 SET character_set_client = @saved_cs_client */;

--
-- Dumping data for table `aw_image_identification_resources`
--

LOCK TABLES `aw_image_identification_resources` WRITE;
/*!40000 ALTER TABLE `aw_image_identification_resources` DISABLE KEYS */;
INSERT INTO `aw_image_identification_resources` VALUES (1,'images/objects/orange.jpg','orange','2016-09-01 20:11:55','2015-09-19 00:01:07'),(2,'images/objects/banana.jpg','banana','2016-09-01 20:11:56','2015-09-19 00:04:05'),(3,'images/objects/apple.jpg','apple','2016-09-10 08:22:17','2016-09-10 08:22:17'),(4,'images/objects/apricot.jpg','apricot','2016-09-10 08:22:17','2016-09-10 08:22:17'),(5,'images/objects/avocado.jpg','avocado','2016-09-10 08:22:17','2016-09-10 08:22:17'),(6,'images/objects/bilberry.jpg','bilberry','2016-09-10 08:22:17','2016-09-10 08:22:17'),(7,'images/objects/blackberry.png','blackberry','2016-09-10 08:22:17','2016-09-10 08:22:17'),(8,'images/objects/blackcurrant.jpg','blackcurrant','2016-09-10 08:22:17','2016-09-10 08:22:17'),(9,'images/objects/blueberry.jpg','blueberry','2016-09-10 08:22:17','2016-09-10 08:22:17'),(10,'images/objects/boysenberry.jpg','boysenberry','2016-09-10 08:22:17','2016-09-10 08:22:17'),(11,'images/objects/cherimoya.jpg','cherimoya','2016-09-10 08:22:17','2016-09-10 08:22:17'),(12,'images/objects/cherry.png','cherry','2016-09-10 08:22:17','2016-09-10 08:22:17'),(13,'images/objects/cloudberry.jpg','cloudberry','2016-09-10 08:22:17','2016-09-10 08:22:17'),(14,'images/objects/coconut.jpg','coconut','2016-09-10 08:22:17','2016-09-10 08:22:17'),(15,'images/objects/cranberries.jpg','cranberries','2016-09-10 08:22:17','2016-09-10 08:22:17'),(16,'images/objects/currants.jpg','currants','2016-09-10 08:22:17','2016-09-10 08:22:17'),(17,'images/objects/damson.jpg','damson','2016-09-10 08:22:17','2016-09-10 08:22:17'),(18,'images/objects/dates.jpg','dates','2016-09-10 08:22:17','2016-09-10 08:22:17'),(19,'images/objects/dragon-fruit.jpg','dragon-fruit','2016-09-10 08:22:17','2016-09-10 08:22:17'),(20,'images/objects/durian.png','durian','2016-09-10 08:22:17','2016-09-10 08:22:17'),(21,'images/objects/elderberries.jpg','elderberries','2016-09-10 08:22:17','2016-09-10 08:22:17'),(22,'images/objects/feijoa.jpg','feijoa','2016-09-10 08:22:17','2016-09-10 08:22:17'),(23,'images/objects/fig.jpg','fig','2016-09-10 08:22:17','2016-09-10 08:22:17'),(24,'images/objects/goji-berry.jpg','goji-berry','2016-09-10 08:22:17','2016-09-10 08:22:17'),(25,'images/objects/gooseberry.jpg','gooseberry','2016-09-10 08:22:17','2016-09-10 08:22:17'),(26,'images/objects/grapefruit.jpg','grapefruit','2016-09-10 08:22:17','2016-09-10 08:22:17'),(27,'images/objects/grapes.jpg','grapes','2016-09-10 08:22:17','2016-09-10 08:22:17'),(28,'images/objects/guava.png','guava','2016-09-10 08:22:17','2016-09-10 08:22:17'),(29,'images/objects/jabuticaba.png','jabuticaba','2016-09-10 08:22:17','2016-09-10 08:22:17'),(30,'images/objects/jackfruit.jpg','jackfruit','2016-09-10 08:22:17','2016-09-10 08:22:17'),(31,'images/objects/jambul.jpg','jambul','2016-09-10 08:22:17','2016-09-10 08:22:17'),(32,'images/objects/kiwi.jpg','kiwi','2016-09-10 08:22:17','2016-09-10 08:22:17'),(33,'images/objects/lemon.jpg','lemon','2016-09-10 08:22:17','2016-09-10 08:22:17'),(34,'images/objects/lime.jpg','lime','2016-09-10 08:22:17','2016-09-10 08:22:17'),(35,'images/objects/lychee.jpg','lychee','2016-09-10 08:22:17','2016-09-10 08:22:17'),(36,'images/objects/mango.jpg','mango','2016-09-10 08:22:17','2016-09-10 08:22:17'),(37,'images/objects/melon.jpg','melon','2016-09-10 08:22:17','2016-09-10 08:22:17'),(38,'images/objects/nectarines.jpg','nectarines','2016-09-10 08:22:17','2016-09-10 08:22:17'),(39,'images/objects/olive.jpg','olive','2016-09-10 08:22:17','2016-09-10 08:22:17'),(40,'images/objects/papaya.jpg','papaya','2016-09-10 08:22:17','2016-09-10 08:22:17'),(41,'images/objects/peach.jpg','peach','2016-09-10 08:22:17','2016-09-10 08:22:17'),(42,'images/objects/pear.jpg','pear','2016-09-10 08:22:17','2016-09-10 08:22:17'),(43,'images/objects/pineapple.jpg','pineapple','2016-09-10 08:22:17','2016-09-10 08:22:17'),(44,'images/objects/plum.jpg','plum','2016-09-10 08:22:17','2016-09-10 08:22:17'),(45,'images/objects/plumcot.jpg','plumcot','2016-09-10 08:22:17','2016-09-10 08:22:17'),(46,'images/objects/pomelo.jpg','pomelo','2016-09-10 08:22:17','2016-09-10 08:22:17'),(47,'images/objects/raspberry.jpg','raspberry','2016-09-10 08:22:17','2016-09-10 08:22:17'),(48,'images/objects/strawberry.jpg','strawberry','2016-09-10 08:22:17','2016-09-10 08:22:17'),(49,'images/objects/tomato.jpg','tomato','2016-09-10 08:22:17','2016-09-10 08:22:17');
/*!40000 ALTER TABLE `aw_image_identification_resources` ENABLE KEYS */;
UNLOCK TABLES;

--
-- Table structure for table `aw_sentiment_deliverables`
--

DROP TABLE IF EXISTS `aw_sentiment_deliverables`;
/*!40101 SET @saved_cs_client     = @@character_set_client */;
/*!40101 SET character_set_client = utf8 */;
CREATE TABLE `aw_sentiment_deliverables` (
  `deliverable_id` int(255) unsigned NOT NULL AUTO_INCREMENT,
  `resource_id` int(50) unsigned NOT NULL DEFAULT '0',
  `fk_user_id` int(50) unsigned NOT NULL DEFAULT '0',
  `answer` int(1) unsigned DEFAULT '0' COMMENT '1=negative, 2=neutral, 3=positive',
  `time_taken` int(50) unsigned NOT NULL DEFAULT '0',
  `skipped` int(1) unsigned NOT NULL DEFAULT '0',
  `is_correct` int(1) unsigned DEFAULT NULL,
  `created` datetime DEFAULT NULL,
  `updated` datetime DEFAULT NULL,
  PRIMARY KEY (`deliverable_id`),
  KEY `FK_SENTIMENT_RESOURCE_DELIVERABLE` (`resource_id`),
  KEY `FK_SENTIMENT_USER` (`fk_user_id`),
  CONSTRAINT `FK_SENTIMENT_RESOURCE_DELIVERABLE` FOREIGN KEY (`resource_id`) REFERENCES `aw_sentiment_resources` (`resource_id`),
  CONSTRAINT `FK_SENTIMENT_USER` FOREIGN KEY (`fk_user_id`) REFERENCES `users` (`id`)
) ENGINE=InnoDB AUTO_INCREMENT=257 DEFAULT CHARSET=latin1 COMMENT='This table contains the answer deliverables for sentiment analysis task.';
/*!40101 SET character_set_client = @saved_cs_client */;

--
-- Dumping data for table `aw_sentiment_deliverables`
--

LOCK TABLES `aw_sentiment_deliverables` WRITE;
/*!40000 ALTER TABLE `aw_sentiment_deliverables` DISABLE KEYS */;
INSERT INTO `aw_sentiment_deliverables` VALUES (1,21,18,1,7,0,0,'2016-10-06 08:51:05',NULL),(2,1,18,3,74,0,0,'2016-10-06 08:52:21',NULL),(3,2,18,1,6,0,1,'2016-10-06 08:56:38',NULL),(4,3,18,1,0,0,0,'2016-10-06 09:13:11',NULL),(5,4,18,1,0,0,1,'2016-10-06 09:31:57',NULL),(6,28,257,3,0,0,0,'2016-10-07 08:14:47',NULL),(7,1,257,3,0,0,0,'2016-10-07 08:14:56',NULL),(8,2,257,3,0,0,0,'2016-10-07 08:15:04',NULL),(9,3,257,2,0,0,0,'2016-10-07 08:15:25',NULL),(10,4,257,3,0,0,0,'2016-10-07 08:15:33',NULL),(11,5,257,1,0,0,0,'2016-10-07 08:15:42',NULL),(12,6,257,1,0,0,0,'2016-10-07 08:15:59',NULL),(13,7,257,1,0,0,0,'2016-10-07 08:16:08',NULL),(14,8,257,3,0,0,0,'2016-10-07 08:16:15',NULL),(15,9,257,1,0,0,0,'2016-10-07 08:16:26',NULL),(16,10,257,3,0,0,0,'2016-10-07 08:16:38',NULL),(17,11,257,3,0,0,0,'2016-10-07 08:16:48',NULL),(18,12,257,1,0,0,0,'2016-10-07 08:17:00',NULL),(19,13,257,1,0,0,0,'2016-10-07 08:18:07',NULL),(20,14,257,1,0,0,0,'2016-10-07 08:18:19',NULL),(21,15,257,1,0,0,1,'2016-10-07 08:18:27',NULL),(22,16,257,1,0,0,1,'2016-10-07 08:18:42',NULL),(23,17,257,3,0,0,1,'2016-10-07 08:18:51',NULL),(24,18,257,3,0,0,1,'2016-10-07 08:19:09',NULL),(25,19,257,2,0,0,0,'2016-10-07 08:19:36',NULL),(26,20,257,3,0,0,1,'2016-10-07 08:19:45',NULL),(27,21,257,3,0,0,1,'2016-10-07 08:19:54',NULL),(28,10,258,0,0,1,0,'2016-10-07 18:06:39',NULL),(29,1,258,0,0,1,0,'2016-10-07 18:06:47',NULL),(30,2,258,0,0,1,0,'2016-10-07 18:06:53',NULL),(31,3,258,0,0,1,0,'2016-10-07 18:07:07',NULL),(32,4,258,0,0,1,0,'2016-10-07 18:07:12',NULL),(33,5,258,3,0,0,0,'2016-10-07 18:07:53',NULL),(34,6,258,1,0,0,0,'2016-10-07 18:08:24',NULL),(35,7,258,2,0,0,0,'2016-10-07 18:08:37',NULL),(36,8,258,2,0,0,1,'2016-10-07 18:08:49',NULL),(37,9,258,1,0,0,0,'2016-10-07 18:09:04',NULL),(38,5,259,3,0,0,0,'2016-10-07 18:09:12',NULL),(39,11,258,2,0,0,1,'2016-10-07 18:09:14',NULL),(40,1,259,3,0,0,0,'2016-10-07 18:09:20',NULL),(41,2,259,3,0,0,0,'2016-10-07 18:09:25',NULL),(42,12,258,2,0,0,0,'2016-10-07 18:09:32',NULL),(43,3,259,3,0,0,1,'2016-10-07 18:09:36',NULL),(44,4,259,2,0,0,0,'2016-10-07 18:09:42',NULL),(45,13,258,2,0,0,0,'2016-10-07 18:09:45',NULL),(46,6,259,1,0,0,0,'2016-10-07 18:09:50',NULL),(47,14,258,1,0,0,0,'2016-10-07 18:09:55',NULL),(48,7,259,1,0,0,0,'2016-10-07 18:09:56',NULL),(49,8,259,3,0,0,0,'2016-10-07 18:10:05',NULL),(50,15,258,2,0,0,0,'2016-10-07 18:10:10',NULL),(51,9,259,3,0,0,1,'2016-10-07 18:10:31',NULL),(52,16,258,1,0,0,1,'2016-10-07 18:10:36',NULL),(53,10,259,3,0,0,0,'2016-10-07 18:10:37',NULL),(54,11,259,3,0,0,0,'2016-10-07 18:10:44',NULL),(55,17,258,2,0,0,0,'2016-10-07 18:10:46',NULL),(56,18,258,3,0,0,1,'2016-10-07 18:10:50',NULL),(57,12,259,3,0,0,1,'2016-10-07 18:10:50',NULL),(58,13,259,1,0,0,0,'2016-10-07 18:10:54',NULL),(59,14,259,1,0,0,0,'2016-10-07 18:10:57',NULL),(60,19,258,3,0,0,1,'2016-10-07 18:10:57',NULL),(61,15,259,2,0,0,0,'2016-10-07 18:10:59',NULL),(62,16,259,3,0,0,0,'2016-10-07 18:11:01',NULL),(63,17,259,1,0,0,0,'2016-10-07 18:11:03',NULL),(64,20,258,3,0,0,1,'2016-10-07 18:11:03',NULL),(65,18,259,3,0,0,1,'2016-10-07 18:11:06',NULL),(66,19,259,3,0,0,1,'2016-10-07 18:11:08',NULL),(67,20,259,3,0,0,1,'2016-10-07 18:11:12',NULL),(68,21,259,3,0,0,1,'2016-10-07 18:11:18',NULL),(69,22,259,3,0,0,1,'2016-10-07 18:11:24',NULL),(70,23,259,1,0,0,1,'2016-10-07 18:11:34',NULL),(71,24,259,3,0,0,0,'2016-10-07 18:11:40',NULL),(72,25,259,1,0,0,1,'2016-10-07 18:11:45',NULL),(73,26,259,3,0,0,0,'2016-10-07 18:11:49',NULL),(74,27,259,1,0,0,1,'2016-10-07 18:12:05',NULL),(75,28,259,2,0,0,1,'2016-10-07 18:12:09',NULL),(76,29,259,1,0,0,0,'2016-10-07 18:12:11',NULL),(77,30,259,3,0,0,0,'2016-10-07 18:12:17',NULL),(78,31,259,3,0,0,0,'2016-10-07 18:12:20',NULL),(79,11,261,2,0,0,1,'2016-10-12 14:33:49',NULL),(80,1,261,3,0,0,0,'2016-10-12 14:33:55',NULL),(81,2,261,2,0,0,0,'2016-10-12 14:34:00',NULL),(82,3,261,1,0,0,0,'2016-10-12 14:34:07',NULL),(83,4,261,3,0,0,0,'2016-10-12 14:34:12',NULL),(84,5,261,2,0,0,1,'2016-10-12 14:34:16',NULL),(85,6,261,1,0,0,0,'2016-10-12 14:34:22',NULL),(86,16,263,1,0,0,1,'2016-10-12 14:36:24',NULL),(87,1,263,3,0,0,0,'2016-10-12 14:36:28',NULL),(88,2,263,3,0,0,0,'2016-10-12 14:36:35',NULL),(89,3,263,1,0,0,0,'2016-10-12 14:36:41',NULL),(90,4,263,3,0,0,0,'2016-10-12 14:37:23',NULL),(91,5,263,3,0,0,0,'2016-10-12 14:37:30',NULL),(92,6,263,1,0,0,0,'2016-10-12 14:37:34',NULL),(93,7,263,1,0,0,0,'2016-10-12 14:37:39',NULL),(94,8,263,2,0,0,1,'2016-10-12 14:37:46',NULL),(95,9,263,2,0,0,0,'2016-10-12 14:38:17',NULL),(96,10,263,3,0,0,0,'2016-10-12 14:38:26',NULL),(97,11,263,2,0,0,1,'2016-10-12 14:38:30',NULL),(98,12,263,1,0,0,0,'2016-10-12 14:44:02',NULL),(99,13,263,2,0,0,0,'2016-10-12 14:44:15',NULL),(100,14,263,3,0,0,1,'2016-10-12 14:44:28',NULL),(101,15,263,1,0,0,1,'2016-10-12 14:44:49',NULL),(102,17,263,3,0,0,1,'2016-10-12 14:45:03',NULL),(103,18,263,3,0,0,1,'2016-10-12 14:45:14',NULL),(104,19,263,3,0,0,1,'2016-10-12 14:45:20',NULL),(105,20,263,3,0,0,1,'2016-10-12 14:45:24',NULL),(106,21,263,3,0,0,1,'2016-10-12 14:45:28',NULL),(107,22,263,3,0,0,1,'2016-10-12 14:45:32',NULL),(108,23,263,3,0,0,0,'2016-10-12 14:45:37',NULL),(109,24,263,3,0,0,0,'2016-10-12 14:45:41',NULL),(110,25,263,1,0,0,1,'2016-10-12 14:45:48',NULL),(111,26,263,2,0,0,0,'2016-10-12 14:45:55',NULL),(112,27,263,1,0,0,1,'2016-10-12 14:45:59',NULL),(113,28,263,2,0,0,1,'2016-10-12 14:46:06',NULL),(114,29,263,3,0,0,0,'2016-10-12 14:46:12',NULL),(115,30,263,2,0,0,1,'2016-10-12 14:46:20',NULL),(116,31,263,3,0,0,0,'2016-10-12 14:48:18',NULL),(117,5,264,1,0,0,0,'2016-10-12 14:49:43',NULL),(118,1,264,2,0,0,0,'2016-10-12 14:49:48',NULL),(119,2,264,2,0,0,0,'2016-10-12 14:50:25',NULL),(120,3,264,2,0,0,0,'2016-10-12 14:50:38',NULL),(121,4,264,2,0,0,0,'2016-10-12 14:50:43',NULL),(122,10,262,3,0,0,0,'2016-10-12 14:50:54',NULL),(123,6,264,1,0,0,0,'2016-10-12 14:50:57',NULL),(124,1,262,3,0,0,0,'2016-10-12 14:51:00',NULL),(125,7,264,3,0,0,1,'2016-10-12 14:51:04',NULL),(126,2,262,3,0,0,0,'2016-10-12 14:51:05',NULL),(127,3,262,1,0,0,0,'2016-10-12 14:51:11',NULL),(128,8,264,3,0,0,0,'2016-10-12 14:51:12',NULL),(129,4,262,2,0,0,0,'2016-10-12 14:51:16',NULL),(130,5,262,2,0,0,1,'2016-10-12 14:51:29',NULL),(131,6,262,1,0,0,0,'2016-10-12 14:51:40',NULL),(132,7,262,1,0,0,0,'2016-10-12 14:51:46',NULL),(133,8,262,2,0,0,1,'2016-10-12 14:51:51',NULL),(134,9,264,2,0,0,0,'2016-10-12 14:51:52',NULL),(135,10,264,2,0,0,0,'2016-10-12 14:52:03',NULL),(136,14,266,1,0,0,0,'2016-10-12 14:52:07',NULL),(137,9,262,2,0,0,0,'2016-10-12 14:52:17',NULL),(138,1,266,3,0,0,0,'2016-10-12 14:52:20',NULL),(139,11,262,2,0,0,1,'2016-10-12 14:52:21',NULL),(140,12,262,0,0,1,0,'2016-10-12 14:52:27',NULL),(141,2,266,3,0,0,0,'2016-10-12 14:52:29',NULL),(142,3,266,1,0,0,0,'2016-10-12 14:52:34',NULL),(143,13,262,2,0,0,0,'2016-10-12 14:52:34',NULL),(144,4,266,2,0,0,0,'2016-10-12 14:52:41',NULL),(145,5,266,3,0,0,0,'2016-10-12 14:52:46',NULL),(146,14,262,1,0,0,0,'2016-10-12 14:52:55',NULL),(147,6,266,1,0,0,0,'2016-10-12 14:53:00',NULL),(148,15,262,2,0,0,0,'2016-10-12 14:53:06',NULL),(149,7,266,1,0,0,0,'2016-10-12 14:53:12',NULL),(150,16,262,1,0,0,1,'2016-10-12 14:53:18',NULL),(151,8,266,2,0,0,1,'2016-10-12 14:53:20',NULL),(152,17,262,3,0,0,1,'2016-10-12 14:53:30',NULL),(153,18,262,3,0,0,1,'2016-10-12 14:53:33',NULL),(154,19,262,0,0,1,0,'2016-10-12 14:53:37',NULL),(155,31,265,3,0,0,0,'2016-10-12 14:53:39',NULL),(156,9,266,1,0,0,0,'2016-10-12 14:53:40',NULL),(157,20,262,3,0,0,1,'2016-10-12 14:53:41',NULL),(158,1,265,3,0,0,0,'2016-10-12 14:53:46',NULL),(159,10,266,3,0,0,0,'2016-10-12 14:53:49',NULL),(160,21,262,3,0,0,1,'2016-10-12 14:53:49',NULL),(161,11,266,2,0,0,1,'2016-10-12 14:53:59',NULL),(162,2,265,3,0,0,0,'2016-10-12 14:54:00',NULL),(163,22,262,2,0,0,0,'2016-10-12 14:54:04',NULL),(164,12,266,1,0,0,0,'2016-10-12 14:54:04',NULL),(165,3,265,1,0,0,0,'2016-10-12 14:54:06',NULL),(166,4,265,3,0,0,0,'2016-10-12 14:54:11',NULL),(167,13,266,1,0,0,0,'2016-10-12 14:54:14',NULL),(168,5,265,2,0,0,1,'2016-10-12 14:54:16',NULL),(169,15,266,3,0,0,0,'2016-10-12 14:54:21',NULL),(170,23,262,1,0,0,1,'2016-10-12 14:54:21',NULL),(171,6,265,1,0,0,0,'2016-10-12 14:54:22',NULL),(172,24,262,3,0,0,0,'2016-10-12 14:54:27',NULL),(173,7,265,1,0,0,0,'2016-10-12 14:54:34',NULL),(174,25,262,1,0,0,1,'2016-10-12 14:54:38',NULL),(175,8,265,2,0,0,1,'2016-10-12 14:54:40',NULL),(176,16,266,0,0,1,0,'2016-10-12 14:54:41',NULL),(177,26,262,2,0,0,0,'2016-10-12 14:54:52',NULL),(178,17,266,3,0,0,1,'2016-10-12 14:55:06',NULL),(179,27,262,1,0,0,1,'2016-10-12 14:55:06',NULL),(180,18,266,3,0,0,1,'2016-10-12 14:55:12',NULL),(181,9,265,3,0,0,1,'2016-10-12 14:55:15',NULL),(182,28,262,3,0,0,0,'2016-10-12 14:55:25',NULL),(183,10,265,1,0,0,1,'2016-10-12 14:55:26',NULL),(184,11,265,2,0,0,1,'2016-10-12 14:55:31',NULL),(185,29,262,1,0,0,0,'2016-10-12 14:55:33',NULL),(186,12,265,1,0,0,0,'2016-10-12 14:55:36',NULL),(187,30,262,2,0,0,1,'2016-10-12 14:55:44',NULL),(188,13,265,1,0,0,0,'2016-10-12 14:55:46',NULL),(189,14,265,3,0,0,1,'2016-10-12 14:55:55',NULL),(190,15,265,1,0,0,1,'2016-10-12 14:56:01',NULL),(191,16,265,1,0,0,1,'2016-10-12 14:56:09',NULL),(192,31,262,3,0,0,0,'2016-10-12 14:56:15',NULL),(193,17,265,3,0,0,1,'2016-10-12 14:56:17',NULL),(194,18,265,3,0,0,1,'2016-10-12 14:56:23',NULL),(195,19,265,2,0,0,0,'2016-10-12 14:56:30',NULL),(196,20,265,3,0,0,1,'2016-10-12 14:56:36',NULL),(197,21,265,3,0,0,1,'2016-10-12 14:56:43',NULL),(198,22,265,3,0,0,1,'2016-10-12 14:56:49',NULL),(199,23,265,1,0,0,1,'2016-10-12 14:56:58',NULL),(200,24,265,2,0,0,0,'2016-10-12 14:57:10',NULL),(201,25,265,1,0,0,1,'2016-10-12 14:58:03',NULL),(202,26,265,1,0,0,1,'2016-10-12 14:58:10',NULL),(203,27,265,1,0,0,1,'2016-10-12 14:59:23',NULL),(204,28,265,2,0,0,1,'2016-10-12 14:59:31',NULL),(205,29,265,3,0,0,0,'2016-10-12 14:59:40',NULL),(206,30,265,2,0,0,1,'2016-10-12 15:00:01',NULL),(207,11,269,3,0,0,0,'2016-10-12 16:59:25',NULL),(208,1,269,3,0,0,0,'2016-10-12 16:59:33',NULL),(209,2,269,3,0,0,0,'2016-10-12 16:59:40',NULL),(210,3,269,1,0,0,0,'2016-10-12 16:59:47',NULL),(211,4,269,3,0,0,0,'2016-10-12 17:00:09',NULL),(212,5,269,3,0,0,0,'2016-10-12 17:00:18',NULL),(213,29,271,1,0,0,0,'2016-10-12 18:18:11',NULL),(214,1,271,3,0,0,0,'2016-10-12 18:18:16',NULL),(215,2,271,2,0,0,0,'2016-10-12 18:18:23',NULL),(216,3,271,1,0,0,0,'2016-10-12 18:18:29',NULL),(217,4,271,3,0,0,0,'2016-10-12 18:18:37',NULL),(218,5,271,3,0,0,0,'2016-10-12 18:18:41',NULL),(219,6,271,1,0,0,0,'2016-10-12 18:18:48',NULL),(220,7,271,1,0,0,0,'2016-10-12 18:18:53',NULL),(221,8,271,2,0,0,1,'2016-10-12 18:18:57',NULL),(222,9,271,1,0,0,0,'2016-10-12 18:19:08',NULL),(223,10,271,3,0,0,0,'2016-10-12 18:19:22',NULL),(224,11,271,2,0,0,1,'2016-10-12 18:19:30',NULL),(225,12,271,2,0,0,0,'2016-10-12 18:19:37',NULL),(226,13,271,1,0,0,0,'2016-10-12 18:19:45',NULL),(227,14,271,1,0,0,0,'2016-10-12 18:19:58',NULL),(228,15,271,1,0,0,1,'2016-10-12 18:20:04',NULL),(229,16,271,1,0,0,1,'2016-10-12 18:20:13',NULL),(230,17,271,3,0,0,1,'2016-10-12 18:20:44',NULL),(231,18,271,3,0,0,1,'2016-10-12 18:20:49',NULL),(232,19,271,3,0,0,1,'2016-10-12 18:20:55',NULL),(233,20,271,3,0,0,1,'2016-10-12 18:20:59',NULL),(234,21,271,3,0,0,1,'2016-10-12 18:21:06',NULL),(235,22,271,3,0,0,1,'2016-10-12 18:21:12',NULL),(236,23,271,2,0,0,0,'2016-10-12 18:21:23',NULL),(237,24,271,3,0,0,0,'2016-10-12 18:21:49',NULL),(238,25,271,1,0,0,1,'2016-10-12 18:22:01',NULL),(239,26,271,2,0,0,0,'2016-10-12 18:22:07',NULL),(240,27,271,1,0,0,1,'2016-10-12 18:22:12',NULL),(241,28,271,1,0,0,0,'2016-10-12 18:22:19',NULL),(242,30,271,3,0,0,0,'2016-10-12 18:22:29',NULL),(243,31,271,3,0,0,0,'2016-10-12 18:22:36',NULL),(244,19,266,3,0,0,1,'2016-10-13 12:59:56',NULL),(245,20,266,3,0,0,1,'2016-10-13 13:00:01',NULL),(246,21,266,2,0,0,0,'2016-10-13 13:00:13',NULL),(247,22,266,3,0,0,1,'2016-10-13 13:00:21',NULL),(248,23,266,1,0,0,1,'2016-10-13 13:00:27',NULL),(249,24,266,2,0,0,0,'2016-10-13 13:00:36',NULL),(250,25,266,1,0,0,1,'2016-10-13 13:00:43',NULL),(251,26,266,2,0,0,0,'2016-10-13 13:00:52',NULL),(252,27,266,1,0,0,1,'2016-10-13 13:00:58',NULL),(253,28,266,2,0,0,1,'2016-10-13 13:01:10',NULL),(254,29,266,1,0,0,0,'2016-10-13 13:01:22',NULL),(255,30,266,1,0,0,0,'2016-10-13 13:01:32',NULL),(256,31,266,3,0,0,0,'2016-10-13 13:01:40',NULL);
/*!40000 ALTER TABLE `aw_sentiment_deliverables` ENABLE KEYS */;
UNLOCK TABLES;

--
-- Table structure for table `aw_sentiment_resources`
--

DROP TABLE IF EXISTS `aw_sentiment_resources`;
/*!40101 SET @saved_cs_client     = @@character_set_client */;
/*!40101 SET character_set_client = utf8 */;
CREATE TABLE `aw_sentiment_resources` (
  `resource_id` int(255) unsigned NOT NULL AUTO_INCREMENT,
  `sentence` text NOT NULL,
  `ground_truth` int(1) NOT NULL DEFAULT '0',
  `created` datetime DEFAULT '0000-00-00 00:00:00',
  `updated` datetime DEFAULT '0000-00-00 00:00:00',
  PRIMARY KEY (`resource_id`)
) ENGINE=InnoDB AUTO_INCREMENT=32 DEFAULT CHARSET=latin1 COMMENT='This table contains the sentences and the ground truths of the sentiment analysis tasks.';
/*!40101 SET character_set_client = @saved_cs_client */;

--
-- Dumping data for table `aw_sentiment_resources`
--

LOCK TABLES `aw_sentiment_resources` WRITE;
/*!40000 ALTER TABLE `aw_sentiment_resources` DISABLE KEYS */;
INSERT INTO `aw_sentiment_resources` VALUES (1,'The weather is great today!',1,'2016-07-04 14:00:44','2016-07-04 14:00:44'),(2,'The lecture was very informative.',1,'2016-07-04 14:00:44','2016-07-04 14:00:44'),(3,'My friends think the price is too expensive.',3,'2016-07-04 14:00:44','2016-07-04 14:00:44'),(4,'I am loving it so far.',1,'2016-07-04 14:00:44','2016-07-04 14:00:44'),(5,'I have just finished my work.',2,'2016-07-04 14:00:44','2016-07-04 14:00:44'),(6,'He has been useless to the team so far.',3,'2016-07-04 14:00:44','2016-07-04 14:00:44'),(7,'I hate it when she acts like that.',3,'2016-07-04 14:00:44','2016-07-04 14:00:44'),(8,'The keys are on the table.',2,'2016-07-04 14:00:44','2016-07-04 14:00:44'),(9,'My internet provider does a great job when it comes to stealing money from me',3,'2016-07-04 14:00:44','2016-07-04 14:00:44'),(10,'The only downside of this restaurant is that it charges me too little for its service.',1,'2016-07-04 14:00:44','2016-07-04 14:00:44'),(11,'Can you recommend a good tool I could use?',2,'2016-07-04 14:00:44','2016-07-04 14:00:44'),(12,'This browser uses a lot of memory',3,'2016-07-04 14:00:44','2016-07-04 14:00:44'),(13,'Absolutely adore it when my bus is late.',3,'2016-07-04 14:00:44','2016-07-04 14:00:44'),(14,'I am so pleased road construction woke me up with a bang.',3,'2016-07-04 14:00:44','2016-07-04 14:00:44'),(15,'The new album is so sick.',1,'2016-07-04 14:00:44','2016-07-04 14:00:44'),(16,'That was such a wicked performance by him on the field.',1,'2016-07-04 14:00:44','2016-07-04 14:00:44'),(17,'I am responsible for me, my acting and my life!',3,'2016-09-01 20:08:14','2016-09-01 20:08:14'),(18,'I am happy and thankful for every day of my life!',3,'2016-09-01 20:08:14','2016-09-01 20:08:14'),(19,'Every defeat has got two winnings!',3,'2016-09-01 20:08:14','2016-09-01 20:08:14'),(20,'I like me and I am loved!',3,'2016-09-01 20:08:14','2016-09-01 20:08:14'),(21,'Thanks my parents, they did all that was possible.',3,'2016-09-01 20:08:14','2016-09-01 20:08:14'),(22,'I enjoy the dancing of life with all my heart!',3,'2016-09-01 20:08:14','2016-09-01 20:08:14'),(23,'It is not possible in this short span of time',1,'2016-09-01 20:09:54','2016-09-01 20:09:54'),(24,'I will try my best to complete this task by today',1,'2016-09-01 20:09:54','2016-09-01 20:09:54'),(25,'This is not my problem as it is not my job',1,'2016-09-01 20:09:54','2016-09-01 20:09:54'),(26,'This is all what I can do for now',1,'2016-09-01 20:09:54','2016-09-01 20:09:54'),(27,'I hate this company for that unfair they are doing to me',1,'2016-09-01 20:09:54','2016-09-01 20:09:54'),(28,'Well, I thought this would be a lot more challenging',2,'2016-09-01 20:11:21','2016-09-01 20:11:21'),(29,'Oh, no, of course, not. Everything was very clear',2,'2016-09-01 20:11:21','2016-09-01 20:11:21'),(30,'How about we just take a minute to talk about the price a little bit more?',2,'2016-09-01 20:11:21','2016-09-01 20:11:21'),(31,'I am impressed how easily we could find a common language with you, guys.',2,'2016-09-01 20:11:21','2016-09-01 20:11:21');
/*!40000 ALTER TABLE `aw_sentiment_resources` ENABLE KEYS */;
UNLOCK TABLES;

--
-- Table structure for table `aw_visual_deliverables`
--

DROP TABLE IF EXISTS `aw_visual_deliverables`;
/*!40101 SET @saved_cs_client     = @@character_set_client */;
/*!40101 SET character_set_client = utf8 */;
CREATE TABLE `aw_visual_deliverables` (
  `deliverable_id` int(11) unsigned NOT NULL AUTO_INCREMENT,
  `resource_id` int(11) unsigned NOT NULL DEFAULT '0',
  `fk_user_id` int(11) unsigned NOT NULL DEFAULT '0',
  `answer` varchar(5) DEFAULT '0',
  `time_taken` int(11) unsigned NOT NULL DEFAULT '0',
  `skipped` int(1) unsigned NOT NULL DEFAULT '0',
  `is_correct` int(1) unsigned DEFAULT '0',
  `created` datetime DEFAULT NULL,
  `updated` datetime DEFAULT NULL,
  PRIMARY KEY (`deliverable_id`),
  KEY `FK_VISUAL_RESOURCE` (`resource_id`),
  KEY `FK_VISUAL_USERS` (`fk_user_id`),
  CONSTRAINT `FK_VISUAL_RESOURCE` FOREIGN KEY (`resource_id`) REFERENCES `aw_visual_resources` (`resource_id`),
  CONSTRAINT `FK_VISUAL_USERS` FOREIGN KEY (`fk_user_id`) REFERENCES `users` (`id`)
) ENGINE=InnoDB AUTO_INCREMENT=300 DEFAULT CHARSET=latin1 COMMENT='This task contains the deliverables for the visual task (anywhere)';
/*!40101 SET character_set_client = @saved_cs_client */;

--
-- Dumping data for table `aw_visual_deliverables`
--

LOCK TABLES `aw_visual_deliverables` WRITE;
/*!40000 ALTER TABLE `aw_visual_deliverables` DISABLE KEYS */;
INSERT INTO `aw_visual_deliverables` VALUES (9,25,18,'',5,1,0,'2016-08-11 21:50:21',NULL),(10,7,18,'1',22,0,0,'2016-08-11 21:50:55',NULL),(11,1,18,'1',6,0,0,'2016-08-18 18:34:05',NULL),(12,2,18,'',0,1,0,'2016-08-21 00:54:09',NULL),(13,3,18,'1',9,0,0,'2016-08-21 00:54:27',NULL),(14,5,241,'1',53,0,0,'2016-08-22 16:19:34',NULL),(15,4,18,'',4,1,0,'2016-08-23 22:25:51',NULL),(16,24,242,'1',13,0,0,'2016-08-25 15:29:55',NULL),(17,1,242,'',2,1,0,'2016-08-25 15:29:58',NULL),(18,5,18,'1',9,0,0,'2016-08-30 23:06:24',NULL),(19,6,18,'',7,1,0,'2016-08-30 23:07:48',NULL),(20,8,18,'1',20,0,1,'2016-08-30 23:08:08',NULL),(21,24,245,'1',9,0,0,'2016-09-25 11:36:56',NULL),(22,1,245,'1',5,0,1,'2016-09-25 11:37:01',NULL),(23,2,245,'1',4,0,1,'2016-09-25 11:37:05',NULL),(24,3,245,'1',3,0,1,'2016-09-25 11:37:08',NULL),(25,26,244,'1',10,0,0,'2016-09-25 11:39:49',NULL),(26,1,244,'1',5,0,1,'2016-09-25 11:39:54',NULL),(27,2,244,'1',4,0,1,'2016-09-25 11:39:59',NULL),(28,4,245,'1',30,0,1,'2016-09-25 12:02:24',NULL),(29,5,245,'1',47,0,1,'2016-09-25 12:03:11',NULL),(30,6,245,'1',3,0,0,'2016-09-25 12:03:14',NULL),(31,7,245,'1',3,0,0,'2016-09-25 12:03:17',NULL),(32,8,245,'1',10,0,1,'2016-09-25 12:03:27',NULL),(33,9,245,'1',71,0,0,'2016-09-25 12:04:38',NULL),(34,10,245,'1',12,0,0,'2016-09-25 12:04:50',NULL),(35,11,245,'1',6,0,0,'2016-09-25 12:04:56',NULL),(36,12,245,'1',4,0,1,'2016-09-25 12:05:00',NULL),(37,13,245,'1',41,0,0,'2016-09-25 12:05:41',NULL),(38,14,245,'1',6,0,0,'2016-09-25 12:05:47',NULL),(39,15,245,'1',4,0,0,'2016-09-25 12:05:51',NULL),(40,16,245,'',4,1,0,'2016-09-25 12:05:55',NULL),(41,17,245,'1',5,0,0,'2016-09-25 12:06:00',NULL),(42,18,245,'1',5,0,1,'2016-09-25 12:06:06',NULL),(43,19,245,'1',18,0,0,'2016-09-25 12:06:24',NULL),(44,20,245,'1',3,0,1,'2016-09-25 12:06:27',NULL),(45,9,18,'1',13,0,0,'2016-09-25 16:43:14',NULL),(46,10,18,'1',4,0,0,'2016-10-05 12:59:42',NULL),(47,11,18,'',27,1,0,'2016-10-05 13:00:11',NULL),(48,24,257,'1',0,0,0,'2016-10-07 08:20:15',NULL),(49,1,257,'2',0,0,0,'2016-10-07 08:20:24',NULL),(50,2,257,'2',0,0,0,'2016-10-07 08:20:30',NULL),(51,3,257,'1',0,0,1,'2016-10-07 08:20:37',NULL),(52,4,257,'1',0,0,1,'2016-10-07 08:20:45',NULL),(53,5,257,'2',0,0,0,'2016-10-07 08:20:52',NULL),(54,6,257,'2',0,0,1,'2016-10-07 08:20:58',NULL),(55,7,257,'2',0,0,1,'2016-10-07 08:21:07',NULL),(56,8,257,'1',0,0,1,'2016-10-07 08:21:13',NULL),(57,9,257,'2',0,0,1,'2016-10-07 08:21:19',NULL),(58,10,257,'2',0,0,1,'2016-10-07 08:21:28',NULL),(59,11,257,'2',0,0,1,'2016-10-07 08:21:52',NULL),(60,12,257,'1',0,0,1,'2016-10-07 08:22:12',NULL),(61,13,257,'2',0,0,1,'2016-10-07 08:22:27',NULL),(62,14,257,'2',0,0,1,'2016-10-07 08:22:33',NULL),(63,15,257,'2',0,0,1,'2016-10-07 08:22:40',NULL),(64,16,257,'2',0,0,0,'2016-10-07 08:22:52',NULL),(65,17,257,'2',0,0,1,'2016-10-07 08:23:04',NULL),(66,18,257,'2',0,0,0,'2016-10-07 08:23:13',NULL),(67,26,258,'2',0,0,1,'2016-10-07 18:12:31',NULL),(68,1,258,'1',0,0,1,'2016-10-07 18:12:48',NULL),(69,26,259,'2',0,0,1,'2016-10-07 18:13:50',NULL),(70,1,259,'1',0,0,1,'2016-10-07 18:14:05',NULL),(71,2,259,'1',0,0,1,'2016-10-07 18:14:47',NULL),(72,3,259,'1',0,0,1,'2016-10-07 18:14:54',NULL),(73,4,259,'1',0,0,1,'2016-10-07 18:15:03',NULL),(74,5,259,'2',0,0,0,'2016-10-07 18:15:07',NULL),(75,6,259,'2',0,0,1,'2016-10-07 18:15:12',NULL),(76,7,259,'2',0,0,1,'2016-10-07 18:15:18',NULL),(77,8,259,'1',0,0,1,'2016-10-07 18:15:22',NULL),(78,9,259,'2',0,0,1,'2016-10-07 18:15:25',NULL),(79,10,259,'1',0,0,0,'2016-10-07 18:15:28',NULL),(80,11,259,'2',0,0,1,'2016-10-07 18:15:31',NULL),(81,12,259,'1',0,0,1,'2016-10-07 18:15:35',NULL),(82,13,259,'2',0,0,1,'2016-10-07 18:15:38',NULL),(83,14,259,'1',0,0,0,'2016-10-07 18:15:46',NULL),(84,15,259,'2',0,0,1,'2016-10-07 18:15:52',NULL),(85,16,259,'1',0,0,1,'2016-10-07 18:15:56',NULL),(86,17,259,'2',0,0,1,'2016-10-07 18:16:02',NULL),(87,18,259,'1',0,0,1,'2016-10-07 18:16:09',NULL),(88,19,259,'2',0,0,1,'2016-10-07 18:16:16',NULL),(89,20,259,'1',0,0,1,'2016-10-07 18:16:19',NULL),(90,21,259,'2',0,0,1,'2016-10-07 18:16:25',NULL),(91,22,259,'2',0,0,1,'2016-10-07 18:16:32',NULL),(92,23,259,'2',0,0,0,'2016-10-07 18:16:39',NULL),(93,24,259,'2',0,0,1,'2016-10-07 18:16:44',NULL),(94,25,259,'2',0,0,1,'2016-10-07 18:16:50',NULL),(95,27,259,'1',0,0,0,'2016-10-07 18:16:56',NULL),(96,28,259,'2',0,0,1,'2016-10-07 18:17:03',NULL),(97,29,259,'1',0,0,0,'2016-10-07 18:17:10',NULL),(98,2,258,'2',0,0,0,'2016-10-07 18:19:35',NULL),(99,3,258,'1',0,0,1,'2016-10-07 18:19:52',NULL),(100,4,258,'1',0,0,1,'2016-10-07 18:20:04',NULL),(101,5,258,'2',0,0,0,'2016-10-07 18:20:25',NULL),(102,6,258,'2',0,0,1,'2016-10-07 18:20:34',NULL),(103,7,258,'2',0,0,1,'2016-10-07 18:20:44',NULL),(104,8,258,'1',0,0,1,'2016-10-07 18:20:54',NULL),(105,9,258,'2',0,0,1,'2016-10-07 18:21:04',NULL),(106,10,258,'1',0,0,0,'2016-10-07 18:21:27',NULL),(107,11,258,'2',0,0,1,'2016-10-07 18:21:35',NULL),(108,12,258,'1',0,0,1,'2016-10-07 18:21:50',NULL),(109,13,258,'2',0,0,1,'2016-10-07 18:21:57',NULL),(110,14,258,'2',0,0,1,'2016-10-07 18:22:11',NULL),(111,15,258,'2',0,0,1,'2016-10-07 18:22:23',NULL),(112,16,258,'1',0,0,1,'2016-10-07 18:22:46',NULL),(113,17,258,'1',0,0,0,'2016-10-07 18:22:55',NULL),(114,18,258,'2',0,0,0,'2016-10-07 18:23:17',NULL),(115,9,264,'2',0,0,1,'2016-10-12 14:26:06',NULL),(116,1,264,'1',0,0,1,'2016-10-12 14:26:16',NULL),(117,2,264,'1',0,0,1,'2016-10-12 14:26:24',NULL),(118,3,264,'1',0,0,1,'2016-10-12 14:26:38',NULL),(119,4,264,'1',0,0,1,'2016-10-12 14:26:46',NULL),(120,5,264,'2',0,0,0,'2016-10-12 14:26:51',NULL),(121,6,264,'1',0,0,0,'2016-10-12 14:26:56',NULL),(122,7,264,'2',0,0,1,'2016-10-12 14:27:05',NULL),(123,8,264,'1',0,0,1,'2016-10-12 14:27:32',NULL),(124,8,261,'1',0,0,1,'2016-10-12 14:31:14',NULL),(125,1,261,'2',0,0,0,'2016-10-12 14:31:24',NULL),(126,2,261,'2',0,0,0,'2016-10-12 14:31:31',NULL),(127,3,261,'1',0,0,1,'2016-10-12 14:31:36',NULL),(128,4,261,'1',0,0,1,'2016-10-12 14:31:41',NULL),(129,5,261,'1',0,0,1,'2016-10-12 14:31:52',NULL),(130,6,261,'2',0,0,1,'2016-10-12 14:31:59',NULL),(131,19,263,'2',0,0,1,'2016-10-12 14:40:03',NULL),(132,1,263,'1',0,0,1,'2016-10-12 14:40:10',NULL),(133,2,263,'1',0,0,1,'2016-10-12 14:40:15',NULL),(134,3,263,'2',0,0,0,'2016-10-12 14:40:20',NULL),(135,4,263,'1',0,0,1,'2016-10-12 14:40:24',NULL),(136,5,263,'2',0,0,0,'2016-10-12 14:40:28',NULL),(137,6,263,'2',0,0,1,'2016-10-12 14:40:31',NULL),(138,7,263,'2',0,0,1,'2016-10-12 14:40:36',NULL),(139,8,263,'1',0,0,1,'2016-10-12 14:40:40',NULL),(140,9,263,'2',0,0,1,'2016-10-12 14:40:43',NULL),(141,10,263,'2',0,0,1,'2016-10-12 14:40:47',NULL),(142,11,263,'2',0,0,1,'2016-10-12 14:40:50',NULL),(143,12,263,'1',0,0,1,'2016-10-12 14:40:54',NULL),(144,13,263,'2',0,0,1,'2016-10-12 14:40:58',NULL),(145,14,263,'2',0,0,1,'2016-10-12 14:41:01',NULL),(146,15,263,'2',0,0,1,'2016-10-12 14:41:04',NULL),(147,16,263,'1',0,0,1,'2016-10-12 14:41:07',NULL),(148,17,263,'2',0,0,1,'2016-10-12 14:41:12',NULL),(149,18,263,'2',0,0,0,'2016-10-12 14:41:17',NULL),(150,20,263,'1',0,0,1,'2016-10-12 14:41:59',NULL),(151,21,263,'2',0,0,1,'2016-10-12 14:42:03',NULL),(152,22,263,'2',0,0,1,'2016-10-12 14:42:06',NULL),(153,23,263,'2',0,0,0,'2016-10-12 14:42:09',NULL),(154,24,263,'2',0,0,1,'2016-10-12 14:42:15',NULL),(155,25,263,'2',0,0,1,'2016-10-12 14:42:18',NULL),(156,26,263,'2',0,0,1,'2016-10-12 14:42:22',NULL),(157,27,263,'2',0,0,1,'2016-10-12 14:42:26',NULL),(158,28,263,'2',0,0,1,'2016-10-12 14:42:30',NULL),(159,29,263,'2',0,0,1,'2016-10-12 14:42:33',NULL),(160,9,265,'2',0,0,1,'2016-10-12 14:48:26',NULL),(161,1,265,'2',0,0,0,'2016-10-12 14:49:32',NULL),(162,2,265,'1',0,0,1,'2016-10-12 14:49:46',NULL),(163,3,265,'1',0,0,1,'2016-10-12 14:49:59',NULL),(164,4,265,'1',0,0,1,'2016-10-12 14:50:14',NULL),(165,5,265,'2',0,0,0,'2016-10-12 14:50:36',NULL),(166,6,265,'2',0,0,1,'2016-10-12 14:50:48',NULL),(167,7,265,'2',0,0,1,'2016-10-12 14:51:47',NULL),(168,8,265,'1',0,0,1,'2016-10-12 14:51:59',NULL),(169,10,264,'2',0,0,1,'2016-10-12 14:53:22',NULL),(170,11,264,'2',0,0,1,'2016-10-12 14:53:26',NULL),(171,12,264,'1',0,0,1,'2016-10-12 14:53:32',NULL),(172,13,264,'2',0,0,1,'2016-10-12 14:53:36',NULL),(173,14,264,'2',0,0,1,'2016-10-12 14:53:42',NULL),(174,15,264,'2',0,0,1,'2016-10-12 14:53:45',NULL),(175,16,264,'2',0,0,0,'2016-10-12 14:53:51',NULL),(176,17,264,'2',0,0,1,'2016-10-12 14:54:07',NULL),(177,18,264,'2',0,0,0,'2016-10-12 14:54:12',NULL),(178,19,264,'1',0,0,0,'2016-10-12 14:54:20',NULL),(179,20,264,'1',0,0,1,'2016-10-12 14:54:28',NULL),(180,6,262,'2',0,0,1,'2016-10-12 14:56:48',NULL),(181,1,262,'2',0,0,0,'2016-10-12 14:56:55',NULL),(182,2,262,'2',0,0,0,'2016-10-12 14:57:00',NULL),(183,3,262,'2',0,0,0,'2016-10-12 14:57:04',NULL),(184,4,262,'2',0,0,0,'2016-10-12 14:57:09',NULL),(185,5,262,'2',0,0,0,'2016-10-12 14:57:13',NULL),(186,7,262,'2',0,0,1,'2016-10-12 14:57:16',NULL),(187,8,262,'2',0,0,0,'2016-10-12 14:57:20',NULL),(188,9,262,'2',0,0,1,'2016-10-12 14:57:24',NULL),(189,10,262,'2',0,0,1,'2016-10-12 14:57:27',NULL),(190,11,262,'2',0,0,1,'2016-10-12 14:57:31',NULL),(191,12,262,'2',0,0,0,'2016-10-12 14:57:35',NULL),(192,13,262,'2',0,0,1,'2016-10-12 14:57:39',NULL),(193,14,262,'2',0,0,1,'2016-10-12 14:57:43',NULL),(194,15,262,'2',0,0,1,'2016-10-12 14:57:46',NULL),(195,16,262,'2',0,0,0,'2016-10-12 14:57:49',NULL),(196,17,262,'2',0,0,1,'2016-10-12 14:57:52',NULL),(197,18,262,'2',0,0,0,'2016-10-12 14:57:58',NULL),(198,19,262,'2',0,0,1,'2016-10-12 14:58:03',NULL),(199,20,262,'1',0,0,1,'2016-10-12 14:58:09',NULL),(200,21,262,'2',0,0,1,'2016-10-12 14:58:21',NULL),(201,22,262,'2',0,0,1,'2016-10-12 14:58:27',NULL),(202,23,262,'2',0,0,0,'2016-10-12 14:58:41',NULL),(203,24,262,'1',0,0,0,'2016-10-12 14:58:58',NULL),(204,25,262,'2',0,0,1,'2016-10-12 14:59:06',NULL),(205,26,262,'2',0,0,1,'2016-10-12 14:59:14',NULL),(206,27,262,'1',0,0,0,'2016-10-12 14:59:26',NULL),(207,28,262,'2',0,0,1,'2016-10-12 14:59:47',NULL),(208,29,262,'1',0,0,0,'2016-10-12 15:00:23',NULL),(209,12,270,'1',0,0,1,'2016-10-12 18:01:47',NULL),(210,1,270,'2',0,0,0,'2016-10-12 18:01:58',NULL),(211,2,270,'2',0,0,0,'2016-10-12 18:02:07',NULL),(212,3,270,'1',0,0,1,'2016-10-12 18:03:18',NULL),(213,25,271,'2',0,0,1,'2016-10-12 18:23:53',NULL),(214,1,271,'2',0,0,0,'2016-10-12 18:24:01',NULL),(215,10,265,'2',0,0,1,'2016-10-12 18:59:58',NULL),(216,11,265,'2',0,0,1,'2016-10-12 19:00:10',NULL),(217,12,265,'1',0,0,1,'2016-10-12 19:00:24',NULL),(218,13,265,'2',0,0,1,'2016-10-12 19:00:37',NULL),(219,14,265,'2',0,0,1,'2016-10-12 19:00:46',NULL),(220,15,265,'2',0,0,1,'2016-10-12 19:00:55',NULL),(221,16,265,'1',0,0,1,'2016-10-12 19:01:07',NULL),(222,17,265,'2',0,0,1,'2016-10-12 19:01:19',NULL),(223,18,265,'2',0,0,0,'2016-10-12 19:01:37',NULL),(224,19,265,'1',0,0,0,'2016-10-12 19:01:52',NULL),(225,20,265,'2',0,0,0,'2016-10-12 19:02:26',NULL),(226,21,265,'1',0,0,0,'2016-10-12 19:02:34',NULL),(227,22,265,'2',0,0,1,'2016-10-12 19:02:40',NULL),(228,23,265,'2',0,0,0,'2016-10-12 19:02:48',NULL),(229,24,265,'2',0,0,1,'2016-10-12 19:02:59',NULL),(230,25,265,'2',0,0,1,'2016-10-12 19:03:04',NULL),(231,26,265,'2',0,0,1,'2016-10-12 19:03:12',NULL),(232,27,265,'2',0,0,1,'2016-10-12 19:03:21',NULL),(233,28,265,'2',0,0,1,'2016-10-12 19:03:28',NULL),(234,29,265,'1',0,0,0,'2016-10-12 19:03:36',NULL),(235,2,271,'2',0,0,0,'2016-10-12 19:35:49',NULL),(236,3,271,'1',0,0,1,'2016-10-12 19:36:01',NULL),(237,4,271,'1',0,0,1,'2016-10-12 19:36:09',NULL),(238,5,271,'2',0,0,0,'2016-10-12 19:36:19',NULL),(239,6,271,'2',0,0,1,'2016-10-12 19:36:29',NULL),(240,7,271,'2',0,0,1,'2016-10-12 19:36:36',NULL),(241,8,271,'1',0,0,1,'2016-10-12 19:36:45',NULL),(242,9,271,'2',0,0,1,'2016-10-12 19:36:53',NULL),(243,10,271,'2',0,0,1,'2016-10-12 19:37:04',NULL),(244,11,271,'2',0,0,1,'2016-10-12 19:37:10',NULL),(245,12,271,'1',0,0,1,'2016-10-12 19:37:18',NULL),(246,13,271,'2',0,0,1,'2016-10-12 19:37:27',NULL),(247,14,271,'2',0,0,1,'2016-10-12 19:37:34',NULL),(248,15,271,'2',0,0,1,'2016-10-12 19:37:39',NULL),(249,16,271,'1',0,0,1,'2016-10-12 19:37:46',NULL),(250,17,271,'2',0,0,1,'2016-10-12 19:37:56',NULL),(251,18,271,'2',0,0,0,'2016-10-12 19:38:05',NULL),(252,19,271,'2',0,0,1,'2016-10-12 19:38:12',NULL),(253,20,271,'1',0,0,1,'2016-10-12 19:38:19',NULL),(254,21,271,'1',0,0,0,'2016-10-12 19:38:27',NULL),(255,22,271,'2',0,0,1,'2016-10-12 19:38:34',NULL),(256,23,271,'2',0,0,0,'2016-10-12 19:38:41',NULL),(257,24,271,'2',0,0,1,'2016-10-12 19:38:48',NULL),(258,26,271,'2',0,0,1,'2016-10-12 19:38:54',NULL),(259,27,271,'2',0,0,1,'2016-10-12 19:39:02',NULL),(260,28,271,'2',0,0,1,'2016-10-12 19:39:08',NULL),(261,29,271,'1',0,0,0,'2016-10-12 19:39:16',NULL),(262,21,264,'2',0,0,1,'2016-10-13 09:38:35',NULL),(263,22,264,'2',0,0,1,'2016-10-13 09:38:43',NULL),(264,23,264,'2',0,0,0,'2016-10-13 09:38:51',NULL),(265,24,264,'1',0,0,0,'2016-10-13 09:38:57',NULL),(266,25,264,'1',0,0,0,'2016-10-13 09:39:02',NULL),(267,26,264,'2',0,0,1,'2016-10-13 09:39:11',NULL),(268,27,264,'1',0,0,0,'2016-10-13 09:39:20',NULL),(269,28,264,'2',0,0,1,'2016-10-13 09:39:28',NULL),(270,29,264,'1',0,0,0,'2016-10-13 09:39:37',NULL),(271,11,266,'2',0,0,1,'2016-10-13 13:02:02',NULL),(272,1,266,'2',0,0,0,'2016-10-13 13:02:13',NULL),(273,2,266,'2',0,0,0,'2016-10-13 13:02:20',NULL),(274,3,266,'1',0,0,1,'2016-10-13 13:02:27',NULL),(275,4,266,'1',0,0,1,'2016-10-13 13:02:35',NULL),(276,5,266,'1',0,0,1,'2016-10-13 13:02:46',NULL),(277,6,266,'2',0,0,1,'2016-10-13 13:02:51',NULL),(278,7,266,'2',0,0,1,'2016-10-13 13:02:56',NULL),(279,8,266,'1',0,0,1,'2016-10-13 13:03:02',NULL),(280,9,266,'2',0,0,1,'2016-10-13 13:03:07',NULL),(281,10,266,'2',0,0,1,'2016-10-13 13:03:11',NULL),(282,12,266,'1',0,0,1,'2016-10-13 13:03:16',NULL),(283,13,266,'2',0,0,1,'2016-10-13 13:03:21',NULL),(284,14,266,'2',0,0,1,'2016-10-13 13:03:25',NULL),(285,15,266,'2',0,0,1,'2016-10-13 13:03:30',NULL),(286,16,266,'1',0,0,1,'2016-10-13 13:03:38',NULL),(287,17,266,'2',0,0,1,'2016-10-13 13:03:46',NULL),(288,18,266,'2',0,0,0,'2016-10-13 13:03:57',NULL),(289,19,266,'2',0,0,1,'2016-10-13 13:04:07',NULL),(290,20,266,'2',0,0,0,'2016-10-13 13:04:13',NULL),(291,21,266,'1',0,0,0,'2016-10-13 13:04:22',NULL),(292,22,266,'2',0,0,1,'2016-10-13 13:04:27',NULL),(293,23,266,'1',0,0,1,'2016-10-13 13:04:34',NULL),(294,24,266,'1',0,0,0,'2016-10-13 13:04:41',NULL),(295,25,266,'2',0,0,1,'2016-10-13 13:04:52',NULL),(296,26,266,'2',0,0,1,'2016-10-13 13:04:57',NULL),(297,27,266,'1',0,0,0,'2016-10-13 13:05:03',NULL),(298,28,266,'1',0,0,0,'2016-10-13 13:05:09',NULL),(299,29,266,'1',0,0,0,'2016-10-13 13:05:17',NULL);
/*!40000 ALTER TABLE `aw_visual_deliverables` ENABLE KEYS */;
UNLOCK TABLES;

--
-- Table structure for table `aw_visual_resources`
--

DROP TABLE IF EXISTS `aw_visual_resources`;
/*!40101 SET @saved_cs_client     = @@character_set_client */;
/*!40101 SET character_set_client = utf8 */;
CREATE TABLE `aw_visual_resources` (
  `resource_id` int(11) unsigned NOT NULL AUTO_INCREMENT,
  `image_path` text NOT NULL,
  `ground_truth` int(1) NOT NULL,
  `created` timestamp NULL DEFAULT NULL,
  `updated` timestamp NULL DEFAULT CURRENT_TIMESTAMP,
  PRIMARY KEY (`resource_id`)
) ENGINE=InnoDB AUTO_INCREMENT=30 DEFAULT CHARSET=latin1 COMMENT='This table contains the visual task resources.';
/*!40101 SET character_set_client = @saved_cs_client */;

--
-- Dumping data for table `aw_visual_resources`
--

LOCK TABLES `aw_visual_resources` WRITE;
/*!40000 ALTER TABLE `aw_visual_resources` DISABLE KEYS */;
INSERT INTO `aw_visual_resources` VALUES (1,'images/1.png',1,'2016-07-02 13:34:48','2016-07-02 13:34:46'),(2,'images/2.png',1,'2016-07-02 13:35:01','2016-07-02 13:35:00'),(3,'images/3.png',1,'2016-07-02 13:35:13','2016-07-02 13:35:12'),(4,'images/4.png',1,'2016-07-02 13:35:26','2016-07-02 13:35:24'),(5,'images/5.png',1,'2016-07-02 13:35:38','2016-07-02 13:35:33'),(6,'images/6.png',2,'2016-07-02 13:36:01','2016-07-02 13:35:58'),(7,'images/7.png',2,'2016-07-02 13:36:12','2016-07-02 13:36:10'),(8,'images/8.png',1,'2016-07-02 13:36:28','2016-07-02 13:36:27'),(9,'images/9.png',2,'2016-07-02 13:36:46','2016-07-02 13:36:45'),(10,'images/10.png',2,'2016-07-02 13:36:57','2016-07-02 13:36:56'),(11,'images/11.png',2,'2016-07-02 13:37:07','2016-07-02 13:37:06'),(12,'images/12.png',1,'2016-07-02 13:37:23','2016-07-02 13:37:22'),(13,'images/13.png',2,'2016-07-02 13:37:43','2016-07-02 13:37:42'),(14,'images/14.png',2,'2016-07-02 13:37:57','2016-07-02 13:37:56'),(15,'images/15.png',2,'2016-07-02 13:38:08','2016-07-02 13:38:07'),(16,'images/16.png',1,'2016-07-02 13:38:26','2016-07-02 13:38:27'),(17,'images/17.png',2,'2016-07-02 13:38:41','2016-07-02 13:38:41'),(18,'images/18.png',1,'2016-07-02 13:38:54','2016-07-02 13:38:55'),(19,'images/19.png',2,'2016-07-02 13:39:07','2016-07-02 13:39:07'),(20,'images/20.png',1,'2016-07-02 13:39:53','2016-07-02 13:39:53'),(21,'images/21.png',2,'2016-07-02 13:40:18','2016-07-02 13:40:18'),(22,'images/22.png',2,'2016-07-02 13:40:29','2016-07-02 13:40:29'),(23,'images/23.png',1,'2016-07-02 13:40:45','2016-07-02 13:40:45'),(24,'images/24.png',2,'2016-07-02 13:43:58','2016-07-02 13:43:58'),(25,'images/25.png',2,'2016-07-02 13:43:58','2016-07-02 13:43:58'),(26,'images/26.png',2,'2016-07-02 13:43:58','2016-07-02 13:43:58'),(27,'images/27.png',2,'2016-07-02 13:43:58','2016-07-02 13:43:58'),(28,'images/28.png',2,'2016-07-02 13:43:58','2016-07-02 13:43:58'),(29,'images/29.png',2,'2016-07-02 13:43:58','2016-07-02 13:43:58');
/*!40000 ALTER TABLE `aw_visual_resources` ENABLE KEYS */;
UNLOCK TABLES;

--
-- Table structure for table `aw_word_relevancy_deliverables`
--

DROP TABLE IF EXISTS `aw_word_relevancy_deliverables`;
/*!40101 SET @saved_cs_client     = @@character_set_client */;
/*!40101 SET character_set_client = utf8 */;
CREATE TABLE `aw_word_relevancy_deliverables` (
  `deliverable_id` int(50) unsigned NOT NULL AUTO_INCREMENT,
  `fk_user_id` int(50) unsigned NOT NULL DEFAULT '0',
  `fk_sentence_id` int(50) unsigned NOT NULL DEFAULT '0',
  `fk_word_id` int(50) unsigned DEFAULT '0',
  `time_taken` int(50) unsigned NOT NULL DEFAULT '0',
  `skipped` int(50) unsigned NOT NULL DEFAULT '0',
  `is_correct` int(1) unsigned DEFAULT '0',
  `created` datetime DEFAULT NULL,
  `updated` datetime DEFAULT NULL,
  PRIMARY KEY (`deliverable_id`),
  KEY `FK_USER_ID` (`fk_user_id`),
  KEY `FK_DELIVERABLE_SENTENCE_ID` (`fk_sentence_id`),
  KEY `FK_DELIVERABLE_WORD_ID` (`fk_word_id`),
  CONSTRAINT `FK_DELIVERABLE_SENTENCE_ID` FOREIGN KEY (`fk_sentence_id`) REFERENCES `aw_word_relevancy_sentences` (`sentence_id`),
  CONSTRAINT `FK_DELIVERABLE_WORD_ID` FOREIGN KEY (`fk_word_id`) REFERENCES `aw_word_relevancy_words` (`word_id`),
  CONSTRAINT `FK_USER_ID` FOREIGN KEY (`fk_user_id`) REFERENCES `users` (`id`)
) ENGINE=InnoDB AUTO_INCREMENT=111 DEFAULT CHARSET=latin1 COMMENT='This table contains the word relevancy task deliverables';
/*!40101 SET character_set_client = @saved_cs_client */;

--
-- Dumping data for table `aw_word_relevancy_deliverables`
--

LOCK TABLES `aw_word_relevancy_deliverables` WRITE;
/*!40000 ALTER TABLE `aw_word_relevancy_deliverables` DISABLE KEYS */;
INSERT INTO `aw_word_relevancy_deliverables` VALUES (1,18,26,76,0,0,0,'2016-10-06 10:02:56',NULL),(2,257,17,49,0,0,0,'2016-10-07 08:23:54',NULL),(3,257,1,3,0,0,1,'2016-10-07 08:24:02',NULL),(4,257,2,6,0,0,1,'2016-10-07 08:24:17',NULL),(5,257,3,8,0,0,1,'2016-10-07 08:24:31',NULL),(6,257,4,11,0,0,0,'2016-10-07 08:25:40',NULL),(7,257,5,12,0,0,1,'2016-10-07 08:26:06',NULL),(8,257,6,16,0,0,0,'2016-10-07 08:26:15',NULL),(9,257,7,18,0,0,1,'2016-10-07 08:27:44',NULL),(10,257,8,23,0,0,0,'2016-10-07 08:27:55',NULL),(11,257,9,24,0,0,1,'2016-10-07 08:28:07',NULL),(12,259,11,32,0,0,0,'2016-10-07 18:18:20',NULL),(13,259,1,1,0,0,0,'2016-10-07 18:18:41',NULL),(14,259,2,6,0,0,1,'2016-10-07 18:18:57',NULL),(15,259,3,8,0,0,1,'2016-10-07 18:19:23',NULL),(16,259,4,9,0,0,1,'2016-10-07 18:19:37',NULL),(17,259,5,13,0,0,0,'2016-10-07 18:19:46',NULL),(18,259,6,15,0,0,1,'2016-10-07 18:20:04',NULL),(19,259,7,18,0,0,1,'2016-10-07 18:20:16',NULL),(20,259,8,21,0,0,1,'2016-10-07 18:20:32',NULL),(21,259,9,25,0,0,0,'2016-10-07 18:20:44',NULL),(22,259,10,27,0,0,1,'2016-10-07 18:20:56',NULL),(23,259,12,35,0,0,0,'2016-10-07 18:21:06',NULL),(24,259,13,36,0,0,1,'2016-10-07 18:21:28',NULL),(25,259,14,40,0,0,0,'2016-10-07 18:21:36',NULL),(26,259,15,42,0,0,1,'2016-10-07 18:21:45',NULL),(27,259,16,47,0,0,0,'2016-10-07 18:21:55',NULL),(28,259,17,NULL,0,1,0,'2016-10-07 18:22:03',NULL),(29,259,18,NULL,0,1,0,'2016-10-07 18:22:10',NULL),(30,259,19,56,0,0,0,'2016-10-07 18:22:30',NULL),(31,259,20,57,0,0,1,'2016-10-07 18:22:39',NULL),(32,259,21,60,0,0,1,'2016-10-07 18:22:46',NULL),(33,259,22,63,0,0,1,'2016-10-07 18:22:56',NULL),(34,259,23,67,0,0,0,'2016-10-07 18:23:29',NULL),(35,259,24,70,0,0,0,'2016-10-07 18:23:33',NULL),(36,259,25,72,0,0,1,'2016-10-07 18:23:41',NULL),(37,258,13,38,0,0,0,'2016-10-07 18:23:49',NULL),(38,259,26,75,0,0,1,'2016-10-07 18:24:15',NULL),(39,258,1,3,0,0,1,'2016-10-07 18:24:25',NULL),(40,259,27,80,0,0,0,'2016-10-07 18:24:29',NULL),(41,258,2,NULL,0,1,0,'2016-10-07 18:25:12',NULL),(42,258,3,8,0,0,1,'2016-10-07 18:25:24',NULL),(43,258,4,9,0,0,1,'2016-10-07 18:25:41',NULL),(44,258,5,13,0,0,0,'2016-10-07 18:25:58',NULL),(45,258,6,NULL,0,1,0,'2016-10-07 18:26:05',NULL),(46,258,7,20,0,0,0,'2016-10-07 18:26:18',NULL),(47,261,13,37,0,0,0,'2016-10-12 14:35:13',NULL),(48,261,1,2,0,0,0,'2016-10-12 14:37:39',NULL),(49,263,18,51,0,0,1,'2016-10-12 14:43:03',NULL),(50,263,1,1,0,0,0,'2016-10-12 14:43:11',NULL),(51,263,2,5,0,0,0,'2016-10-12 14:43:26',NULL),(52,263,3,7,0,0,0,'2016-10-12 14:43:45',NULL),(53,263,4,10,0,0,0,'2016-10-12 14:48:35',NULL),(54,263,5,13,0,0,0,'2016-10-12 14:48:43',NULL),(55,263,6,15,0,0,1,'2016-10-12 14:50:01',NULL),(56,263,7,20,0,0,0,'2016-10-12 14:50:08',NULL),(57,263,8,23,0,0,0,'2016-10-12 14:50:22',NULL),(58,263,9,26,0,0,0,'2016-10-12 14:50:37',NULL),(59,263,10,29,0,0,0,'2016-10-12 14:50:41',NULL),(60,263,11,31,0,0,0,'2016-10-12 14:50:52',NULL),(61,263,12,33,0,0,1,'2016-10-12 14:51:00',NULL),(62,263,13,38,0,0,0,'2016-10-12 14:51:08',NULL),(63,263,14,39,0,0,1,'2016-10-12 14:51:15',NULL),(64,263,15,42,0,0,1,'2016-10-12 14:51:34',NULL),(65,263,16,45,0,0,1,'2016-10-12 14:51:37',NULL),(66,263,17,49,0,0,0,'2016-10-12 14:51:41',NULL),(67,263,19,56,0,0,0,'2016-10-12 14:51:44',NULL),(68,263,20,57,0,0,1,'2016-10-12 14:51:46',NULL),(69,263,21,60,0,0,1,'2016-10-12 14:51:49',NULL),(70,263,22,63,0,0,1,'2016-10-12 14:51:51',NULL),(71,263,23,66,0,0,1,'2016-10-12 14:51:54',NULL),(72,263,24,69,0,0,1,'2016-10-12 14:51:58',NULL),(73,263,25,73,0,0,0,'2016-10-12 14:52:05',NULL),(74,263,26,76,0,0,0,'2016-10-12 14:52:10',NULL),(75,264,17,49,0,0,0,'2016-10-12 14:52:25',NULL),(76,264,1,1,0,0,0,'2016-10-12 14:52:50',NULL),(77,262,25,72,0,0,1,'2016-10-12 18:26:36',NULL),(78,262,1,2,0,0,0,'2016-10-12 18:27:21',NULL),(79,262,2,4,0,0,0,'2016-10-12 18:27:58',NULL),(80,262,3,8,0,0,1,'2016-10-12 18:28:21',NULL),(81,262,4,10,0,0,0,'2016-10-12 18:29:04',NULL),(82,262,5,14,0,0,0,'2016-10-12 18:29:13',NULL),(83,262,6,16,0,0,0,'2016-10-12 18:29:23',NULL),(84,262,7,18,0,0,1,'2016-10-12 18:29:42',NULL),(85,271,6,15,0,0,1,'2016-10-12 19:40:07',NULL),(86,271,1,1,0,0,0,'2016-10-12 19:40:16',NULL),(87,271,2,6,0,0,1,'2016-10-12 19:40:19',NULL),(88,271,3,7,0,0,0,'2016-10-12 19:40:25',NULL),(89,271,4,9,0,0,1,'2016-10-12 19:40:30',NULL),(90,271,5,13,0,0,0,'2016-10-12 19:40:37',NULL),(91,264,2,6,0,0,1,'2016-10-13 09:37:55',NULL),(92,264,3,8,0,0,1,'2016-10-13 09:38:07',NULL),(93,265,22,64,0,0,0,'2016-10-13 16:39:32',NULL),(94,265,1,3,0,0,1,'2016-10-13 16:40:33',NULL),(95,265,2,6,0,0,1,'2016-10-13 16:41:21',NULL),(96,265,3,8,0,0,1,'2016-10-13 16:41:58',NULL),(97,265,4,9,0,0,1,'2016-10-13 16:44:47',NULL),(98,265,5,12,0,0,1,'2016-10-13 16:45:07',NULL),(99,265,6,15,0,0,1,'2016-10-13 16:45:38',NULL),(100,265,7,18,0,0,1,'2016-10-13 16:46:19',NULL),(101,265,8,21,0,0,1,'2016-10-13 16:46:45',NULL),(102,265,9,26,0,0,0,'2016-10-13 16:47:20',NULL),(103,265,10,29,0,0,0,'2016-10-13 16:49:00',NULL),(104,265,11,30,0,0,1,'2016-10-13 16:49:33',NULL),(105,265,12,33,0,0,1,'2016-10-13 16:50:02',NULL),(106,265,13,36,0,0,1,'2016-10-13 16:50:39',NULL),(107,265,14,39,0,0,1,'2016-10-13 16:51:43',NULL),(108,265,15,43,0,0,0,'2016-10-13 16:52:21',NULL),(109,265,16,45,0,0,1,'2016-10-13 16:52:33',NULL),(110,265,17,48,0,0,1,'2016-10-13 16:52:48',NULL);
/*!40000 ALTER TABLE `aw_word_relevancy_deliverables` ENABLE KEYS */;
UNLOCK TABLES;

--
-- Table structure for table `aw_word_relevancy_sentences`
--

DROP TABLE IF EXISTS `aw_word_relevancy_sentences`;
/*!40101 SET @saved_cs_client     = @@character_set_client */;
/*!40101 SET character_set_client = utf8 */;
CREATE TABLE `aw_word_relevancy_sentences` (
  `sentence_id` int(50) unsigned NOT NULL AUTO_INCREMENT,
  `text` text NOT NULL,
  `ground_truth` int(50) unsigned NOT NULL,
  `created` datetime DEFAULT NULL,
  `updated` datetime DEFAULT NULL,
  PRIMARY KEY (`sentence_id`),
  KEY `FK_GROUND_TRUTH_WORD_ID` (`ground_truth`),
  CONSTRAINT `FK_GROUND_TRUTH_WORD_ID` FOREIGN KEY (`ground_truth`) REFERENCES `aw_word_relevancy_words` (`word_id`)
) ENGINE=InnoDB AUTO_INCREMENT=28 DEFAULT CHARSET=latin1 COMMENT='This table contains the sentences for the relevancy tasks.';
/*!40101 SET character_set_client = @saved_cs_client */;

--
-- Dumping data for table `aw_word_relevancy_sentences`
--

LOCK TABLES `aw_word_relevancy_sentences` WRITE;
/*!40000 ALTER TABLE `aw_word_relevancy_sentences` DISABLE KEYS */;
INSERT INTO `aw_word_relevancy_sentences` VALUES (1,'She quailed at his heartless words.',3,'2016-07-07 23:24:37','2016-07-07 23:24:37'),(2,'The withering of their grasslands forced the nomads of the Sahara to descend into the Nile valley.',6,'2016-07-07 23:25:06','2016-07-07 23:25:06'),(3,'She urged her horse onward until she reached the short obelisk marking the road leading into Landis.',8,'2016-07-07 23:25:16','2016-07-07 23:25:16'),(4,'The inscription of memorable utterances on durable materials',9,'2016-08-30 14:15:50','2016-08-30 14:15:50'),(5,'I felt elated at beating Dennis',12,'2016-08-30 14:15:50','2016-08-30 14:15:50'),(6,'His teeth were bared in a feral snarl',15,'2016-08-30 14:15:50','2016-08-30 14:15:50'),(7,'The look in his eyes became furtive',18,'2016-08-30 14:15:50','2016-08-30 14:15:50'),(8,'She had embezzled £5,600,000 in company funds',21,'2016-08-30 14:15:50','2016-08-30 14:15:50'),(9,'He extolled the virtues of the Russian peoples',24,'2016-08-30 14:15:50','2016-08-30 14:15:50'),(10,'King Malcolm struggled to unite his fractious kingdom',27,'2016-08-30 14:15:50','2016-08-30 14:15:50'),(11,'A look of haughty disdain',30,'2016-08-30 14:15:50','2016-08-30 14:15:50'),(12,'He could have strangled this impudent upstart',33,'2016-08-30 14:15:50','2016-08-30 14:15:50'),(13,'They felt inhibited by the presence of healthcare professionals',36,'2016-08-30 14:15:50','2016-08-30 14:15:50'),(14,'Everyone took the company president’s resignation as the company’s knell of bankruptcy',39,'2016-08-30 14:15:50','2016-08-30 14:15:50'),(15,'The more lurid details of the massacre were too frightening for the children',42,'2016-08-30 14:15:50','2016-08-30 14:15:50'),(16,'The designs are hand-glazed with meticulous care',45,'2016-08-30 14:15:50','2016-08-30 14:15:50'),(17,'He was familiar with the nuances of the local dialect',48,'2016-08-30 14:15:50','2016-08-30 14:15:50'),(18,'He wondered if the doctor was being deliberately obtuse',51,'2016-08-30 14:15:50','2016-08-30 14:15:50'),(19,'It succinctly covered all the salient points of the case',54,'2016-08-30 14:15:50','2016-08-30 14:15:50'),(20,'After such gatherings she would be taciturn and morose',57,'2016-08-30 14:15:50','2016-08-30 14:15:50'),(21,'She took umbrage at his remarks',60,'2016-08-30 14:15:50','2016-08-30 14:15:50'),(22,'My sister is a shallow sycophant who will flatter anyone for a free designer handbag',63,'2016-08-30 14:15:50','2016-08-30 14:15:50'),(23,'The more lurid details of the massacre were too frightening for the children',66,'2016-08-30 14:15:50','2016-08-30 14:15:50'),(24,'A day that will live in infamy',69,'2016-08-30 14:15:50','2016-08-30 14:15:50'),(25,'A stubbornly insular farming people',72,'2016-08-30 14:15:50','2016-08-30 14:15:50'),(26,'The referee\'s inept handling of the match',75,'2016-08-30 14:15:50','2016-08-30 14:15:50'),(27,'she said plumpness was a sign of gluttony in most cases',78,'2016-08-30 14:15:50','2016-08-30 14:15:50');
/*!40000 ALTER TABLE `aw_word_relevancy_sentences` ENABLE KEYS */;
UNLOCK TABLES;

--
-- Table structure for table `aw_word_relevancy_words`
--

DROP TABLE IF EXISTS `aw_word_relevancy_words`;
/*!40101 SET @saved_cs_client     = @@character_set_client */;
/*!40101 SET character_set_client = utf8 */;
CREATE TABLE `aw_word_relevancy_words` (
  `word_id` int(50) unsigned NOT NULL AUTO_INCREMENT,
  `text` text NOT NULL,
  `fk_sentence_id` int(50) unsigned NOT NULL,
  `created_at` datetime NOT NULL,
  `updated_at` datetime DEFAULT NULL,
  PRIMARY KEY (`word_id`),
  KEY `FK_WORDS_SENTENCE_ID` (`fk_sentence_id`),
  CONSTRAINT `FK_WORDS_SENTENCE_ID` FOREIGN KEY (`fk_sentence_id`) REFERENCES `aw_word_relevancy_sentences` (`sentence_id`)
) ENGINE=InnoDB AUTO_INCREMENT=81 DEFAULT CHARSET=latin1 COMMENT='This table contains the words relevant to the words in aw_word_relevancy_sentences';
/*!40101 SET character_set_client = @saved_cs_client */;

--
-- Dumping data for table `aw_word_relevancy_words`
--

LOCK TABLES `aw_word_relevancy_words` WRITE;
/*!40000 ALTER TABLE `aw_word_relevancy_words` DISABLE KEYS */;
INSERT INTO `aw_word_relevancy_words` VALUES (1,'confront',1,'2016-07-07 23:26:53','2016-07-07 23:26:53'),(2,'approach',1,'2016-07-07 23:27:04','2016-07-07 23:27:05'),(3,'shake',1,'2016-07-07 23:27:13','2016-07-07 23:27:14'),(4,'still',2,'2016-07-07 23:27:26','2016-07-07 23:27:27'),(5,'immobile',2,'2016-07-07 23:27:34','2016-07-07 23:27:35'),(6,'wanderer',2,'2016-07-07 23:27:45','2016-07-07 23:27:45'),(7,'bottom',3,'2016-07-07 23:28:09','2016-07-07 23:28:09'),(8,'monument',3,'2016-07-07 23:28:19','2016-07-07 23:28:19'),(9,'carving',4,'2016-08-30 14:38:14','2016-08-30 14:38:14'),(10,'exclude',4,'2016-08-30 14:38:14','2016-08-30 14:38:14'),(11,'checkoff',4,'2016-08-30 14:38:14','2016-08-30 14:38:14'),(12,'jubilant',5,'2016-08-30 14:38:14','2016-08-30 14:38:14'),(13,'down',5,'2016-08-30 14:38:14','2016-08-30 14:38:14'),(14,'troubled',5,'2016-08-30 14:38:14','2016-08-30 14:38:14'),(15,'savage',6,'2016-08-30 14:38:14','2016-08-30 14:38:14'),(16,'tame',6,'2016-08-30 14:38:14','2016-08-30 14:38:14'),(17,'pet',6,'2016-08-30 14:38:14','2016-08-30 14:38:14'),(18,'creepy',7,'2016-08-30 14:38:14','2016-08-30 14:38:14'),(19,'fortright',7,'2016-08-30 14:38:14','2016-08-30 14:38:14'),(20,'open',7,'2016-08-30 14:38:14','2016-08-30 14:38:14'),(21,'misuse',8,'2016-08-30 14:38:14','2016-08-30 14:38:14'),(22,'pay',8,'2016-08-30 14:38:14','2016-08-30 14:38:14'),(23,'reimburse',8,'2016-08-30 14:38:14','2016-08-30 14:38:14'),(24,'acclaim',9,'2016-08-30 14:38:14','2016-08-30 14:38:14'),(25,'blame',9,'2016-08-30 14:38:14','2016-08-30 14:38:14'),(26,'castigate',9,'2016-08-30 14:38:14','2016-08-30 14:38:14'),(27,'headstrong',10,'2016-08-30 14:38:14','2016-08-30 14:38:14'),(28,'blame',10,'2016-08-30 14:38:14','2016-08-30 14:38:14'),(29,'castigate',10,'2016-08-30 14:38:14','2016-08-30 14:38:14'),(30,'cavalier',11,'2016-08-30 14:38:14','2016-08-30 14:38:14'),(31,'meek',11,'2016-08-30 14:38:14','2016-08-30 14:38:14'),(32,'timid',11,'2016-08-30 14:38:14','2016-08-30 14:38:14'),(33,'cheeky',12,'2016-08-30 14:38:14','2016-08-30 14:38:14'),(34,'polite',12,'2016-08-30 14:38:14','2016-08-30 14:38:14'),(35,'retiring',12,'2016-08-30 14:38:14','2016-08-30 14:38:14'),(36,'constrain',13,'2016-08-30 14:38:14','2016-08-30 14:38:14'),(37,'encourage',13,'2016-08-30 14:38:14','2016-08-30 14:38:14'),(38,'support',13,'2016-08-30 14:38:14','2016-08-30 14:38:14'),(39,'proclaim',14,'2016-08-30 14:38:14','2016-08-30 14:38:14'),(40,'obscure',14,'2016-08-30 14:38:14','2016-08-30 14:38:14'),(41,'cover',14,'2016-08-30 14:38:14','2016-08-30 14:38:14'),(42,'vivid',15,'2016-08-30 14:38:14','2016-08-30 14:38:14'),(43,'dull',15,'2016-08-30 14:38:14','2016-08-30 14:38:14'),(44,'pleasant',15,'2016-08-30 14:38:14','2016-08-30 14:38:14'),(45,'precise',16,'2016-08-30 14:38:14','2016-08-30 14:38:14'),(46,'thoughtless',16,'2016-08-30 14:38:14','2016-08-30 14:38:14'),(47,'uncritical',16,'2016-08-30 14:38:14','2016-08-30 14:38:14'),(48,'refinement',17,'2016-08-30 14:38:14','2016-08-30 14:38:14'),(49,'information',17,'2016-08-30 14:38:14','2016-08-30 14:38:14'),(50,'light',17,'2016-08-30 14:38:14','2016-08-30 14:38:14'),(51,'stolid',18,'2016-08-30 14:38:14','2016-08-30 14:38:14'),(52,'pointed',18,'2016-08-30 14:38:14','2016-08-30 14:38:14'),(53,'quick',18,'2016-08-30 14:38:14','2016-08-30 14:38:14'),(54,'striking',19,'2016-08-30 14:38:14','2016-08-30 14:38:14'),(55,'insignificant',19,'2016-08-30 14:38:14','2016-08-30 14:38:14'),(56,'unimportant',19,'2016-08-30 14:38:14','2016-08-30 14:38:14'),(57,'antisocial',20,'2016-08-30 14:38:14','2016-08-30 14:38:14'),(58,'fluent',20,'2016-08-30 14:38:14','2016-08-30 14:38:14'),(59,'wordy',20,'2016-08-30 14:38:14','2016-08-30 14:38:14'),(60,'wrath',21,'2016-08-30 14:38:14','2016-08-30 14:38:14'),(61,'delight',21,'2016-08-30 14:38:14','2016-08-30 14:38:14'),(62,'cheer',21,'2016-08-30 14:38:14','2016-08-30 14:38:14'),(63,'toady',22,'2016-08-30 14:38:14','2016-08-30 14:38:14'),(64,'independent',22,'2016-08-30 14:38:14','2016-08-30 14:38:14'),(65,'guardian',22,'2016-08-30 14:38:14','2016-08-30 14:38:14'),(66,'distinct',23,'2016-08-30 14:38:14','2016-08-30 14:38:14'),(67,'mild',23,'2016-08-30 14:38:14','2016-08-30 14:38:14'),(68,'pleasant',23,'2016-08-30 14:38:14','2016-08-30 14:38:14'),(69,'evil',24,'2016-08-30 14:38:14','2016-08-30 14:38:14'),(70,'esteem',24,'2016-08-30 14:38:14','2016-08-30 14:38:14'),(71,'virtue',24,'2016-08-30 14:38:14','2016-08-30 14:38:14'),(72,'illiberal',25,'2016-08-30 14:38:14','2016-08-30 14:38:14'),(73,'broad-minded',25,'2016-08-30 14:38:14','2016-08-30 14:38:14'),(74,'neutral',25,'2016-08-30 14:38:14','2016-08-30 14:38:14'),(75,'unhandy',26,'2016-08-30 14:38:14','2016-08-30 14:38:14'),(76,'fit',26,'2016-08-30 14:38:14','2016-08-30 14:38:14'),(77,'proper',26,'2016-08-30 14:38:14','2016-08-30 14:38:14'),(78,'penchant',27,'2016-08-30 14:38:14','2016-08-30 14:38:14'),(79,'apathy',27,'2016-08-30 14:38:14','2016-08-30 14:38:14'),(80,'lethargy',27,'2016-08-30 14:38:14','2016-08-30 14:38:14');
/*!40000 ALTER TABLE `aw_word_relevancy_words` ENABLE KEYS */;
UNLOCK TABLES;

--
-- Table structure for table `hobbies`
--

DROP TABLE IF EXISTS `hobbies`;
/*!40101 SET @saved_cs_client     = @@character_set_client */;
/*!40101 SET character_set_client = utf8 */;
CREATE TABLE `hobbies` (
  `id` int(255) unsigned NOT NULL AUTO_INCREMENT,
  `name` varchar(255) NOT NULL,
  `status` int(1) NOT NULL DEFAULT '0',
  `fk_user_id` int(11) unsigned NOT NULL DEFAULT '0',
  `time_taken` int(11) unsigned NOT NULL DEFAULT '0',
  `created` datetime DEFAULT NULL,
  PRIMARY KEY (`id`)
) ENGINE=InnoDB AUTO_INCREMENT=40 DEFAULT CHARSET=latin1 COMMENT='This table contains the hobbies for the oulu hobbies task';
/*!40101 SET character_set_client = @saved_cs_client */;

--
-- Dumping data for table `hobbies`
--

LOCK TABLES `hobbies` WRITE;
/*!40000 ALTER TABLE `hobbies` DISABLE KEYS */;
INSERT INTO `hobbies` VALUES (1,'Skydiving',1,0,0,'2016-08-12 20:27:48'),(2,'Icehockey',1,0,0,'2016-08-12 20:27:48'),(3,'Deep Sea Diving',1,0,0,'2016-08-12 20:27:48'),(4,'Fishing',1,0,0,'2016-08-12 20:27:48'),(5,'Sea Surfing',1,0,0,'2016-08-12 20:27:48'),(6,'Volleyball',1,0,0,'2016-08-12 20:27:48'),(7,'Cricket',1,0,0,'2016-08-12 20:27:48'),(8,'Football',1,0,0,'2016-08-12 20:27:48'),(12,'Canoeing',0,243,32,'2016-09-01 14:58:40'),(13,'Aircraft Spotting',1,18,0,'2016-09-01 20:04:07'),(14,'Airbrushing',1,18,0,'2016-09-01 20:04:07'),(15,'Archery',1,18,0,'2016-09-01 20:04:07'),(16,'Badminton',1,18,0,'2016-09-01 20:04:07'),(17,'Baseball',1,18,0,'2016-09-01 20:04:07'),(18,'Base Jumping',1,18,0,'2016-09-01 20:04:07'),(19,'Basketball',1,18,0,'2016-09-01 20:04:07'),(20,'Bicycling',1,18,0,'2016-09-01 20:04:07'),(21,'Boating',1,18,0,'2016-09-01 20:04:07'),(22,'Body Building',1,18,0,'2016-09-01 20:04:07'),(23,'Bowling',1,18,0,'2016-09-01 20:04:07'),(24,'Calligraphy',1,18,0,'2016-09-01 20:04:07'),(25,'Coloring',1,18,0,'2016-09-01 20:04:07'),(26,'Floorball',1,18,0,'2016-09-01 20:04:07'),(27,'Four Wheeling',1,18,0,'2016-09-01 20:04:07'),(28,'Gymnastics',1,18,0,'2016-09-01 20:04:07'),(29,'Hot air ballooning',1,18,0,'2016-09-01 20:04:07'),(30,'Mountain Biking',1,18,0,'2016-09-01 20:04:07'),(31,'Mountain Climbing',1,18,0,'2016-09-01 20:04:07'),(32,'Paintball',1,18,0,'2016-09-01 20:04:07'),(33,'Paragliding',1,18,0,'2016-09-01 20:04:07'),(34,'Skateboarding',1,18,0,'2016-09-01 20:04:07'),(35,'Snorkeling',1,18,0,'2016-09-01 20:04:07'),(36,'Snowboarding',1,18,0,'2016-09-01 20:04:07'),(37,'Swimming',1,18,0,'2016-09-01 20:04:07'),(38,'Trekking',1,18,0,'2016-09-01 20:04:07'),(39,'Running',0,245,11,'2016-09-25 11:58:11');
/*!40000 ALTER TABLE `hobbies` ENABLE KEYS */;
UNLOCK TABLES;

--
-- Table structure for table `housing_locations`
--

DROP TABLE IF EXISTS `housing_locations`;
/*!40101 SET @saved_cs_client     = @@character_set_client */;
/*!40101 SET character_set_client = utf8 */;
CREATE TABLE `housing_locations` (
  `id` int(11) unsigned NOT NULL AUTO_INCREMENT,
  `name` varchar(50) NOT NULL,
  PRIMARY KEY (`id`)
) ENGINE=InnoDB AUTO_INCREMENT=12 DEFAULT CHARSET=latin1 COMMENT='This table contains the student housing task location';
/*!40101 SET character_set_client = @saved_cs_client */;

--
-- Dumping data for table `housing_locations`
--

LOCK TABLES `housing_locations` WRITE;
/*!40000 ALTER TABLE `housing_locations` DISABLE KEYS */;
INSERT INTO `housing_locations` VALUES (1,'Keskusta'),(2,'Raksila'),(3,'Alppila'),(4,'Linnanmaa'),(5,'Syynimaa'),(6,'Kaijonharju'),(7,'Toppila'),(8,'Höyhtyä'),(9,'Peltola'),(10,'Rajakylä'),(11,'Toivoniemi');
/*!40000 ALTER TABLE `housing_locations` ENABLE KEYS */;
UNLOCK TABLES;

--
-- Table structure for table `location_place_description_deliverables`
--

DROP TABLE IF EXISTS `location_place_description_deliverables`;
/*!40101 SET @saved_cs_client     = @@character_set_client */;
/*!40101 SET character_set_client = utf8 */;
CREATE TABLE `location_place_description_deliverables` (
  `deliverable_id` int(50) unsigned NOT NULL AUTO_INCREMENT,
  `fk_user_id` int(50) unsigned NOT NULL DEFAULT '0',
  `location_id` int(11) unsigned NOT NULL DEFAULT '0',
  `crowdedness` int(1) unsigned NOT NULL DEFAULT '0',
  `weather` int(1) unsigned NOT NULL DEFAULT '0',
  `noise` int(1) unsigned NOT NULL DEFAULT '0',
  `localrestaurant` text NOT NULL,
  `trafficsituation` int(1) unsigned NOT NULL DEFAULT '0',
  `availableservices` int(1) unsigned NOT NULL DEFAULT '0',
  `locationeasytofind` int(1) unsigned NOT NULL DEFAULT '0',
  `time_taken` int(10) unsigned NOT NULL DEFAULT '0',
  `created` datetime DEFAULT '0000-00-00 00:00:00',
  `updated` datetime DEFAULT '0000-00-00 00:00:00',
  PRIMARY KEY (`deliverable_id`),
  KEY `FK_LPDD_USER_ID` (`fk_user_id`),
  KEY `FK_LOCATION_ID` (`location_id`),
  CONSTRAINT `FK_LOCATION_ID` FOREIGN KEY (`location_id`) REFERENCES `locations` (`id`),
  CONSTRAINT `FK_LPDD_USER_ID` FOREIGN KEY (`fk_user_id`) REFERENCES `users` (`id`)
) ENGINE=InnoDB AUTO_INCREMENT=23 DEFAULT CHARSET=latin1 COMMENT='This table contains the place description deliverables';
/*!40101 SET character_set_client = @saved_cs_client */;

--
-- Dumping data for table `location_place_description_deliverables`
--

LOCK TABLES `location_place_description_deliverables` WRITE;
/*!40000 ALTER TABLE `location_place_description_deliverables` DISABLE KEYS */;
INSERT INTO `location_place_description_deliverables` VALUES (3,18,10,1,1,1,'test',1,1,1,17,'2016-10-05 13:04:05',NULL),(4,257,10,4,5,4,'Uni cafes',5,5,1,0,'2016-10-07 08:14:25',NULL),(5,257,11,1,1,1,'Gggh',1,1,1,0,'2016-10-07 17:56:39',NULL),(6,259,11,4,4,3,'Babel',4,4,1,0,'2016-10-07 18:04:51',NULL),(7,259,10,4,4,5,'Stories Ravintola',4,5,1,0,'2016-10-07 18:06:19',NULL),(8,258,10,4,3,5,'Discuss reaturant',5,3,1,0,'2016-10-07 18:16:13',NULL),(9,258,11,4,3,4,'Babel',4,3,1,0,'2016-10-07 18:17:54',NULL),(10,263,10,4,3,4,'Story',4,3,1,0,'2016-10-12 14:22:31',NULL),(11,263,11,3,3,2,'Xiaolong',3,4,1,0,'2016-10-12 14:23:57',NULL),(12,264,10,3,3,3,'Story',4,4,1,0,'2016-10-12 14:34:54',NULL),(13,264,11,3,3,3,'Little dragon ',3,3,1,0,'2016-10-12 14:36:50',NULL),(14,266,10,3,3,5,'little dragon',2,4,1,0,'2016-10-12 14:45:58',NULL),(15,265,10,4,4,3,'Little dragon',5,4,1,0,'2016-10-12 14:46:39',NULL),(16,266,11,4,3,3,'little dragon',2,3,1,0,'2016-10-12 14:46:40',NULL),(17,270,10,5,4,5,'Story',5,5,1,0,'2016-10-12 18:06:15',NULL),(18,262,10,4,4,4,'Subway',4,4,1,0,'2016-10-12 18:08:57',NULL),(19,262,11,4,4,3,'little dragon',4,4,1,0,'2016-10-12 18:09:53',NULL),(20,271,11,3,4,3,'Little Dragon ',4,4,1,0,'2016-10-12 18:10:35',NULL),(21,271,10,4,4,3,'Stories ',3,5,1,0,'2016-10-12 18:11:11',NULL),(22,265,11,4,3,3,'Litter dragon ',4,4,1,0,'2016-10-13 13:52:24',NULL);
/*!40000 ALTER TABLE `location_place_description_deliverables` ENABLE KEYS */;
UNLOCK TABLES;

--
-- Table structure for table `location_place_description_questions`
--

DROP TABLE IF EXISTS `location_place_description_questions`;
/*!40101 SET @saved_cs_client     = @@character_set_client */;
/*!40101 SET character_set_client = utf8 */;
CREATE TABLE `location_place_description_questions` (
  `question_id` int(50) unsigned NOT NULL AUTO_INCREMENT,
  `text` text NOT NULL,
  `created` datetime DEFAULT NULL,
  `updated` datetime DEFAULT NULL,
  PRIMARY KEY (`question_id`)
) ENGINE=InnoDB AUTO_INCREMENT=5 DEFAULT CHARSET=latin1 COMMENT='This table contains the questions for the location based task i.e., Describe the place.';
/*!40101 SET character_set_client = @saved_cs_client */;

--
-- Dumping data for table `location_place_description_questions`
--

LOCK TABLES `location_place_description_questions` WRITE;
/*!40000 ALTER TABLE `location_place_description_questions` DISABLE KEYS */;
INSERT INTO `location_place_description_questions` VALUES (1,'question1','2016-07-08 16:02:18','2016-07-08 16:02:19'),(2,'question2','2016-07-08 16:02:21','2016-07-08 16:02:22'),(3,'question3','2016-07-08 16:02:25','2016-07-08 16:02:26'),(4,'question4','2016-07-08 16:02:27','2016-07-08 16:02:27');
/*!40000 ALTER TABLE `location_place_description_questions` ENABLE KEYS */;
UNLOCK TABLES;

--
-- Table structure for table `location_ratings`
--

DROP TABLE IF EXISTS `location_ratings`;
/*!40101 SET @saved_cs_client     = @@character_set_client */;
/*!40101 SET character_set_client = utf8 */;
CREATE TABLE `location_ratings` (
  `id` int(11) unsigned NOT NULL AUTO_INCREMENT,
  `fk_user_id` int(11) unsigned NOT NULL DEFAULT '0',
  `rating` int(11) unsigned NOT NULL DEFAULT '0',
  `fk_location_id` int(11) unsigned NOT NULL DEFAULT '0',
  PRIMARY KEY (`id`),
  KEY `FK_LOCATION_RATING_USER_USER_ID` (`fk_user_id`),
  KEY `FK_LOCATION_RATING_LOCATIONS_LOCATION_ID` (`fk_location_id`),
  CONSTRAINT `FK_LOCATION_RATING_LOCATIONS_LOCATION_ID` FOREIGN KEY (`fk_location_id`) REFERENCES `locations` (`id`) ON UPDATE CASCADE,
  CONSTRAINT `FK_LOCATION_RATING_USER_USER_ID` FOREIGN KEY (`fk_user_id`) REFERENCES `users` (`id`) ON UPDATE CASCADE
) ENGINE=InnoDB DEFAULT CHARSET=latin1 COMMENT='This table contains the ratings that the users give to the location while completing the location based tasks';
/*!40101 SET character_set_client = @saved_cs_client */;

--
-- Dumping data for table `location_ratings`
--

LOCK TABLES `location_ratings` WRITE;
/*!40000 ALTER TABLE `location_ratings` DISABLE KEYS */;
/*!40000 ALTER TABLE `location_ratings` ENABLE KEYS */;
UNLOCK TABLES;

--
-- Table structure for table `locations`
--

DROP TABLE IF EXISTS `locations`;
/*!40101 SET @saved_cs_client     = @@character_set_client */;
/*!40101 SET character_set_client = utf8 */;
CREATE TABLE `locations` (
  `id` int(11) unsigned NOT NULL AUTO_INCREMENT,
  `name` text NOT NULL,
  `address` text NOT NULL,
  `description` text NOT NULL,
  `image` text,
  `latitude` decimal(11,8) NOT NULL,
  `longitude` decimal(11,8) NOT NULL,
  `postal_code` varchar(50) NOT NULL,
  PRIMARY KEY (`id`)
) ENGINE=InnoDB AUTO_INCREMENT=14 DEFAULT CHARSET=latin1 COMMENT='This table contains the location information for the "Place a new tag" task.';
/*!40101 SET character_set_client = @saved_cs_client */;

--
-- Dumping data for table `locations`
--

LOCK TABLES `locations` WRITE;
/*!40000 ALTER TABLE `locations` DISABLE KEYS */;
INSERT INTO `locations` VALUES (10,'University Of Oulu','Paavo Havaksen tie 5, 90570 Oulu, Finland','The Tag is in Stories Cafeteria just in the entrance of the R Gate Of University Of Oulu Linnanma Campus.','images/located/uol.jpg',65.05801730,25.46738140,'90570'),(11,'Tokmanni, Linnanmaa','Sammonkatu 5, 90570 Oulu','Tokmanni super market in Linnanmaa','images/located/tokmanni.jpg',65.05876800,25.47760700,'90570'),(12,'Toripakka Bus Station, City Center','Torikatu 12, 90100 Oulu, Finland','Toripakka Stop at the City Center','images/located/toripakka.jpg',65.01347100,25.46978500,'90100'),(13,'Toripoliisi, City Center','Rantakatu 6, 90100 Oulu, Finland','Police Statue in market place near City Center','images/located/toripoliisi.jpg',65.01335700,25.46560200,'90100');
/*!40000 ALTER TABLE `locations` ENABLE KEYS */;
UNLOCK TABLES;

--
-- Table structure for table `oulu_hobbies_deliverables`
--

DROP TABLE IF EXISTS `oulu_hobbies_deliverables`;
/*!40101 SET @saved_cs_client     = @@character_set_client */;
/*!40101 SET character_set_client = utf8 */;
CREATE TABLE `oulu_hobbies_deliverables` (
  `id` int(255) unsigned NOT NULL AUTO_INCREMENT,
  `fk_user_id` int(11) NOT NULL,
  `answer` text,
  `fk_hobby_id` int(255) unsigned NOT NULL,
  `time_taken` int(11) unsigned NOT NULL,
  `skipped` int(1) unsigned NOT NULL,
  `created` datetime DEFAULT NULL,
  PRIMARY KEY (`id`)
) ENGINE=InnoDB AUTO_INCREMENT=133 DEFAULT CHARSET=latin1 COMMENT='This table contains the deliverables for the oulu hobbies task';
/*!40101 SET character_set_client = @saved_cs_client */;

--
-- Dumping data for table `oulu_hobbies_deliverables`
--

LOCK TABLES `oulu_hobbies_deliverables` WRITE;
/*!40000 ALTER TABLE `oulu_hobbies_deliverables` DISABLE KEYS */;
INSERT INTO `oulu_hobbies_deliverables` VALUES (1,224,'icehockey',2,9,0,'2016-08-13 00:10:11'),(2,18,'',8,13,1,'2016-08-13 00:15:37'),(4,18,'banani',1,21,0,'2016-08-14 10:12:15'),(5,18,'banani',3,37,0,'2016-08-14 10:16:23'),(6,18,'',4,8,1,'2016-08-14 10:16:39'),(7,18,'',5,2,1,'2016-08-14 10:16:44'),(8,18,'',6,2,1,'2016-08-14 10:16:49'),(9,18,'',7,0,1,'2016-08-14 10:16:51'),(10,18,'',9,1,1,'2016-08-14 10:16:54'),(11,18,'',10,1,1,'2016-08-14 10:16:59'),(12,242,'',2,19,1,'2016-08-23 22:20:58'),(13,18,'',11,6,1,'2016-08-23 22:22:52'),(14,242,'',5,9,1,'2016-08-25 15:26:14'),(15,18,'asfsfsdfsdfsdfd',2,5,0,'2016-08-26 20:57:44'),(16,244,'So awesome ',37,18,0,'2016-09-25 11:28:06'),(17,244,'Not baaaad',1,33,0,'2016-09-25 11:28:39'),(18,245,'Yes, anywhere',20,31,0,'2016-09-25 11:29:10'),(19,246,'Yes, you can register to a gym and go there. If you are a student, you can get a sports sticker on your student card and use the student gym.',22,91,0,'2016-09-25 11:43:36'),(20,246,'Yes, but i dont know exact details. Sometimes in the university they are giving information about sky diving.',1,56,0,'2016-09-25 11:44:32'),(21,245,'No',1,17,0,'2016-09-25 11:57:45'),(22,18,'test',12,5,0,'2016-10-05 13:01:34'),(23,18,'',13,8,1,'2016-10-05 13:01:43'),(24,257,'',14,0,1,'2016-10-07 08:05:50'),(25,257,'Skydiving oulu',1,0,0,'2016-10-07 08:06:02'),(26,257,'',2,0,1,'2016-10-07 08:06:08'),(27,257,'Dive travel finland',3,0,0,'2016-10-07 08:06:40'),(28,257,'',4,0,1,'2016-10-07 08:06:50'),(29,257,'',5,0,1,'2016-10-07 08:07:30'),(30,257,'',6,0,1,'2016-10-07 08:07:53'),(31,257,'Indoor',7,0,0,'2016-10-07 08:08:03'),(32,258,'Yes we can do skydiving oulu. Though I have not tried it so far but I think there is one company oulu skydiving perform these kind of activities.',1,0,0,'2016-10-07 18:30:02'),(33,258,'Oulu is among one of the best place for icehockey. There are some indoor available in oulu specially for this sports ',2,0,0,'2016-10-07 18:31:44'),(34,259,'Nallikiari beach',33,0,0,'2016-10-07 18:32:42'),(35,259,'Nalikiari beach',1,0,0,'2016-10-07 18:32:58'),(36,258,'I am not sure about this task but I guess we have some beaches in oulu like nilikari to perform this activity.',3,0,0,'2016-10-07 18:33:27'),(37,259,'',2,0,1,'2016-10-07 18:33:49'),(38,259,'Yah nalikari beach and  do it by company',3,0,0,'2016-10-07 18:34:56'),(39,259,'Ofcourse near to iinanama with my friends',4,0,0,'2016-10-07 18:35:16'),(40,258,'Yes fishing can be easily done in the oulu. There are many places in oulu city area and linanama where we can do good fishing ',4,0,0,'2016-10-07 18:35:23'),(41,258,'I think sea surfing would not be much feasible to do in oulu',5,0,0,'2016-10-07 18:36:13'),(42,258,'Yes volleyball can be played in oulu. There are many places in city and linanama where volleyball can be played. I usually play in one school in oulu',6,0,0,'2016-10-07 18:37:24'),(43,259,'Possible by uni sports group',5,0,0,'2016-10-07 18:37:59'),(44,259,'I love and play volleyball and we playing this at yliopistkatu 36',6,0,0,'2016-10-07 18:38:42'),(45,258,'Yes I play cricket alot. There are few clubs like nlca and occ who arrange summer and winter tournaments. There is one school near to oulu which is also used for indoor cricket in winters ',7,0,0,'2016-10-07 18:39:34'),(46,259,'Yah we are playing yliopistukatu indoor and also arrange by two groups in summer outside',7,0,0,'2016-10-07 18:39:36'),(47,259,'Yah every open place in summer and also indoor in a big indoor ground near to keskusta',8,0,0,'2016-10-07 18:40:14'),(48,259,'',12,0,1,'2016-10-07 18:40:18'),(49,259,'',13,0,1,'2016-10-07 18:40:21'),(50,259,'',14,0,1,'2016-10-07 18:40:30'),(51,258,'Football have been mainly played in special grounds in city and linanama.',8,0,0,'2016-10-07 18:40:41'),(52,259,'Yah by sports group',15,0,0,'2016-10-07 18:40:54'),(53,259,'Yah by Oulu uni sport and in yliopostukatu',16,0,0,'2016-10-07 18:41:10'),(54,259,'Yah yliopistukatu',17,0,0,'2016-10-07 18:41:33'),(55,259,'',18,0,1,'2016-10-07 18:42:03'),(56,259,'Yah in yliopistukatu by uni sport oulu',19,0,0,'2016-10-07 18:42:23'),(57,259,'Yes off course by uni sport Oulu with arranged bycyling event',20,0,0,'2016-10-07 18:43:07'),(58,259,'Definitely but on individual basis',21,0,0,'2016-10-07 18:43:31'),(59,259,'Yes arrange at near linnanma campus uni gymnism',22,0,0,'2016-10-07 18:44:36'),(60,259,'',23,0,1,'2016-10-07 18:44:50'),(61,259,'',24,0,1,'2016-10-07 18:45:06'),(62,259,'Yes its also arrange by niso ',25,0,0,'2016-10-07 18:45:23'),(63,259,'Yah by uni sport oulu',26,0,0,'2016-10-07 18:45:53'),(64,259,'',27,0,1,'2016-10-07 18:46:07'),(65,259,'Yah in ylipistukatu school by uni sports oulu',28,0,0,'2016-10-07 18:46:24'),(66,259,'',29,0,1,'2016-10-07 18:46:28'),(67,259,'Yes by different rally groups',30,0,0,'2016-10-07 18:46:44'),(68,259,'No',31,0,0,'2016-10-07 18:46:50'),(69,259,'I don\'t know much',32,0,0,'2016-10-07 18:47:34'),(70,259,'Not sure sorry',34,0,0,'2016-10-07 18:47:47'),(71,259,'',35,0,1,'2016-10-07 18:47:51'),(72,259,'Yaharrange by student organization',36,0,0,'2016-10-07 18:48:17'),(73,259,'Yes also arrange by uni sports Oulu in city center',37,0,0,'2016-10-07 18:48:31'),(74,259,'',38,0,1,'2016-10-07 18:48:35'),(75,259,'Yes different social and as well as arrange by uni',39,0,0,'2016-10-07 18:48:50'),(76,261,'Wall climbing, Super Park amusement park, skating, cayaking, bicycling.\n',33,0,0,'2016-10-12 10:57:27'),(77,261,'Yes, at Oulu Skydiving Club at nearby Oulu Airport. Its very active club and you can join to the club.',1,0,0,'2016-10-12 14:33:01'),(78,261,'Sure! Join Oulun Kärpät team. They have all levels from kid to professional teams.',2,0,0,'2016-10-12 14:33:32'),(79,265,'',4,0,1,'2016-10-12 14:37:03'),(80,265,'',1,0,1,'2016-10-12 14:37:48'),(81,265,'',2,0,1,'2016-10-12 14:38:06'),(82,266,'Papinjärventie 8, 90460 Oulunsalo\ntel: 045 1205666\n\nusually not available in winter\nreservation needed',1,0,0,'2016-10-12 14:40:48'),(83,264,'Yes, I can. At Nallikari Oy. I go there by bus at afternoon and until 9pm',37,0,0,'2016-10-12 14:41:38'),(84,266,'Kauppalinnankatu 6, 90570\ntel: 044 7038022',2,0,0,'2016-10-12 14:42:31'),(85,262,'Yes, \nreservation, Papinjarventie 8, 90460 Oulunsalo',1,0,0,'2016-10-12 14:43:51'),(86,262,'from Tuesday to Friday, Linnanmaa ice hall, team sports',2,0,0,'2016-10-12 14:49:08'),(87,263,'',29,0,1,'2016-10-12 14:52:48'),(88,263,'it cost 700 euros',1,0,0,'2016-10-12 14:53:13'),(89,263,'you can play in outdoor playgroud for free in winter',2,0,0,'2016-10-12 14:53:55'),(90,263,'',3,0,1,'2016-10-12 14:54:02'),(91,263,'you can fishing on the lake',4,0,0,'2016-10-12 14:54:20'),(92,263,'there is little wave near the beach',5,0,0,'2016-10-12 14:54:57'),(93,263,'you can book the place from omapsoas',6,0,0,'2016-10-12 14:55:30'),(94,263,'',7,0,1,'2016-10-12 14:55:41'),(95,263,'the playground is free to use after official time',8,0,0,'2016-10-12 14:56:27'),(96,263,'there are summer paddling course for free with summer soort pass',12,0,0,'2016-10-12 14:57:45'),(97,264,'yes, I can, my friends and I will do the skydiving next month, at Oulu\'s airport, we find the information about it by searching \' oulu skydiving \'on the internet. And we can make an appointment by calling them ',1,0,0,'2016-10-13 09:34:16'),(98,264,'Yes, I could, but actually I just watched it, because I don\'t like ice hockey. I watched it around a sports place around Prisma, there are always some matches.',2,0,0,'2016-10-13 09:35:57'),(99,264,'No, I think it\'s hard to find a place to do the deep sea diving in oulu, at least I didn\'t hear about it',3,0,0,'2016-10-13 09:37:05'),(100,265,'',3,0,1,'2016-10-13 13:52:59'),(101,265,'',5,0,1,'2016-10-13 16:12:09'),(102,265,'I try to play volleyball at Linnama gym last Friday at 5pm with my friends',6,0,0,'2016-10-13 16:13:52'),(103,265,'',7,0,1,'2016-10-13 16:14:25'),(104,265,'',8,0,1,'2016-10-13 16:14:51'),(105,265,'',12,0,1,'2016-10-13 16:15:09'),(106,265,'',13,0,1,'2016-10-13 16:15:17'),(107,265,'',14,0,1,'2016-10-13 16:15:48'),(108,265,'',15,0,1,'2016-10-13 16:16:50'),(109,265,'I play badminton twice per week at Linnaean gym, usually during 4 to 5 pm with my friends',16,0,0,'2016-10-13 16:18:10'),(110,265,'',17,0,1,'2016-10-13 16:18:31'),(111,265,'',18,0,1,'2016-10-13 16:18:37'),(112,265,'I not usually play basketball, but sometimes I will go to see my friends play basketball in linnama gym at 8pm',19,0,0,'2016-10-13 16:20:02'),(113,265,'I willing to bicycling in summer after dinner, like 7pm, and around the lake near my home',20,0,0,'2016-10-13 16:21:29'),(114,265,'',21,0,1,'2016-10-13 16:21:35'),(115,265,'I work out four times per week and usually go to the gym near idea-park at 8pm',22,0,0,'2016-10-13 16:23:32'),(116,265,'',23,0,1,'2016-10-13 16:23:49'),(117,265,'',24,0,1,'2016-10-13 16:24:11'),(118,265,'',25,0,1,'2016-10-13 16:24:15'),(119,265,'',26,0,1,'2016-10-13 16:24:22'),(120,265,'',27,0,1,'2016-10-13 16:24:26'),(121,265,'I will attend the gymnastic course once a week in the gym near the idea park at 8pm',28,0,0,'2016-10-13 16:25:47'),(122,265,'',29,0,1,'2016-10-13 16:25:56'),(123,265,'',30,0,1,'2016-10-13 16:26:01'),(124,265,'',31,0,1,'2016-10-13 16:26:06'),(125,265,'',32,0,1,'2016-10-13 16:26:12'),(126,265,'',33,0,1,'2016-10-13 16:26:30'),(127,265,'',34,0,1,'2016-10-13 16:26:36'),(128,265,'I go to swimming twice per month, the swim pool that near the police station would be my first choose and I usually go to swim at 6pm',35,0,0,'2016-10-13 16:28:35'),(129,265,'',36,0,1,'2016-10-13 16:28:40'),(130,265,'I go to swimming twice per month, usually choose the swim pool near the police station and go to swim with my friends at 6pm',37,0,0,'2016-10-13 16:30:22'),(131,265,'',38,0,1,'2016-10-13 16:30:29'),(132,265,'I would like running sometimes in summer, like 8am or 8pm',39,0,0,'2016-10-13 16:31:47');
/*!40000 ALTER TABLE `oulu_hobbies_deliverables` ENABLE KEYS */;
UNLOCK TABLES;

--
-- Table structure for table `purchases`
--

DROP TABLE IF EXISTS `purchases`;
/*!40101 SET @saved_cs_client     = @@character_set_client */;
/*!40101 SET character_set_client = utf8 */;
CREATE TABLE `purchases` (
  `id` int(255) unsigned NOT NULL AUTO_INCREMENT,
  `fk_user_id` int(11) unsigned NOT NULL DEFAULT '0',
  `name` text NOT NULL,
  `created_at` datetime DEFAULT NULL,
  PRIMARY KEY (`id`),
  KEY `FK_USER_PURCHASES` (`fk_user_id`),
  CONSTRAINT `FK_USER_PURCHASES` FOREIGN KEY (`fk_user_id`) REFERENCES `users` (`id`)
) ENGINE=InnoDB AUTO_INCREMENT=6 DEFAULT CHARSET=latin1 COMMENT='This table contains the user prize purchases';
/*!40101 SET character_set_client = @saved_cs_client */;

--
-- Dumping data for table `purchases`
--

LOCK TABLES `purchases` WRITE;
/*!40000 ALTER TABLE `purchases` DISABLE KEYS */;
INSERT INTO `purchases` VALUES (1,18,'movieticket','2016-10-11 19:50:11'),(2,271,'twentyFiveEuroVoucher','2016-10-12 19:41:01'),(3,266,'twentyFiveEuroVoucher','2016-10-13 13:07:23'),(4,264,'tenEuroVoucher','2016-10-13 13:53:30'),(5,265,'twentyFiveEuroVoucher','2016-10-13 19:36:15');
/*!40000 ALTER TABLE `purchases` ENABLE KEYS */;
UNLOCK TABLES;

--
-- Table structure for table `situated_hobbies`
--

DROP TABLE IF EXISTS `situated_hobbies`;
/*!40101 SET @saved_cs_client     = @@character_set_client */;
/*!40101 SET character_set_client = utf8 */;
CREATE TABLE `situated_hobbies` (
  `hobby_id` int(50) unsigned NOT NULL AUTO_INCREMENT,
  `fk_user_id` int(11) unsigned NOT NULL,
  `sky_diving` int(1) NOT NULL,
  `sky_diving_found_text` text,
  `ice_hockey` int(1) NOT NULL,
  `ice_hockey_found_text` text,
  `deep_sea_diving` int(1) NOT NULL,
  `deep_sea_diving_found_text` text,
  `fishing` int(1) NOT NULL,
  `fishing_found_text` text,
  `sea_surfing` int(1) NOT NULL,
  `sea_surfing_found_text` text,
  `volleyball` int(1) NOT NULL,
  `volleyball_found_text` text,
  `cricket` int(1) NOT NULL,
  `cricket_found_text` text,
  `football` int(1) NOT NULL,
  `football_found_text` text,
  `time_taken` int(11) unsigned NOT NULL,
  `created` datetime DEFAULT NULL,
  `updated` datetime DEFAULT NULL,
  PRIMARY KEY (`hobby_id`),
  KEY `FK_USER_SITUATED_HOBBIES` (`fk_user_id`),
  CONSTRAINT `FK_USER_SITUATED_HOBBIES` FOREIGN KEY (`fk_user_id`) REFERENCES `users` (`id`)
) ENGINE=InnoDB AUTO_INCREMENT=9 DEFAULT CHARSET=latin1 COMMENT='This table contains the hobbies that a user can find in oulu.';
/*!40101 SET character_set_client = @saved_cs_client */;

--
-- Dumping data for table `situated_hobbies`
--

LOCK TABLES `situated_hobbies` WRITE;
/*!40000 ALTER TABLE `situated_hobbies` DISABLE KEYS */;
INSERT INTO `situated_hobbies` VALUES (8,18,0,'',0,'',0,'',0,'',0,'',0,'',0,'',0,'',3,'2016-08-07 12:17:54',NULL);
/*!40000 ALTER TABLE `situated_hobbies` ENABLE KEYS */;
UNLOCK TABLES;

--
-- Table structure for table `student_housing_deliverable`
--

DROP TABLE IF EXISTS `student_housing_deliverable`;
/*!40101 SET @saved_cs_client     = @@character_set_client */;
/*!40101 SET character_set_client = utf8 */;
CREATE TABLE `student_housing_deliverable` (
  `deliverable_id` int(255) unsigned NOT NULL AUTO_INCREMENT,
  `fk_user_id` int(11) unsigned NOT NULL,
  `fk_housing_location_id` int(11) unsigned NOT NULL,
  `cleanliness` int(1) unsigned DEFAULT NULL,
  `nearby_services` int(1) unsigned DEFAULT NULL,
  `location` int(1) unsigned DEFAULT NULL,
  `cost` int(1) unsigned DEFAULT NULL,
  `internet` int(1) unsigned DEFAULT NULL,
  `maintenance` int(1) unsigned DEFAULT NULL,
  `is_skipped` int(1) unsigned DEFAULT NULL,
  `time_taken` int(11) unsigned DEFAULT NULL,
  `created` datetime DEFAULT NULL,
  PRIMARY KEY (`deliverable_id`)
) ENGINE=InnoDB AUTO_INCREMENT=97 DEFAULT CHARSET=latin1;
/*!40101 SET character_set_client = @saved_cs_client */;

--
-- Dumping data for table `student_housing_deliverable`
--

LOCK TABLES `student_housing_deliverable` WRITE;
/*!40000 ALTER TABLE `student_housing_deliverable` DISABLE KEYS */;
INSERT INTO `student_housing_deliverable` VALUES (1,18,3,1,1,1,1,1,1,1,3,'2016-08-11 19:31:12'),(2,224,5,5,5,5,5,5,5,0,9,'2016-08-11 19:37:50'),(3,18,1,0,0,0,0,0,0,1,4,'2016-08-14 10:44:07'),(4,241,4,4,4,3,2,2,3,0,5,'2016-08-22 16:14:16'),(5,18,2,0,0,0,0,0,0,1,8,'2016-08-23 22:23:07'),(6,245,4,4,5,5,3,3,4,0,29,'2016-09-25 11:29:50'),(7,244,2,0,1,1,5,4,4,0,35,'2016-09-25 11:37:29'),(8,244,1,1,3,1,2,4,1,0,18,'2016-09-25 11:37:48'),(9,244,3,4,3,2,4,4,3,0,93,'2016-09-25 11:39:21'),(10,246,2,0,4,2,0,4,0,0,31,'2016-09-25 11:49:35'),(11,246,1,0,5,5,1,0,0,0,18,'2016-09-25 11:49:53'),(12,246,3,0,2,2,4,0,0,0,70,'2016-09-25 11:51:03'),(13,246,4,0,0,0,0,0,0,1,16,'2016-09-25 11:51:19'),(14,246,5,5,2,3,4,5,4,0,33,'2016-09-25 11:51:53'),(15,246,6,4,4,5,4,1,4,0,67,'2016-09-25 11:53:01'),(16,246,7,4,1,1,4,0,0,0,21,'2016-09-25 11:53:22'),(17,246,8,0,0,0,0,0,0,1,6,'2016-09-25 11:53:28'),(18,18,4,1,1,1,1,1,1,0,13,'2016-10-05 13:02:13'),(19,18,5,0,0,0,0,0,0,1,8,'2016-10-05 13:02:22'),(20,257,8,0,0,0,0,0,0,1,0,'2016-10-07 08:08:42'),(21,257,1,5,4,5,3,3,5,0,0,'2016-10-07 08:10:16'),(22,257,2,0,0,0,0,0,0,1,0,'2016-10-07 08:10:23'),(23,257,3,0,0,0,0,0,0,1,0,'2016-10-07 08:10:29'),(24,257,4,5,5,4,5,5,5,0,0,'2016-10-07 08:12:01'),(25,257,5,5,5,4,3,5,5,0,0,'2016-10-07 08:13:21'),(26,257,6,0,0,0,0,0,0,1,0,'2016-10-07 08:28:22'),(27,257,7,0,0,0,0,0,0,1,0,'2016-10-07 08:28:27'),(28,258,2,4,5,4,3,5,3,0,0,'2016-10-07 17:45:54'),(29,258,1,5,5,5,2,5,4,0,0,'2016-10-07 17:47:17'),(30,258,3,4,4,5,3,5,4,0,0,'2016-10-07 17:47:53'),(31,258,4,3,3,3,5,4,2,0,0,'2016-10-07 17:48:55'),(32,258,5,4,3,4,3,4,4,0,0,'2016-10-07 17:49:35'),(33,258,6,3,4,3,3,4,4,0,0,'2016-10-07 17:50:01'),(34,258,7,3,5,4,2,5,3,0,0,'2016-10-07 17:50:29'),(35,259,1,0,0,0,0,0,0,1,0,'2016-10-07 18:26:26'),(36,258,8,4,3,3,4,4,4,0,0,'2016-10-07 18:27:12'),(37,259,2,4,4,5,4,3,5,0,0,'2016-10-07 18:28:44'),(38,259,3,4,5,4,4,4,5,0,0,'2016-10-07 18:29:00'),(39,259,4,4,5,5,4,5,4,0,0,'2016-10-07 18:29:17'),(40,259,5,5,3,4,4,4,5,0,0,'2016-10-07 18:29:38'),(41,259,6,4,5,5,4,5,5,0,0,'2016-10-07 18:30:00'),(42,259,7,5,4,5,4,0,5,0,0,'2016-10-07 18:30:17'),(43,259,8,0,0,0,0,0,0,1,0,'2016-10-07 18:30:24'),(44,259,9,0,0,0,0,0,0,1,0,'2016-10-07 18:30:32'),(45,259,10,4,5,4,5,0,0,0,0,'2016-10-07 18:30:44'),(46,259,11,0,0,0,0,0,0,1,0,'2016-10-07 18:31:05'),(47,264,7,4,3,2,3,4,4,0,0,'2016-10-12 14:23:31'),(48,264,1,0,0,0,0,0,0,1,0,'2016-10-12 14:23:40'),(49,263,11,0,0,0,0,0,0,1,0,'2016-10-12 14:39:29'),(50,265,11,4,3,3,3,4,4,0,0,'2016-10-12 14:40:06'),(51,265,1,4,5,5,3,4,4,0,0,'2016-10-12 14:41:04'),(52,265,2,4,4,3,3,5,3,0,0,'2016-10-12 14:42:15'),(53,264,2,4,5,3,3,4,4,0,0,'2016-10-12 14:43:24'),(54,264,3,4,4,3,3,4,4,0,0,'2016-10-12 14:45:54'),(55,264,4,4,3,5,4,4,3,0,0,'2016-10-12 14:46:17'),(56,264,5,5,5,3,5,5,5,0,0,'2016-10-12 14:46:52'),(57,263,1,4,4,4,5,4,4,0,0,'2016-10-12 14:47:21'),(58,266,7,0,0,0,0,0,0,1,0,'2016-10-12 14:47:21'),(59,263,2,3,4,4,4,4,4,0,0,'2016-10-12 14:47:37'),(60,263,3,4,4,4,2,5,4,0,0,'2016-10-12 14:47:52'),(61,266,1,4,5,5,3,0,0,0,0,'2016-10-12 14:47:52'),(62,266,2,4,5,4,3,4,5,0,0,'2016-10-12 14:48:23'),(63,264,6,4,5,3,3,4,3,0,0,'2016-10-12 14:48:26'),(64,266,3,3,1,2,4,0,2,0,0,'2016-10-12 14:49:07'),(65,266,4,4,4,3,4,5,5,0,0,'2016-10-12 14:50:01'),(66,266,5,5,5,5,5,5,5,0,0,'2016-10-12 14:50:46'),(67,266,6,5,5,5,5,5,5,0,0,'2016-10-12 14:51:01'),(68,266,8,0,0,0,0,0,0,1,0,'2016-10-12 14:51:40'),(69,270,3,4,4,4,3,3,4,0,0,'2016-10-12 18:00:06'),(70,270,1,3,4,4,3,3,3,0,0,'2016-10-12 18:00:44'),(71,271,4,5,3,4,3,5,4,0,0,'2016-10-12 18:00:57'),(72,271,1,5,3,3,5,4,4,0,0,'2016-10-12 18:16:05'),(73,271,2,0,0,0,0,0,0,1,0,'2016-10-12 18:16:30'),(74,271,3,0,0,0,0,0,0,1,0,'2016-10-12 18:16:40'),(75,271,5,4,3,5,4,5,0,0,0,'2016-10-12 18:17:00'),(76,271,6,0,0,0,0,0,0,1,0,'2016-10-12 18:17:06'),(77,271,7,4,2,2,4,5,3,0,0,'2016-10-12 18:17:22'),(78,271,8,0,0,0,0,0,0,1,0,'2016-10-12 18:17:29'),(79,271,9,0,0,0,0,0,0,1,0,'2016-10-12 18:17:34'),(80,271,10,0,0,0,0,0,0,1,0,'2016-10-12 18:17:38'),(81,271,11,0,0,0,0,0,0,1,0,'2016-10-12 18:17:43'),(82,262,6,4,0,3,3,3,4,0,0,'2016-10-12 18:30:29'),(83,262,1,0,0,0,0,0,0,1,0,'2016-10-12 18:30:47'),(84,262,2,0,0,0,0,0,0,1,0,'2016-10-12 18:30:51'),(85,262,3,0,0,0,0,0,0,1,0,'2016-10-12 18:30:55'),(86,262,4,3,4,5,3,4,4,0,0,'2016-10-12 18:31:13'),(87,262,5,5,3,4,3,3,4,0,0,'2016-10-12 18:31:33'),(88,262,7,5,3,3,3,3,3,0,0,'2016-10-12 18:31:53'),(89,265,3,0,0,0,0,0,0,1,0,'2016-10-13 13:54:01'),(90,265,4,5,4,4,3,5,5,0,0,'2016-10-13 13:54:34'),(91,265,5,4,4,5,3,5,5,0,0,'2016-10-13 13:54:58'),(92,265,6,4,5,5,4,3,3,0,0,'2016-10-13 13:57:11'),(93,265,7,3,4,3,3,4,4,0,0,'2016-10-13 13:59:06'),(94,265,8,0,0,0,0,0,0,1,0,'2016-10-13 13:59:37'),(95,265,9,0,0,0,0,0,0,1,0,'2016-10-13 14:00:00'),(96,265,10,4,4,3,3,4,3,0,0,'2016-10-13 14:00:49');
/*!40000 ALTER TABLE `student_housing_deliverable` ENABLE KEYS */;
UNLOCK TABLES;

--
-- Table structure for table `student_housing_deliverables`
--

DROP TABLE IF EXISTS `student_housing_deliverables`;
/*!40101 SET @saved_cs_client     = @@character_set_client */;
/*!40101 SET character_set_client = utf8 */;
CREATE TABLE `student_housing_deliverables` (
  `id` int(255) unsigned NOT NULL AUTO_INCREMENT,
  `fk_user_id` int(11) unsigned NOT NULL,
  `keskusta_cleanliness` int(1) unsigned DEFAULT NULL,
  `keskusta_service` int(1) unsigned DEFAULT NULL,
  `keskusta_location` int(1) unsigned DEFAULT NULL,
  `keskusta_cost` int(1) unsigned DEFAULT NULL,
  `keskusta_internet_facility` int(1) unsigned DEFAULT NULL,
  `keskusta_no_information` int(1) unsigned DEFAULT NULL,
  `raksila_cleanliness` int(1) unsigned DEFAULT NULL,
  `raksila_service` int(1) unsigned DEFAULT NULL,
  `raksila_location` int(1) unsigned DEFAULT NULL,
  `raksila_cost` int(1) unsigned DEFAULT NULL,
  `raksila_internet_facility` int(1) unsigned DEFAULT NULL,
  `raksila_no_information` int(1) unsigned DEFAULT NULL,
  `alppila_cleanliness` int(1) unsigned DEFAULT NULL,
  `alppila_service` int(1) unsigned DEFAULT NULL,
  `alppila_location` int(1) unsigned DEFAULT NULL,
  `alppila_cost` int(1) unsigned DEFAULT NULL,
  `alppila_internet_facility` int(1) unsigned DEFAULT NULL,
  `alppila_no_information` int(1) unsigned DEFAULT NULL,
  `linnanmaa_cleanliness` int(1) unsigned DEFAULT NULL,
  `linnanmaa_service` int(1) unsigned DEFAULT NULL,
  `linnanmaa_location` int(1) unsigned DEFAULT NULL,
  `linnanmaa_cost` int(1) unsigned DEFAULT NULL,
  `linnanmaa_internet_facility` int(1) unsigned DEFAULT NULL,
  `linnanmaa_no_information` int(1) unsigned DEFAULT NULL,
  `syynimaa_cleanliness` int(1) unsigned DEFAULT NULL,
  `syynimaa_service` int(1) unsigned DEFAULT NULL,
  `syynimaa_location` int(1) unsigned DEFAULT NULL,
  `syynimaa_cost` int(1) unsigned DEFAULT NULL,
  `syynimaa_internet_facility` int(1) unsigned DEFAULT NULL,
  `syynimaa_no_information` int(1) unsigned DEFAULT NULL,
  `kaijonharju_cleanliness` int(1) unsigned DEFAULT NULL,
  `kaijonharju_service` int(1) unsigned DEFAULT NULL,
  `kaijonharju_location` int(1) unsigned DEFAULT NULL,
  `kaijonharju_cost` int(1) unsigned DEFAULT NULL,
  `kaijonharju_internet_facility` int(1) unsigned DEFAULT NULL,
  `kaijonharju_no_information` int(1) unsigned DEFAULT NULL,
  `toppila_cleanliness` int(1) unsigned DEFAULT NULL,
  `toppila_service` int(1) unsigned DEFAULT NULL,
  `toppila_location` int(1) unsigned DEFAULT NULL,
  `toppila_cost` int(1) unsigned DEFAULT NULL,
  `toppila_internet_facility` int(1) unsigned DEFAULT NULL,
  `toppila_no_information` int(1) unsigned DEFAULT NULL,
  `hoyhtya_cleanliness` int(1) unsigned DEFAULT NULL,
  `hoyhtya_service` int(1) unsigned DEFAULT NULL,
  `hoyhtya_location` int(1) unsigned DEFAULT NULL,
  `hoyhtya_cost` int(1) unsigned DEFAULT NULL,
  `hoyhtya_internet_facility` int(1) unsigned DEFAULT NULL,
  `hoyhtya_no_information` int(1) unsigned DEFAULT NULL,
  `peltola_cleanliness` int(1) unsigned DEFAULT NULL,
  `peltola_service` int(1) unsigned DEFAULT NULL,
  `peltola_location` int(1) unsigned DEFAULT NULL,
  `peltola_cost` int(1) unsigned DEFAULT NULL,
  `peltola_internet_facility` int(1) unsigned DEFAULT NULL,
  `peltola_no_information` int(1) unsigned DEFAULT NULL,
  `rajakyla_cleanliness` int(1) unsigned DEFAULT NULL,
  `rajakyla_location` int(1) unsigned DEFAULT NULL,
  `rajakyla_cost` int(1) unsigned DEFAULT NULL,
  `rajakyla_internet_facility` int(1) unsigned DEFAULT NULL,
  `rajakyla_no_information` int(1) unsigned DEFAULT NULL,
  `toivoniemi_cleanliness` int(1) unsigned DEFAULT NULL,
  `toivoniemi_service` int(1) unsigned DEFAULT NULL,
  `toivoniemi_cost` int(1) unsigned DEFAULT NULL,
  `toivoniemi_internet_facility` int(1) unsigned DEFAULT NULL,
  `toivoniemi_no_information` int(1) unsigned DEFAULT NULL,
  `time_taken` int(11) unsigned NOT NULL,
  `created` datetime DEFAULT NULL,
  `updated` datetime DEFAULT NULL,
  PRIMARY KEY (`id`),
  KEY `FK_STUDENT_HOUSING_USERS_USER_ID` (`fk_user_id`),
  CONSTRAINT `FK_STUDENT_HOUSING_USERS_USER_ID` FOREIGN KEY (`fk_user_id`) REFERENCES `users` (`id`)
) ENGINE=InnoDB DEFAULT CHARSET=latin1 COMMENT='This table contains the deliverables for the student housing task.';
/*!40101 SET character_set_client = @saved_cs_client */;

--
-- Dumping data for table `student_housing_deliverables`
--

LOCK TABLES `student_housing_deliverables` WRITE;
/*!40000 ALTER TABLE `student_housing_deliverables` DISABLE KEYS */;
/*!40000 ALTER TABLE `student_housing_deliverables` ENABLE KEYS */;
UNLOCK TABLES;

--
-- Table structure for table `survey_deliverables`
--

DROP TABLE IF EXISTS `survey_deliverables`;
/*!40101 SET @saved_cs_client     = @@character_set_client */;
/*!40101 SET character_set_client = utf8 */;
CREATE TABLE `survey_deliverables` (
  `id` int(255) unsigned NOT NULL AUTO_INCREMENT,
  `fk_user_id` int(11) unsigned NOT NULL,
  `gender` varchar(10) NOT NULL,
  `age` varchar(10) NOT NULL,
  `education` int(1) NOT NULL,
  `field_study` int(1) NOT NULL,
  `living` int(1) NOT NULL,
  `is_crowdsourcing_worker` int(1) NOT NULL,
  `is_reserved` int(1) NOT NULL,
  `is_generally_trusting` int(1) NOT NULL,
  `lazy` int(1) NOT NULL,
  `relaxed` int(1) NOT NULL,
  `artistic_interest` int(1) NOT NULL,
  `sociable` int(1) NOT NULL,
  `find_faults` int(1) NOT NULL,
  `thorough_job` int(1) NOT NULL,
  `nervous` int(1) NOT NULL,
  `active_imagination` int(1) NOT NULL,
  PRIMARY KEY (`id`),
  KEY `FK_USER_SURVEY` (`fk_user_id`),
  CONSTRAINT `FK_USER_SURVEY` FOREIGN KEY (`fk_user_id`) REFERENCES `users` (`id`)
) ENGINE=InnoDB AUTO_INCREMENT=14 DEFAULT CHARSET=latin1 COMMENT='This table contains the survey deliverablesof the users';
/*!40101 SET character_set_client = @saved_cs_client */;

--
-- Dumping data for table `survey_deliverables`
--

LOCK TABLES `survey_deliverables` WRITE;
/*!40000 ALTER TABLE `survey_deliverables` DISABLE KEYS */;
INSERT INTO `survey_deliverables` VALUES (3,18,'Male','78',1,1,1,1,1,1,1,1,1,1,1,1,1,1),(4,258,'Male','25',4,1,2,2,1,5,4,5,4,5,4,4,1,5),(5,257,'Male','27',3,1,3,2,5,5,3,4,5,2,4,5,4,5),(6,259,'Male','24',3,4,2,1,1,5,2,3,4,5,2,4,3,5),(7,261,'Male','36',3,4,4,2,4,4,2,5,1,5,2,5,2,5),(8,267,'Male','17',1,6,4,2,3,3,3,3,3,3,3,3,3,3),(9,263,'Male','25',3,1,3,1,3,4,3,3,3,3,2,3,2,4),(10,262,'Male','25',3,4,3,1,3,4,1,2,2,1,1,3,4,5),(11,271,'Female','20',2,2,1,2,4,5,2,4,5,4,2,3,4,5),(12,266,'Male','25',3,1,3,2,3,4,4,4,5,3,4,4,4,4),(13,265,'Male','23',2,1,3,2,5,5,4,4,4,3,2,4,3,4);
/*!40000 ALTER TABLE `survey_deliverables` ENABLE KEYS */;
UNLOCK TABLES;

--
-- Table structure for table `task_categories`
--

DROP TABLE IF EXISTS `task_categories`;
/*!40101 SET @saved_cs_client     = @@character_set_client */;
/*!40101 SET character_set_client = utf8 */;
CREATE TABLE `task_categories` (
  `id` int(10) unsigned NOT NULL AUTO_INCREMENT,
  `name` varchar(50) NOT NULL,
  `description` text NOT NULL,
  PRIMARY KEY (`id`)
) ENGINE=InnoDB AUTO_INCREMENT=4 DEFAULT CHARSET=latin1 COMMENT='This table contains the categories of the tasks.\r\n1. Situated\r\n2. Location based\r\n3. Anywhere';
/*!40101 SET character_set_client = @saved_cs_client */;

--
-- Dumping data for table `task_categories`
--

LOCK TABLES `task_categories` WRITE;
/*!40000 ALTER TABLE `task_categories` DISABLE KEYS */;
INSERT INTO `task_categories` VALUES (1,'Situated','Task that you perform close around the tag.'),(2,'Located','Tasks in which you have to move to specific location.\r\n'),(3,'Anywhere','Tasks that you can perform anywhere irrespective of the location.');
/*!40000 ALTER TABLE `task_categories` ENABLE KEYS */;
UNLOCK TABLES;

--
-- Table structure for table `tasks`
--

DROP TABLE IF EXISTS `tasks`;
/*!40101 SET @saved_cs_client     = @@character_set_client */;
/*!40101 SET character_set_client = utf8 */;
CREATE TABLE `tasks` (
  `id` int(11) unsigned NOT NULL AUTO_INCREMENT,
  `task_name` varchar(32) NOT NULL,
  `task_description` text,
  `fk_task_category_id` int(10) unsigned NOT NULL,
  `screen_name` varchar(200) NOT NULL,
  `def_reward` int(11) unsigned NOT NULL,
  `created_at` datetime NOT NULL,
  `updated_at` datetime DEFAULT NULL,
  PRIMARY KEY (`id`),
  KEY `FK_TASKS_CATEGORY_CATEGORY_ID` (`fk_task_category_id`),
  CONSTRAINT `FK_TASKS_CATEGORY_CATEGORY_ID` FOREIGN KEY (`fk_task_category_id`) REFERENCES `task_categories` (`id`) ON DELETE CASCADE ON UPDATE CASCADE
) ENGINE=InnoDB AUTO_INCREMENT=15 DEFAULT CHARSET=latin1;
/*!40101 SET character_set_client = @saved_cs_client */;

--
-- Dumping data for table `tasks`
--

LOCK TABLES `tasks` WRITE;
/*!40000 ALTER TABLE `tasks` DISABLE KEYS */;
INSERT INTO `tasks` VALUES (3,'survey','This is a survey',3,'Online Survey',10,'0000-00-00 00:00:00','2015-09-09 14:52:19'),(4,'survey2','This is another survey',3,'Online survey 2',10,'0000-00-00 00:00:00','2015-09-09 14:52:19'),(5,'Visual Analysis','Answer which building is closer to you',3,'Visual Analysis',10,'0000-00-00 00:00:00','2015-09-12 08:38:27'),(6,'Sentiment Analysis','Categorize the sentence as positive, neutral or negative',3,'Sentiment Analysis',10,'0000-00-00 00:00:00','2015-09-12 08:40:14'),(8,'Image Identification','Translate the following Object in the image into Finnish',1,'Image Identification',20,'0000-00-00 00:00:00','2015-09-12 08:43:36'),(9,'Place a New Tag','Your Task is to place the printed tag to the location that has been described below',2,'Place a New Tag',0,'0000-00-00 00:00:00','2015-09-21 19:11:16'),(10,'Describe the place','Please visit the following location and describe it by answering simple questions',2,'Describe the Place',250,'0000-00-00 00:00:00','2015-10-18 16:19:26'),(11,'Word Translation','Translate the Following into Finnish',3,'Word Translation',10,'2016-06-26 17:05:31','2016-06-26 17:05:32'),(12,'Word Relevance','Please select a relevant word for the following sentence',3,'Word/Task Relevance',10,'0000-00-00 00:00:00','2016-07-07 22:28:48'),(13,'Hobbies in Oulu','Can you do the following hobby in Oulu. If yes give more information on it (when, where, how, etc.)',1,'Hobbies in Oulu',35,'2016-07-12 07:52:11','2016-07-12 07:52:12'),(14,'Student Housing','Please rate the Student Housing Areas for University Students',1,'Student Housing',50,'2016-08-10 19:57:13','2016-08-10 19:57:14');
/*!40000 ALTER TABLE `tasks` ENABLE KEYS */;
UNLOCK TABLES;

--
-- Table structure for table `user_tasks`
--

DROP TABLE IF EXISTS `user_tasks`;
/*!40101 SET @saved_cs_client     = @@character_set_client */;
/*!40101 SET character_set_client = utf8 */;
CREATE TABLE `user_tasks` (
  `id` int(11) unsigned NOT NULL AUTO_INCREMENT,
  `fk_task_id` int(11) unsigned NOT NULL DEFAULT '0',
  `fk_user_id` int(11) unsigned NOT NULL DEFAULT '0',
  `submitted_at` datetime NOT NULL DEFAULT '0000-00-00 00:00:00',
  `fk_status_id` int(11) unsigned NOT NULL DEFAULT '1',
  PRIMARY KEY (`id`),
  KEY `FK_USER_TASKS_TASKS` (`fk_task_id`),
  KEY `FK_USER_TASKS_USERS` (`fk_user_id`),
  KEY `FK_USER_TASKS_STATUSES` (`fk_status_id`),
  CONSTRAINT `FK_USER_TASKS_STATUSES` FOREIGN KEY (`fk_status_id`) REFERENCES `statuses` (`id`),
  CONSTRAINT `FK_USER_TASKS_TASKS` FOREIGN KEY (`fk_task_id`) REFERENCES `tasks` (`id`),
  CONSTRAINT `FK_USER_TASKS_USERS` FOREIGN KEY (`fk_user_id`) REFERENCES `users` (`id`)
) ENGINE=InnoDB AUTO_INCREMENT=3 DEFAULT CHARSET=latin1 COMMENT='This table contains the tasks that user have completed and either in pending, rejected and approved status';
/*!40101 SET character_set_client = @saved_cs_client */;

--
-- Dumping data for table `user_tasks`
--

LOCK TABLES `user_tasks` WRITE;
/*!40000 ALTER TABLE `user_tasks` DISABLE KEYS */;
INSERT INTO `user_tasks` VALUES (1,3,18,'2015-07-05 11:36:36',2),(2,4,18,'2015-07-05 11:36:36',2);
/*!40000 ALTER TABLE `user_tasks` ENABLE KEYS */;
UNLOCK TABLES;

--
-- Table structure for table `users`
--

DROP TABLE IF EXISTS `users`;
/*!40101 SET @saved_cs_client     = @@character_set_client */;
/*!40101 SET character_set_client = utf8 */;
CREATE TABLE `users` (
  `id` int(11) unsigned NOT NULL AUTO_INCREMENT,
  `username` char(12) NOT NULL,
  `password` char(32) NOT NULL,
  `balance` int(11) unsigned NOT NULL DEFAULT '0',
  `enabled` int(1) unsigned NOT NULL DEFAULT '1',
  PRIMARY KEY (`id`),
  UNIQUE KEY `name` (`username`)
) ENGINE=InnoDB AUTO_INCREMENT=272 DEFAULT CHARSET=latin1;
/*!40101 SET character_set_client = @saved_cs_client */;

--
-- Dumping data for table `users`
--

LOCK TABLES `users` WRITE;
/*!40000 ALTER TABLE `users` DISABLE KEYS */;
INSERT INTO `users` VALUES (4,'valtteri','cdafb8a3654d98cb96f82f0319fc237e',370,1),(5,'QinNai','dc7e1ce437a92d654d72797f797eea9d',462,1),(6,'fulidi','c3c41c86d8df0bdd209722de0a12bd9a',76,1),(7,'elsebai','1f04d0e45a1681d6309a235d53bde368',860,1),(8,'niohuka','a50eb22f91342f12ac1bde8af85b4d5a',624,1),(9,'anrytila','97f59282e395ae5feda5167a4589a79e',20,1),(10,'jodi','f35457a69babe5f1340a86cd415fc0fc',440,1),(11,'silentron','528c5dcf9d5fc2974fc10f3cb9c12735',635,1),(12,'partane','7207560e6b35c7869c61a3a9b7184e16',910,1),(13,'mmonney','3e118659c5bdd677748cbe9d0a59fa72',468,1),(14,'Pirttirieska','3fa011829094ab0a680bcd9c9e58951e',110,1),(15,'seunlaiyemo','c8d3a3cd16ccbbe11c90585dec8bfa0d',150,1),(16,'Skwrl','a314cd218c006279d09e0e3070d4f036',3879,1),(17,'Hanna','9e30ad7ad86beee3febe767de39c96aa',145,1),(18,'furqan','df4358b3b8209d8123ac6384d02ef8d0',350,1),(19,'gfunho','004893474ed1a678ab022bcb22bc6bea',330,1),(20,'henou','21becc92e0b90093c36d65cbfbd2bdeb',1615,1),(21,'cunccu','cfdf3e35e65a687a460d3083d169cb4f',438,1),(22,'flow','182ae4795fd5a53efb928bad0653f8ac',1635,1),(23,'okuuva','ae5c4118781c8d9b80bfe82d782b69ed',100,1),(24,'axordahaxor','b73bfb9a73e0971c4363753a12fc05be',1580,1),(25,'jiggly','baaa968912dda63ff2cb11692505ce33',150,1),(26,'uzairkhan','c73a1708dcd50fd13e456989a529a35a',120,1),(27,'jupikkar','d4bb4c52453e0f098e438c404c17c1fc',695,1),(28,'SonHurja\n','feef9d123c5f493155fcada7f1adcc66',790,1),(29,'Everkistus','7fcf4ed0b0c41dfe5ee4aa648e1c4587',440,1),(30,'kyosti','fd69f000cf0d7db5c2e77207e28732bd',1080,1),(31,'hane','aa413f503d5a7114ea05e2446c0969d7',1165,1),(32,'veikkojuhani','547979f9f279da15d0f11c31de940792',1480,1),(33,'Tidal','4cfdb2fea3d241828a5eee4102f54f95',755,1),(34,'mspBZ','f8aa46fe289cdb11965a760d29e50f08',130,1),(35,'phail3d','e27e4ac389d9a392948d87d4c759346c',135,1),(36,'uitoulu','64334670c959e845d28b9f6467afda42',260,1),(38,'ninar','b96133e44285f3c8c1c1624cb292153b',110,1),(39,'perkele','44f7da2bf4388c24faf5a6e197639689',345,1),(40,'lorency','2bea7d8f059346dcc1dc6bb78bb0d548',500,1),(41,'albuss','62cb2f5c57b46308a5a28e7fd29fff67',160,1),(42,'mareliini','f4df54a5881870a4c2b3e7470d276115',1108,1),(43,'metiliel','820dbdbffa27e1b1492e0f70ed695437',1035,1),(44,'pekkepee','56765b03b9a978e268ac6acaf68c6940',120,1),(45,'tuuri','c42439136bb76e11f5cf209f9bb0eac5',0,1),(46,'minntaur','29899f6d521b9eb53eeaa7cedf020ba7',1870,1),(47,'chadez','93910d1ba37bd48974bd7195bf6b5c90',945,1),(48,'V1N3','33da687f0cfd5e02abb89206c0e5f69b',1675,1),(49,'miika','b82386ff3201f72f81585e0c82dab764',262,1),(50,'esah','e04151da48b7fcf37699294f0c4a33d9',130,1),(51,'sami','8b162e48af7bb8592be8eaf9fd6e220e',160,1),(52,'yadjei','aadb5ec614cccdcdbc0aafca7d97a673',290,1),(53,'anokie','6474a3456947f8603ccf1b53e6a41874',1240,1),(54,'Henriette','fee1c36c5ecb98bd28d16a687a831544',120,1),(55,'vpukari','b520224301292b8df659ab9809f1a339',275,1),(56,'bennj09','917b0df268e9d29f14308d2b072a6baa',130,1),(57,'ardiana','deee1f8ad257954c3cd9efc1599c8033',110,1),(58,'iremmella','efc7bf3f03c12ed932a7d34778814bed',195,1),(59,'saseppal','83077c6d225d1e222e4e7b1bb9526197',498,1),(60,'pehmeajanis','894e12d865c853a5e70790b902aecbf6',825,1),(61,'luru92','bfa20715cd2c1afdae9c2de518da5a7e',120,1),(62,'annis','efc74cd94b004d2660e247cc4b9b9c9a',1415,1),(63,'lasses','a8486a2aaf7b9537a09937669a328f73',260,1),(64,'oliver','e4b4ad4c687be8faa9367e627e3e45bc',650,1),(67,'pitegelb','d7af329c5d8cfeb5f91770383b623d70',130,1),(68,'Kerle','c9835c0cc023c82092310645a2504856',1150,1),(69,'hontto1','bf47689daec7a806b9d1ebc94434455b',380,1),(70,'victor','999d39762818b158458208efc14480b0',250,1),(71,'ojssd','3509d9ceebec2d87314cac6e8d15d6ac',120,1),(72,'Lutrine','c571eab2443810ba26e99bd7d41c610f',230,1),(73,'laventeli','a5047e6fe63f0fa84c64fed008cd2cde',310,1),(75,'lollero45','528853a21aeec55af107ca88a4389db5',100,1),(76,'shl1397917\n','0cdd16a13b93a2679aeed10cb8fee660',100,1),(77,'julli','7a5f0c1cfc3cb586044291802e9cc2f1',130,1),(78,'anykanen','f851aeb4af046d0a856507f2d21457b2',810,1),(79,'soraFIN','bbef41fc961dd6db8ed47b4656241d75',590,1),(80,'markcopher','b5ed63b45e5df2f9094968312cec82f9',555,1),(82,'petteri','0add586ab18254b8da783e04b73ec1d8',600,1),(83,'waqar','9f63c913deb21d78eeea16368d904c70',1435,1),(85,'aleksi','f780c72d38656355b9dad682b8a94bc1',600,1),(88,'Soikkeli','54a1212ae3d6a9d09d24ed86f833e2bb',450,1),(91,'jeppis','58eb4c7050689b90fdfab06e16157611',260,1),(94,'rabbeli','1bd7d23360cfe3feaa33dafd27249c28',130,1),(96,'moneymaker','3a8c1dacacb96c2a2b0442105925dc22',120,1),(98,'asdfg','17d6c454939f70f342cb33be99c7e986',140,1),(99,'nikkeli','8b2d1eac2a8c8a85da40e1980c4f72cb',100,1),(100,'vesafani','28fbc3039080b73fecb21b2d1a9b74ba',130,1),(101,'Jussi','5d4fc120b6932e070cc1f00cf3804f31',665,1),(102,'Honya','388d55f3cb0c26a1182e2eb9458de70d',445,1),(103,'nuua','861cb6a6db7e2978f5c1ceb91b86662e',210,1),(104,'Noctu','01fb3e60aff5102563ed090ed0f296bb',2685,1),(105,'bereket','73f4cb2d135f10c2b425ebaace038ad0',130,1),(106,'duthoron','6a58aa8d9750b50b70d5bc720ed0fd47',245,1),(107,'ainstain','84b6b2ecd5adc8eff202c64e213de0bb',610,1),(108,'vaari','967bd8316124a99d6b88cac7e8297b21',0,1),(109,'mirka','c3f877af861c7d7ed47e4e58211af69c',840,1),(110,'someone','347eb2471dfd3d339163f2cdab1961b6',130,1),(111,'sampooko','53ddf787c77b6c2943fa598b27e210ae',510,1),(112,'jarpiili','1b7f75fcd8816e358db7b9fdc76e5393',171,1),(113,'nashpred','9ed6fcc67255ae4583346b081350f60d',2145,1),(114,'tttt','d7a3771c7dabe12554e0bcd62135c153',100,1),(115,'hrtavakoli','b88718183065d968f5c5e29a0a456c89',120,1),(116,'epeli','fdd552f37addc10b291f64462d52fae6',110,1),(117,'katti','ac82d4ce79597b29b3d0470c5308f242',700,1),(118,'Shafer','b0d4319942e634d1e390d137845226b8',140,1),(119,'jouni','ec0e9fb03bd1f4ea9cdc95bb041cad69',0,1),(120,'360degrees','a2b427e1c214cf3d4bb45a1d1a5e8a53',870,1),(121,'tatami','8358a3d39fb0c9fb8fe813a67a62f20b',247,1),(122,'suvi','467a2204b9be51d69f67e120e3f87d19',870,1),(123,'lazze','7750392ef974c5ebba5de0311972fd7e',1448,1),(124,'oronka','ac1a9f993895414b8ab55343c62c2119',680,1),(125,'dylan88','08e046fcc8e458f1b89d2e277ebd6010',65,1),(126,'tmuk','e776b1267775524d48adb55e32ff66dc',115,1),(127,'osmohyov','5ea6dc2916cbcbf86ff7868c7c65db72',250,1),(128,'narvi','aa34e9d61b40031845fd208109e130ca',240,1),(129,'pirttikp','d33722c575050102dcc096422e750e4b',344,1),(130,'procyon','8d0d589977622ddfd59d04e9bb19f6e6',125,1),(131,'ghjk','5e28111447cfb426dd9980f32d6198a2',160,1),(132,'pauli','89a4281f362711d872f18f501c200653',525,1),(133,'jani','d2ef7872a97dfa32a048da960b5c03a5',549,1),(134,'kukisti','63a7d876a56b7227950be2a0658d1958',200,1),(135,'Burger','64b839229a29e6bd0f6e45ab60784b5a',900,1),(136,'vilmuri91','181e866b376e1ddc373a5a6de4a18ebd',200,1),(137,'i7gigjy','a53b2aedbaccf8d8618d96857a451265',238,1),(138,'aewyatt','d0704b640f5abe1040b6ecd419f846b6',2170,1),(139,'Haseeb','e0e7dcb2ad9874afd6ee0ae3bbcd0127',550,1),(140,'ldsilva','39f44f7c1694d21af0a23dacb3d90731',825,1),(141,'laardi','003f4f4f97aa71540560a6bbbdabfafb',100,1),(142,'albertti','dce28eacf78857c6948f7c0c613b0abc',220,1),(143,'lndrntm','0d5ed06a347f2383d6d91bbe3cd6624f',640,1),(144,'arna1cb','2f6a0a346c85296535b972adeb2da061',0,1),(145,'masterod','8cb287451fc7accc918ee5f96be8fcb9',331,1),(146,'kaiWang','6ab856f8e380b82d0742b1f628bf2425',110,1),(147,'ttttt','eb966ee4d6c0080ff64f14cf36c973ab',100,1),(148,'JoKa','1268dcc17430ae1b29a46027a2ca3795',110,1),(149,'daminho','67632f355b7d7322303b8d7a7e2610db',330,1),(150,'ertuu','22e2f5102de0ec45ebfb75baf865367e',460,1),(151,'mike','3c0ae99260d919fbdab9f2c43f8f4b1e',390,1),(152,'hurdur','6be7154ee2010e50b00f12b2471d81af',0,1),(153,'visard','21bc39ae936a2ccbd0bfc2526f9f8585',0,1),(154,'tatti','76e0caac46851612e7a91e2526ddb27f',100,1),(155,'kshafqat','61a466430783df51f9ccc06851830abe',130,1),(156,'referrer','88e4a6b3620444599144f20ea9aab402',1520,1),(157,'biba','4aaa2d277e1294f5cabe34759f785011',184,1),(158,'mkaivoso','cd0e0a3f9fbec5841c6701c99b203023',924,1),(159,'MariKari','a3e571b5a76a3763da481aad20afb359',6065,1),(160,'jumaoj','5dc5075ae1f196b46f3035e78cf53bae',799,1),(161,'luke','ed5948748cb550ddeccb62dacf02705e',850,1),(162,'vaiski','7595541e150b7f896d8eb37e3ee0ba12',0,1),(163,'almq','3604e53959a5db8d75d42036513f792f',260,1),(164,'gyygeli','af171e2629eae3e8f9fe4de182ffca03',778,1),(165,'valerie','07f51910c398ec8e3572899b4e440f56',404,1),(166,'Cloud','195efee66193cd54dab84854f99b0471',48,1),(167,'sabidussi','53c2fc7667aedf0e753dd41d51ab338b',250,1),(168,'mkhalid','738fea151c3f46d7ef451ff626fba74f',145,1),(169,'tpaoi','357a2715b18845e3ab72b50a040f8593',0,1),(170,'derp','f7e8bcd068a7b237079bcddfa712791a',0,1),(171,'guidoz','434e7d36cd951740c22a9cadcc304232',0,1),(172,'julen','b4027efcc5d3c899e7dc98fae2222ae2',1550,1),(173,'gggg','2d85cda39f1790a0d0180f3f8d2f3cba',100,1),(174,'manailija','eeca6d66e3797371104e1c0950ea6269',0,1),(175,'allhu','57785b186d82d9b157036ff097e2bc37',335,1),(176,'pegs','b51fdc680eb3e0fe9111d7ff1b477c55',97,1),(177,'hmarin','09f5755101da0daabb66f804d9f15620',1285,1),(178,'ouspg','b2db2368607ed002a28ddd96b26a0504',100,1),(179,'nallepuh','029b26c4aee971a852822c077cc1684c',425,1),(180,'moravain','cf2d7dac49ddc52baaa19beeae72b806',86,1),(181,'joms','07e5e163f17bbad54e9c02f27a1d5e06',495,1),(182,'ksingh','fc937c9b0465ea1d5677ff260c7a237a',200,1),(183,'lemmes','5106b1cc9c23860f3104f5d47c17aea7',105,1),(184,'rafaeluab','5c1b692b77b86076c7c4fe5678d527ac',551,1),(185,'aggelosf','740d895961144cadba3e8788c2ccc1e5',100,1),(186,'napiton','aa9676e1dd1225cce9a6e2fca0e725b1',818,1),(187,'irtiza','2376154163e114a39f4dbbf4d4da62fd',145,1),(188,'katona','c8307b28c8e185f5494c2b1b76c8fb1f',230,1),(189,'puuro','4a8da295f08f4767a94d3a528b4360ea',125,1),(190,'abc123','3a559f1f6dc4ad5bb6765e8c162f9d46',140,1),(191,'kala','d6cf258cb0db4becdc0ceee4d7eb6cb0',764,1),(192,'jennyn','5c625498315f37a52ad607b6692451a1',1075,1),(193,'qqqq','17d40838e03177bea1e3d78e232f1fb6',128,1),(194,'tohtonen','1e50d33a15f5140140abd494200a2864',175,1),(195,'Haukka','bc15a08aaf027ed02a78be14b0c759e2',100,1),(196,'pessi69','ff8b87167325e99d75395b2c167fd505',540,1),(197,'kinuski','ee8532b16b377a73eef01d564048b82d',34,1),(198,'hildurbia','7d78e64af4f08371d4d385b0b241b40b',325,1),(199,'aleksisi','948f2d5e09a4c10cba0bbd13dacf37b5',205,1),(200,'heleijaa','9d4f8dbfedd7592bdb7541dd6c948a41',0,1),(201,'perttu','55b722e9532f530bf1697660903af667',600,1),(202,'Tyndlerin','423c64941f9509945485155f9361db29',385,1),(203,'aaaa','86951bf8ff66de7b607ec87fb01482ef',280,1),(204,'henchoz','8ddef05d82afe841ea0f6a18b1c3be9b',100,1),(205,'jarikari','f24d9dd5a92f36059335ed1f08d46ba9',0,1),(206,'gonner','2ff662cb10d6aa2e8408389921bef902',145,1),(207,'haichutxiu','df2fba4b1e936fc04d1c9fdf49a6a7af',210,1),(208,'juuja','a1581e54f9a1153c920f0380c535f1c5',71,1),(209,'olppa','7f08d520afdf65f0696be33df86e4925',190,1),(210,'iran88','3e2163fa16b7228af523323327ab76cc',435,1),(211,'msanka','4e5dc28ade7fe1a812f6f29690b3fcce',235,1),(212,'admin','a2053546fc4f48bedbcbe36ad05c73fa',400,1),(213,'demo','ac80f534698f42de13d33b588a851690',100,1),(215,'test2','d9af0bd0f01053e31771c646798724ec',100,1),(216,'test3','6f4030b803814506ace568b88642b300',100,1),(217,'skidi','70708f536e76526189acaab421e1bd63',100,1),(218,'testing','testacc',0,1),(220,'testing1','testacc',0,1),(222,'testacc','33c0fc48dfec3ddae7e3398e30e89a61',0,1),(223,'blablabla','1a36591bceec49c832079e270d7e8b73',0,1),(224,'furqan-ahmed','1a36591bceec49c832079e270d7e8b73',0,1),(225,'furqan_ahmed','df4358b3b8209d8123ac6384d02ef8d0',0,1),(226,'etfgs','df4358b3b8209d8123ac6384d02ef8d0',0,1),(227,'furqan09090','9aa647b6a197360c7eb419e65688a939',0,1),(228,'faizanahmed','e10adc3949ba59abbe56e057f20f883e',0,1),(229,'fffff','71f396e4134a1160d90bb1439876df31',0,1),(230,'rrrrrrr','dab5b23703d114558022b4b4c995379b',0,1),(231,'rfrfrf','2673513952dabe341914f239ce1665d1',0,1),(232,'Qwerty','d8578edf8458ce06fbc5bb76a58c5ca4',0,1),(233,'furqan1234','dea11674eb3fc8dd363c095198663cdb',0,1),(234,'yyyyy','94e7d712742adbbb7a73a1d52a7cc1a9',0,1),(235,'qqqqqq','343b1c4a3ea721b2d640fc8700db0f36',0,1),(236,'wwwwww','d785c99d298a4e9e6e13fe99e602ef42',0,1),(237,'eeeeee','cd87cd5ef753a06ee79fc75dc7cfe66c',0,1),(238,'tttttt','bcc720f2981d1a68dbd66ffd67560c37',0,1),(239,'yyyyyy','94e7d712742adbbb7a73a1d52a7cc1a9',0,1),(240,'uuuuuu','8de1ebe5220196d6acdb486f346fe162',0,1),(241,'Jorge','d67326a22642a324aa1b0745f2f17abb',10,1),(242,'Test','098f6bcd4621d373cade4e832627b4f6',30,1),(243,'Mmm','c4efd5020cb49b9d3257ffa0fbccc0ae',0,1),(244,'Moun','4c8ab89227102ea1d8542dc2827bb95f',170,1),(245,'Mahmoud','e10adc3949ba59abbe56e057f20f883e',460,1),(246,'san','38ba808e3e671867f330d41ebe35d0fc',230,1),(247,'furqanfurqan','9aa647b6a197360c7eb419e65688a939',0,1),(248,'furqan+1','7f2ababa423061c509f4923dd04b6cf1',0,1),(249,'furqan+2','cc03e747a6afbbcbf8be7668acfebee5',0,1),(250,'furqan+3','cc03e747a6afbbcbf8be7668acfebee5',0,1),(251,'furqan+4','cc03e747a6afbbcbf8be7668acfebee5',0,1),(252,'test+21','cc03e747a6afbbcbf8be7668acfebee5',0,1),(253,'test+22','16d7a4fca7442dda3ad93c9a726597e4',0,1),(254,'test+24','df4358b3b8209d8123ac6384d02ef8d0',0,1),(255,'test+25','df4358b3b8209d8123ac6384d02ef8d0',0,1),(256,'Teste','698dc19d489c4e4db73e28a713eab07b',0,1),(257,'furqantest','098f6bcd4621d373cade4e832627b4f6',625,1),(258,'tkumar','6572bdaff799084b973320f43f09b363',2100,1),(259,'mhasnain','e08a4f1ce2b4e04939485d635754ca95',3315,1),(260,'furqan6789','df4358b3b8209d8123ac6384d02ef8d0',0,1),(261,'harry','637f9c698af8110d01a765c320dec874',1025,1),(262,'zjj','a0e4151f17ee506abaadabc11d4e664d',2530,1),(263,'pli','e2fc714c4727ee9395f324cd2e7f331f',2515,1),(264,'chenhaoyu','202cb962ac59075b964b07152d234b70',530,1),(265,'boli','e10adc3949ba59abbe56e057f20f883e',515,1),(266,'jwcnwh','d39d49da29add830cafe7169e7bcf5d5',140,1),(267,'Puda00','d600f19538e606da7d988b1e132cdc47',300,1),(268,'mpt','8c405c388caf71e0d5497d297c046966',0,1),(269,'Valtterip','2c30b84705459734ed34d2088e265b2d',200,1),(270,'sunjia','2e567a9780c9136d5ac1f9b6b044d64c',390,1),(271,'zpei','483784446f2427acc930203aacd25768',0,1);
/*!40000 ALTER TABLE `users` ENABLE KEYS */;
UNLOCK TABLES;
/*!40103 SET TIME_ZONE=@OLD_TIME_ZONE */;

/*!40101 SET SQL_MODE=@OLD_SQL_MODE */;
/*!40014 SET FOREIGN_KEY_CHECKS=@OLD_FOREIGN_KEY_CHECKS */;
/*!40014 SET UNIQUE_CHECKS=@OLD_UNIQUE_CHECKS */;
/*!40101 SET CHARACTER_SET_CLIENT=@OLD_CHARACTER_SET_CLIENT */;
/*!40101 SET CHARACTER_SET_RESULTS=@OLD_CHARACTER_SET_RESULTS */;
/*!40101 SET COLLATION_CONNECTION=@OLD_COLLATION_CONNECTION */;
/*!40111 SET SQL_NOTES=@OLD_SQL_NOTES */;

-- Dump completed on 2016-10-16 13:56:38
