-- MySQL dump 10.13  Distrib 5.7.15, for Linux (x86_64)
--
-- Host: 127.0.0.1    Database: crowdflow
-- ------------------------------------------------------
-- Server version	5.7.15

/*!40101 SET @OLD_CHARACTER_SET_CLIENT=@@CHARACTER_SET_CLIENT */;
/*!40101 SET @OLD_CHARACTER_SET_RESULTS=@@CHARACTER_SET_RESULTS */;
/*!40101 SET @OLD_COLLATION_CONNECTION=@@COLLATION_CONNECTION */;
/*!40101 SET NAMES utf8 */;
/*!40103 SET @OLD_TIME_ZONE=@@TIME_ZONE */;
/*!40103 SET TIME_ZONE='+00:00' */;
/*!40014 SET @OLD_UNIQUE_CHECKS=@@UNIQUE_CHECKS, UNIQUE_CHECKS=0 */;
/*!40014 SET @OLD_FOREIGN_KEY_CHECKS=@@FOREIGN_KEY_CHECKS, FOREIGN_KEY_CHECKS=0 */;
/*!40101 SET @OLD_SQL_MODE=@@SQL_MODE, SQL_MODE='NO_AUTO_VALUE_ON_ZERO' */;
/*!40111 SET @OLD_SQL_NOTES=@@SQL_NOTES, SQL_NOTES=0 */;

--
-- Table structure for table `authorities`
--

DROP TABLE IF EXISTS `authorities`;
/*!40101 SET @saved_cs_client     = @@character_set_client */;
/*!40101 SET character_set_client = utf8 */;
CREATE TABLE `authorities` (
  `authority_id` int(50) unsigned NOT NULL AUTO_INCREMENT,
  `fk_user_id` int(50) unsigned NOT NULL DEFAULT '0',
  `username` char(12) NOT NULL DEFAULT '0',
  `authority` varchar(50) NOT NULL DEFAULT '0',
  PRIMARY KEY (`authority_id`),
  KEY `FK_USER_USER_ID_AUTHORITY` (`fk_user_id`),
  KEY `FK_USER_USERNAME` (`username`),
  CONSTRAINT `FK_USER_USERNAME` FOREIGN KEY (`username`) REFERENCES `users` (`username`),
  CONSTRAINT `FK_USER_USER_ID_AUTHORITY` FOREIGN KEY (`fk_user_id`) REFERENCES `users` (`id`)
) ENGINE=InnoDB AUTO_INCREMENT=91 DEFAULT CHARSET=latin1 COMMENT='This table contains the user authorities';
/*!40101 SET character_set_client = @saved_cs_client */;

--
-- Dumping data for table `authorities`
--

LOCK TABLES `authorities` WRITE;
/*!40000 ALTER TABLE `authorities` DISABLE KEYS */;
INSERT INTO `authorities` VALUES (1,18,'furqan','ROLE_USER'),(7,241,'Jorge','ROLE_USER'),(10,244,'Moun','ROLE_USER'),(11,245,'Mahmoud','ROLE_USER'),(12,246,'san','ROLE_USER'),(23,258,'tkumar','ROLE_USER'),(24,259,'mhasnain','ROLE_USER'),(26,261,'harry','ROLE_USER'),(27,262,'zjj','ROLE_USER'),(28,263,'pli','ROLE_USER'),(29,264,'chenhaoyu','ROLE_USER'),(30,265,'boli','ROLE_USER'),(31,266,'jwcnwh','ROLE_USER'),(32,267,'Puda00','ROLE_USER'),(33,268,'mpt','ROLE_USER'),(34,269,'Valtterip','ROLE_USER'),(35,270,'sunjia','ROLE_USER'),(36,271,'zpei','ROLE_USER'),(37,272,'nanci','ROLE_USER'),(38,273,'king','ROLE_USER'),(39,274,'rislam2007','ROLE_USER'),(40,275,'Jani','ROLE_USER'),(41,276,'nepp','ROLE_USER'),(42,277,'zynamide','ROLE_USER'),(43,278,'mattire','ROLE_USER'),(44,279,'mcopher','ROLE_USER'),(45,280,'tauotila','ROLE_USER'),(46,281,'aamupuuro','ROLE_USER'),(47,282,'Mayzeng','ROLE_USER'),(48,283,'cunccu','ROLE_USER'),(49,284,'ndias','ROLE_USER'),(50,285,'Hamza.Khan','ROLE_USER'),(51,286,'hamalik','ROLE_USER'),(52,287,'Julius','ROLE_USER'),(53,288,'Veeramilla','ROLE_USER'),(54,289,'iqrakhan','ROLE_USER'),(55,290,'Topsa','ROLE_USER'),(56,291,'ryasmin','ROLE_USER'),(57,292,'yahmad','ROLE_USER'),(58,293,'fqasmi','ROLE_USER'),(59,294,'imuhamma','ROLE_USER'),(60,295,'atahir','ROLE_USER'),(61,296,'munim009','ROLE_USER'),(62,297,'Justam','ROLE_USER'),(63,298,'dante','ROLE_USER'),(64,299,'game','ROLE_USER'),(65,300,'Ilyas','ROLE_USER'),(66,301,'ubicomp','ROLE_USER'),(67,302,'Yasirwasli','ROLE_USER'),(68,303,'archade','ROLE_USER'),(69,304,'Tomi660','ROLE_USER'),(70,305,'arif','ROLE_USER'),(71,306,'carmen','ROLE_USER'),(72,307,'zchan','ROLE_USER'),(73,308,'piksu','ROLE_USER'),(74,309,'joonas','ROLE_USER'),(75,310,'amarilio','ROLE_USER'),(76,311,'SkyAnzel','ROLE_USER'),(77,312,'noumanb','ROLE_USER'),(78,313,'manish','ROLE_USER'),(79,314,'ban','ROLE_USER'),(80,315,'kissa123','ROLE_USER'),(81,316,'mahirsimaki','ROLE_USER'),(82,317,'mchau','ROLE_USER'),(83,318,'mmo','ROLE_USER'),(84,319,'edosti','ROLE_USER'),(85,320,'Zukushijirin','ROLE_USER'),(86,321,'furqancomag','ROLE_USER'),(87,322,'marif','ROLE_USER'),(88,323,'ababa','ROLE_USER'),(89,324,'sshafi','ROLE_USER'),(90,325,'joe','ROLE_USER');
/*!40000 ALTER TABLE `authorities` ENABLE KEYS */;
UNLOCK TABLES;

--
-- Table structure for table `aw_image_identification_deliverables`
--

DROP TABLE IF EXISTS `aw_image_identification_deliverables`;
/*!40101 SET @saved_cs_client     = @@character_set_client */;
/*!40101 SET character_set_client = utf8 */;
CREATE TABLE `aw_image_identification_deliverables` (
  `id` int(11) unsigned NOT NULL AUTO_INCREMENT,
  `resource_id` int(11) unsigned NOT NULL DEFAULT '0',
  `suggested_name` varchar(50) DEFAULT NULL,
  `fk_user_id` int(11) unsigned DEFAULT NULL,
  `time_taken` int(11) unsigned NOT NULL,
  `skipped` int(1) unsigned NOT NULL DEFAULT '1' COMMENT '0=rejected, 1=pending, 2=approved',
  `created` datetime DEFAULT NULL,
  `updated` datetime DEFAULT NULL,
  PRIMARY KEY (`id`),
  KEY `FK_TASK3_USER_USER_ID` (`fk_user_id`),
  KEY `FK_TASK3_IMAGE_RESOURCE_ID` (`resource_id`),
  CONSTRAINT `FK_TASK3_IMAGE_RESOURCE_ID` FOREIGN KEY (`resource_id`) REFERENCES `aw_image_identification_resources` (`resource_id`),
  CONSTRAINT `FK_TASK3_USER_USER_ID` FOREIGN KEY (`fk_user_id`) REFERENCES `users` (`id`)
) ENGINE=InnoDB AUTO_INCREMENT=1915 DEFAULT CHARSET=latin1 COMMENT='This table contains the history of tasks''s data that user enters while completing task3';
/*!40101 SET character_set_client = @saved_cs_client */;

--
-- Dumping data for table `aw_image_identification_deliverables`
--

LOCK TABLES `aw_image_identification_deliverables` WRITE;
/*!40000 ALTER TABLE `aw_image_identification_deliverables` DISABLE KEYS */;
INSERT INTO `aw_image_identification_deliverables` VALUES (32,1,'',18,56,1,'2016-08-20 23:52:36',NULL),(34,1,'applesini',241,30,0,'2016-08-22 16:06:23',NULL),(35,2,'',241,38,1,'2016-08-22 16:08:14',NULL),(40,2,'',18,1,1,'2016-09-10 08:25:04',NULL),(41,3,'',18,19,1,'2016-09-10 08:27:29','2016-09-10 08:27:52'),(42,4,'laptop',244,28,0,'2016-09-25 11:24:22',NULL),(43,1,'Samsung ',244,16,0,'2016-09-25 11:24:38',NULL),(44,2,'Alien',244,13,0,'2016-09-25 11:24:51',NULL),(45,3,'Vini',244,23,0,'2016-09-25 11:25:14',NULL),(46,49,'Tomaatti',245,14,0,'2016-09-25 11:26:51',NULL),(47,1,'Appelsiini',245,9,0,'2016-09-25 11:27:00',NULL),(48,2,'Banaani',245,7,0,'2016-09-25 11:27:08',NULL),(49,3,'Omena',245,8,0,'2016-09-25 11:27:16',NULL),(50,4,'Apricoosi',245,45,0,'2016-09-25 11:44:02',NULL),(51,5,'Avocado',245,49,0,'2016-09-25 11:44:52',NULL),(52,6,'Persikka',245,10,0,'2016-09-25 11:45:03',NULL),(53,5,'avokado',246,21,0,'2016-09-25 11:46:21',NULL),(54,1,'apelsiini',246,12,0,'2016-09-25 11:46:33',NULL),(55,2,'banaani',246,28,0,'2016-09-25 11:47:01',NULL),(56,3,'omena',246,22,0,'2016-09-25 11:47:24',NULL),(57,4,'',246,7,1,'2016-09-25 11:47:31',NULL),(58,6,'mustikka',246,7,0,'2016-09-25 11:47:38',NULL),(59,7,'',246,3,1,'2016-09-25 11:47:41',NULL),(60,8,'',246,29,1,'2016-09-25 11:48:10',NULL),(61,9,'mustikka',246,15,0,'2016-09-25 11:48:25',NULL),(62,7,'',245,3,1,'2016-09-25 11:48:54',NULL),(63,8,'',245,4,1,'2016-09-25 11:48:58',NULL),(64,9,'Mustikka',245,21,0,'2016-09-25 11:49:20',NULL),(65,10,'',245,6,1,'2016-09-25 11:49:26',NULL),(66,11,'',245,3,1,'2016-09-25 11:49:29',NULL),(67,12,'Persikka',245,10,0,'2016-09-25 11:49:39',NULL),(68,13,'',245,20,1,'2016-09-25 11:49:59',NULL),(69,5,'ggg',244,12,0,'2016-09-25 11:51:20',NULL),(70,14,'',245,4,1,'2016-09-25 11:53:22',NULL),(71,15,'Puolukka',245,26,0,'2016-09-25 11:53:48',NULL),(72,16,'',245,6,1,'2016-09-25 11:53:54',NULL),(73,17,'',245,4,1,'2016-09-25 11:53:58',NULL),(74,18,'',245,3,1,'2016-09-25 11:54:01',NULL),(75,19,'',245,14,1,'2016-09-25 11:54:15',NULL),(76,20,'',245,7,1,'2016-09-25 11:54:22',NULL),(77,21,'',245,5,1,'2016-09-25 11:54:27',NULL),(78,22,'',245,4,1,'2016-09-25 11:54:31',NULL),(79,23,'',245,39,1,'2016-09-25 11:55:10',NULL),(80,24,'',245,34,1,'2016-09-25 11:55:44',NULL),(81,25,'',245,3,1,'2016-09-25 11:55:48',NULL),(82,26,'Grappi',245,15,0,'2016-09-25 11:56:03',NULL),(83,27,'Viinirypale',245,19,0,'2016-09-25 11:56:22',NULL),(84,28,'',245,4,1,'2016-09-25 11:56:26',NULL),(85,29,'',245,2,1,'2016-09-25 11:56:28',NULL),(86,30,'',245,3,1,'2016-09-25 11:56:32',NULL),(87,31,'',245,6,1,'2016-09-25 11:56:39',NULL),(88,32,'',245,13,1,'2016-09-25 11:57:18',NULL),(89,4,'Aro',18,14,0,'2016-09-25 16:32:22',NULL),(90,5,'',18,114,1,'2016-09-25 16:34:18',NULL),(91,6,'',18,3,1,'2016-09-25 16:34:21',NULL),(92,7,'',18,9,1,'2016-09-25 16:34:31',NULL),(93,8,'testing',18,85,0,'2016-10-01 19:57:56',NULL),(94,9,'test',18,3,0,'2016-10-05 13:01:11',NULL),(95,12,'',258,0,1,'2016-10-07 08:04:11',NULL),(98,1,'Apple siini',258,0,0,'2016-10-07 08:04:42',NULL),(100,2,'Banani',258,0,0,'2016-10-07 08:05:05',NULL),(103,3,'Omena ',258,0,0,'2016-10-07 08:05:22',NULL),(104,29,'Musta marja',259,0,0,'2016-10-07 17:47:46',NULL),(105,1,'Oranssi',259,0,0,'2016-10-07 17:49:16',NULL),(106,2,'Bnnani',259,0,0,'2016-10-07 17:49:34',NULL),(107,3,'Omena',259,0,0,'2016-10-07 17:49:50',NULL),(108,4,'Persikka',259,0,0,'2016-10-07 17:50:08',NULL),(109,5,'',259,0,1,'2016-10-07 17:50:37',NULL),(110,6,'Sininen marjat',259,0,0,'2016-10-07 17:51:16',NULL),(111,7,'Ananas',259,0,0,'2016-10-07 17:52:17',NULL),(112,8,'Marjat',259,0,0,'2016-10-07 17:52:36',NULL),(113,9,'Sininen marja',259,0,0,'2016-10-07 17:53:07',NULL),(114,10,'Viinirypäleet',259,0,0,'2016-10-07 17:56:03',NULL),(115,11,'Vesimeloni',259,0,0,'2016-10-07 17:57:10',NULL),(116,12,'Punainen marja',259,0,0,'2016-10-07 17:57:29',NULL),(117,13,'Oranssi marja',259,0,0,'2016-10-07 17:58:04',NULL),(118,14,'Kookospähkinä',259,0,0,'2016-10-07 17:58:44',NULL),(119,15,'',259,0,1,'2016-10-07 17:59:00',NULL),(120,16,'Viinirypäleet',259,0,0,'2016-10-07 17:59:44',NULL),(121,17,'Persikka',259,0,0,'2016-10-07 18:00:01',NULL),(122,18,'Päivät',259,0,0,'2016-10-07 18:00:19',NULL),(123,19,'',259,0,1,'2016-10-07 18:00:31',NULL),(124,20,'',259,0,1,'2016-10-07 18:00:46',NULL),(125,21,'Musta marjat',259,0,0,'2016-10-07 18:01:09',NULL),(126,22,'',259,0,1,'2016-10-07 18:01:16',NULL),(127,23,'Kuva',259,0,0,'2016-10-07 18:02:11',NULL),(128,24,'',259,0,1,'2016-10-07 18:02:27',NULL),(129,25,'',259,0,1,'2016-10-07 18:02:40',NULL),(130,26,'Oranssi',259,0,0,'2016-10-07 18:02:54',NULL),(131,27,'Vinnirypäleet',259,0,0,'2016-10-07 18:03:24',NULL),(132,28,'Guva',259,0,0,'2016-10-07 18:49:20',NULL),(133,30,'',259,0,1,'2016-10-07 18:49:30',NULL),(134,4,'Aprikoosi',258,0,0,'2016-10-08 22:27:51',NULL),(135,5,'Avokado',258,0,0,'2016-10-08 22:29:03',NULL),(136,6,'Mustikka',258,0,0,'2016-10-08 22:30:07',NULL),(137,7,'',258,0,1,'2016-10-08 22:30:48',NULL),(138,8,'Mustaherukka',258,0,0,'2016-10-08 22:32:24',NULL),(139,9,'Mustikka',258,0,0,'2016-10-08 22:33:33',NULL),(140,10,'',258,0,1,'2016-10-08 22:34:51',NULL),(141,11,'',258,0,1,'2016-10-08 22:35:42',NULL),(142,13,'',258,0,1,'2016-10-08 22:36:23',NULL),(143,14,'Kookospahkina',258,0,0,'2016-10-08 22:37:05',NULL),(144,15,'',258,0,1,'2016-10-08 22:37:45',NULL),(145,16,'',258,0,1,'2016-10-08 22:38:20',NULL),(146,17,'',258,0,1,'2016-10-08 22:39:02',NULL),(147,18,'Taatelipalmu',258,0,0,'2016-10-08 22:39:52',NULL),(148,19,'',258,0,1,'2016-10-08 22:41:39',NULL),(149,20,'',258,0,1,'2016-10-08 22:42:43',NULL),(150,21,'Musta viinirypaleet',258,0,0,'2016-10-08 22:43:43',NULL),(151,22,'',258,0,1,'2016-10-08 22:43:48',NULL),(152,23,'',258,0,1,'2016-10-08 22:43:51',NULL),(153,25,'Karviaismarja',261,0,0,'2016-10-12 10:52:17',NULL),(154,1,'Appelsiini',261,0,0,'2016-10-12 10:52:33',NULL),(155,2,'Banaani',261,0,0,'2016-10-12 10:52:41',NULL),(156,3,'Omena',261,0,0,'2016-10-12 10:52:49',NULL),(157,4,'Aprikoosi',261,0,0,'2016-10-12 10:53:11',NULL),(158,5,'Avokado',261,0,0,'2016-10-12 10:53:22',NULL),(159,6,'Mustikka',261,0,0,'2016-10-12 10:54:21',NULL),(160,7,'Vadelma',261,0,0,'2016-10-12 10:54:39',NULL),(161,8,'Mustaherukka',261,0,0,'2016-10-12 10:54:46',NULL),(162,9,'Mustikka',261,0,0,'2016-10-12 10:54:56',NULL),(163,10,'Mesimarja',261,0,0,'2016-10-12 10:55:06',NULL),(164,11,'',261,0,1,'2016-10-12 10:55:14',NULL),(165,12,'Kirsikka',261,0,0,'2016-10-12 10:55:23',NULL),(166,13,'Hilla',261,0,0,'2016-10-12 10:55:31',NULL),(167,14,'Kookos',261,0,0,'2016-10-12 10:55:41',NULL),(168,15,'Puolukka',261,0,0,'2016-10-12 10:55:50',NULL),(169,16,'Punaherukka',261,0,0,'2016-10-12 10:56:29',NULL),(170,17,'',261,0,1,'2016-10-12 10:56:34',NULL),(171,18,'Taateli',261,0,0,'2016-10-12 10:56:40',NULL),(172,19,'',261,0,1,'2016-10-12 10:56:45',NULL),(173,43,'ananas',263,0,0,'2016-10-12 14:15:40',NULL),(174,1,'oranssi',263,0,0,'2016-10-12 14:16:13',NULL),(175,19,'pitaya',264,0,0,'2016-10-12 14:16:34',NULL),(176,2,'banaanit',263,0,0,'2016-10-12 14:16:51',NULL),(177,13,'pilvi marja',262,0,0,'2016-10-12 14:16:58',NULL),(178,1,'pranssi',262,0,0,'2016-10-12 14:17:20',NULL),(179,1,'oranssi',264,0,0,'2016-10-12 14:17:22',NULL),(180,2,'banaani',262,0,0,'2016-10-12 14:17:38',NULL),(181,3,'omena',263,0,0,'2016-10-12 14:17:45',NULL),(182,2,'banaanit',264,0,0,'2016-10-12 14:17:48',NULL),(183,3,'omena',262,0,0,'2016-10-12 14:18:02',NULL),(184,3,'omena',264,0,0,'2016-10-12 14:18:19',NULL),(185,4,'persikka',262,0,0,'2016-10-12 14:18:23',NULL),(186,5,'avokado',262,0,0,'2016-10-12 14:18:52',NULL),(187,6,'mustikat',262,0,0,'2016-10-12 14:19:09',NULL),(188,4,'Persikat',264,0,0,'2016-10-12 14:19:32',NULL),(189,5,'Avokado ',264,0,0,'2016-10-12 14:19:50',NULL),(190,7,'vadelma',262,0,0,'2016-10-12 14:19:56',NULL),(191,6,'Mustikat ',264,0,0,'2016-10-12 14:20:20',NULL),(192,8,'mustaherukka',262,0,0,'2016-10-12 14:20:36',NULL),(193,7,'Mulperipuu ',264,0,0,'2016-10-12 14:20:42',NULL),(194,9,'mustikat',262,0,0,'2016-10-12 14:20:54',NULL),(195,10,'karpalo',262,0,0,'2016-10-12 14:21:23',NULL),(196,11,'',262,0,1,'2016-10-12 14:21:50',NULL),(197,12,'kirsikka',262,0,0,'2016-10-12 14:22:11',NULL),(198,14,'kookospahkina',262,0,0,'2016-10-12 14:22:39',NULL),(199,15,'kirsikka',262,0,0,'2016-10-12 14:22:55',NULL),(200,16,'kirsikka',262,0,0,'2016-10-12 14:23:09',NULL),(201,11,'No idea',265,0,0,'2016-10-12 14:23:52',NULL),(202,17,'',262,0,1,'2016-10-12 14:24:46',NULL),(203,1,'Oranssi',265,0,0,'2016-10-12 14:25:01',NULL),(204,18,'paivamaarat',262,0,0,'2016-10-12 14:25:05',NULL),(205,19,'pitaya',262,0,0,'2016-10-12 14:25:20',NULL),(206,20,'durian',262,0,0,'2016-10-12 14:25:32',NULL),(207,2,'banaani',265,0,0,'2016-10-12 14:25:36',NULL),(208,3,'omena',265,0,0,'2016-10-12 14:26:08',NULL),(209,4,'persikat',263,0,0,'2016-10-12 14:26:23',NULL),(210,21,'',262,0,1,'2016-10-12 14:26:23',NULL),(211,22,'',262,0,1,'2016-10-12 14:26:30',NULL),(212,5,'avokado',263,0,0,'2016-10-12 14:26:51',NULL),(213,23,'viikunat',262,0,0,'2016-10-12 14:26:54',NULL),(214,21,'',266,0,1,'2016-10-12 14:27:09',NULL),(215,4,'persikka',265,0,0,'2016-10-12 14:27:10',NULL),(216,24,'wolfberry',262,0,0,'2016-10-12 14:27:13',NULL),(217,6,'mustikat',263,0,0,'2016-10-12 14:27:13',NULL),(218,7,'vadelma',263,0,0,'2016-10-12 14:27:42',NULL),(219,25,'kiivi',262,0,0,'2016-10-12 14:27:47',NULL),(220,26,'greippi',262,0,0,'2016-10-12 14:28:18',NULL),(221,8,'viinirypäle',263,0,0,'2016-10-12 14:28:23',NULL),(222,1,'applesiini',266,0,0,'2016-10-12 14:28:24',NULL),(223,27,'viinirypale',262,0,0,'2016-10-12 14:28:37',NULL),(224,9,'mustikat',263,0,0,'2016-10-12 14:28:44',NULL),(225,5,'avokado',265,0,0,'2016-10-12 14:28:55',NULL),(226,28,'vesimeloni',262,0,0,'2016-10-12 14:29:08',NULL),(227,20,'',261,0,1,'2016-10-12 14:29:13',NULL),(228,21,'Mustaherukka',261,0,0,'2016-10-12 14:29:21',NULL),(229,10,'mulperipuu',263,0,0,'2016-10-12 14:29:24',NULL),(230,22,'Paratiisihedelmä',261,0,0,'2016-10-12 14:29:30',NULL),(231,23,'Viikuna',261,0,0,'2016-10-12 14:29:37',NULL),(232,24,'Jalapeno',261,0,0,'2016-10-12 14:29:44',NULL),(233,2,'banani',266,0,0,'2016-10-12 14:29:45',NULL),(234,11,'',263,0,1,'2016-10-12 14:29:45',NULL),(235,26,'Greippi',261,0,0,'2016-10-12 14:29:51',NULL),(236,27,'Rypäle',261,0,0,'2016-10-12 14:29:58',NULL),(237,3,'omena',266,0,0,'2016-10-12 14:30:07',NULL),(238,12,'kirsikka',263,0,0,'2016-10-12 14:30:09',NULL),(239,29,'',262,0,1,'2016-10-12 14:30:30',NULL),(240,4,'persikat ',266,0,0,'2016-10-12 14:30:35',NULL),(241,13,'Yun Mei',263,0,0,'2016-10-12 14:30:42',NULL),(242,6,'mustikka',265,0,0,'2016-10-12 14:30:45',NULL),(243,30,'durian',262,0,0,'2016-10-12 14:30:46',NULL),(244,5,'avokado ',266,0,0,'2016-10-12 14:30:56',NULL),(245,14,'kookospähkinä',263,0,0,'2016-10-12 14:31:10',NULL),(246,6,'mustikka',266,0,0,'2016-10-12 14:31:16',NULL),(247,7,'vadelma',266,0,0,'2016-10-12 14:32:07',NULL),(248,15,'Hongmei',263,0,0,'2016-10-12 14:32:09',NULL),(249,16,'',263,0,1,'2016-10-12 14:32:13',NULL),(250,8,'karhunvatukka',266,0,0,'2016-10-12 14:32:32',NULL),(251,17,'luumut',263,0,0,'2016-10-12 14:32:43',NULL),(252,31,'oliivi',262,0,0,'2016-10-12 14:32:51',NULL),(253,7,'Vadelma',265,0,0,'2016-10-12 14:32:54',NULL),(254,9,'mustika ',266,0,0,'2016-10-12 14:32:57',NULL),(255,32,'',262,0,1,'2016-10-12 14:33:17',NULL),(256,18,'päivämäärät',263,0,0,'2016-10-12 14:33:17',NULL),(257,8,'',265,0,1,'2016-10-12 14:33:25',NULL),(258,10,'vadelma',266,0,0,'2016-10-12 14:33:25',NULL),(259,19,'pitaya',263,0,0,'2016-10-12 14:33:40',NULL),(260,11,'guava',266,0,0,'2016-10-12 14:33:49',NULL),(261,20,'durian',263,0,0,'2016-10-12 14:34:03',NULL),(262,33,'sitruuna',262,0,0,'2016-10-12 14:34:04',NULL),(263,9,'Mustikka',265,0,0,'2016-10-12 14:34:14',NULL),(264,12,'kirsikka',266,0,0,'2016-10-12 14:34:14',NULL),(265,21,'viinirypäle',263,0,0,'2016-10-12 14:34:24',NULL),(266,22,'',263,0,1,'2016-10-12 14:34:40',NULL),(267,13,'hilla',266,0,0,'2016-10-12 14:34:51',NULL),(268,23,'viikunat',263,0,0,'2016-10-12 14:35:04',NULL),(269,34,'lime',262,0,0,'2016-10-12 14:35:13',NULL),(270,14,'kookospähkinä',266,0,0,'2016-10-12 14:35:24',NULL),(271,24,'wolfberry',263,0,0,'2016-10-12 14:35:26',NULL),(272,35,'lychee',262,0,0,'2016-10-12 14:35:36',NULL),(273,10,'mulperipuu',265,0,0,'2016-10-12 14:35:41',NULL),(274,25,'viinirypäle',263,0,0,'2016-10-12 14:35:54',NULL),(275,15,'karviaismarja',266,0,0,'2016-10-12 14:36:00',NULL),(276,16,'',266,0,1,'2016-10-12 14:36:30',NULL),(277,17,'luumut',266,0,0,'2016-10-12 14:36:54',NULL),(278,18,'päivämäärät',266,0,0,'2016-10-12 14:37:30',NULL),(279,36,'mango',262,0,0,'2016-10-12 14:37:36',NULL),(280,19,'pitaya',266,0,0,'2016-10-12 14:37:49',NULL),(281,20,'durian',266,0,0,'2016-10-12 14:57:07',NULL),(282,22,'',266,0,1,'2016-10-12 14:57:13',NULL),(283,23,'viikunat',266,0,0,'2016-10-12 14:57:30',NULL),(284,24,'wolfberry',266,0,0,'2016-10-12 14:57:45',NULL),(285,25,'karviaismarja',266,0,0,'2016-10-12 14:58:08',NULL),(286,9,'Mustikka',269,0,0,'2016-10-12 16:56:35',NULL),(287,1,'Appelsiini',269,0,0,'2016-10-12 16:57:42',NULL),(288,2,'Banaani',269,0,0,'2016-10-12 16:57:52',NULL),(289,3,'Omena',269,0,0,'2016-10-12 16:57:58',NULL),(290,4,'Persikka',269,0,0,'2016-10-12 16:58:07',NULL),(291,5,'Avokado ',269,0,0,'2016-10-12 16:58:22',NULL),(292,6,'Mustikka',269,0,0,'2016-10-12 16:58:29',NULL),(293,16,'viinirypäle',271,0,0,'2016-10-12 18:12:09',NULL),(294,1,'oranssi',271,0,0,'2016-10-12 18:12:29',NULL),(295,2,'banaanit',271,0,0,'2016-10-12 18:13:10',NULL),(296,3,'omena',271,0,0,'2016-10-12 18:13:41',NULL),(297,4,'persikat',271,0,0,'2016-10-12 18:13:59',NULL),(298,5,'avokado',271,0,0,'2016-10-12 18:14:17',NULL),(299,6,'mustikat',271,0,0,'2016-10-12 18:14:34',NULL),(300,7,'mulperipuu',271,0,0,'2016-10-12 18:15:13',NULL),(301,37,'verkkomeloni',262,0,0,'2016-10-12 18:19:38',NULL),(302,38,'persikat',262,0,0,'2016-10-12 18:20:01',NULL),(303,39,'',262,0,1,'2016-10-12 18:20:13',NULL),(304,40,'',262,0,1,'2016-10-12 18:20:29',NULL),(305,41,'persikat',262,0,0,'2016-10-12 18:20:42',NULL),(306,42,'paarynat',262,0,0,'2016-10-12 18:21:00',NULL),(307,43,'ananas',262,0,0,'2016-10-12 18:21:15',NULL),(308,44,'luumut',262,0,0,'2016-10-12 18:21:37',NULL),(309,45,'persikat',262,0,0,'2016-10-12 18:24:24',NULL),(310,46,'greippi',262,0,0,'2016-10-12 18:24:39',NULL),(311,47,'',262,0,1,'2016-10-12 18:24:46',NULL),(312,48,'mansikat',262,0,0,'2016-10-12 18:25:04',NULL),(313,49,'tommaatti',262,0,0,'2016-10-12 18:25:19',NULL),(314,8,'karhunvatukka',271,0,0,'2016-10-12 19:20:50',NULL),(315,9,'mustikat',271,0,0,'2016-10-12 19:21:11',NULL),(316,10,'vadelma',271,0,0,'2016-10-12 19:21:30',NULL),(317,11,'Shakya',271,0,0,'2016-10-12 19:21:48',NULL),(318,12,'kirsikka',271,0,0,'2016-10-12 19:22:07',NULL),(319,13,'vadelma',271,0,0,'2016-10-12 19:22:45',NULL),(320,14,'kookospähkinä',271,0,0,'2016-10-12 19:23:12',NULL),(321,15,'vadelma',271,0,0,'2016-10-12 19:23:40',NULL),(322,17,'luumut',271,0,0,'2016-10-12 19:24:03',NULL),(323,18,'jujube',271,0,0,'2016-10-12 19:24:21',NULL),(324,19,'pitaya',271,0,0,'2016-10-12 19:24:45',NULL),(325,20,'durian',271,0,0,'2016-10-12 19:25:03',NULL),(326,21,'',271,0,1,'2016-10-12 19:25:16',NULL),(327,22,'',271,0,1,'2016-10-12 19:25:22',NULL),(328,23,'viikunat',271,0,0,'2016-10-12 19:25:49',NULL),(329,24,'wolfberry',271,0,0,'2016-10-12 19:26:15',NULL),(330,25,'',271,0,1,'2016-10-12 19:26:20',NULL),(331,26,'greippi',271,0,0,'2016-10-12 19:26:37',NULL),(332,27,'viinirypäle',271,0,0,'2016-10-12 19:26:53',NULL),(333,28,'guava',271,0,0,'2016-10-12 19:27:16',NULL),(334,29,'',271,0,1,'2016-10-12 19:27:22',NULL),(335,30,'jackfruit',271,0,0,'2016-10-12 19:27:42',NULL),(336,31,'',271,0,1,'2016-10-12 19:27:46',NULL),(337,32,'',271,0,1,'2016-10-12 19:27:49',NULL),(338,33,'sitruuna',271,0,0,'2016-10-12 19:28:08',NULL),(339,34,'kalkki',271,0,0,'2016-10-12 19:28:37',NULL),(340,35,'kalkki',271,0,0,'2016-10-12 19:30:11',NULL),(341,36,'mango',271,0,0,'2016-10-12 19:30:33',NULL),(342,37,'verkkomeloni',271,0,0,'2016-10-12 19:30:57',NULL),(343,38,'persikat',271,0,0,'2016-10-12 19:31:15',NULL),(344,39,'Vihreitä oliiveja',271,0,0,'2016-10-12 19:31:40',NULL),(345,40,'papaija',271,0,0,'2016-10-12 19:31:59',NULL),(346,41,'persikat',271,0,0,'2016-10-12 19:32:29',NULL),(347,42,'päärynä',271,0,0,'2016-10-12 19:32:50',NULL),(348,43,'ananas',271,0,0,'2016-10-12 19:33:07',NULL),(349,44,'mustaherukka',271,0,0,'2016-10-12 19:33:30',NULL),(350,45,'persikat',271,0,0,'2016-10-12 19:33:52',NULL),(351,46,'greippi',271,0,0,'2016-10-12 19:34:16',NULL),(352,47,'',271,0,1,'2016-10-12 19:34:19',NULL),(353,48,'mansikat',271,0,0,'2016-10-12 19:34:38',NULL),(354,49,'tomaatti',271,0,0,'2016-10-12 19:34:56',NULL),(355,26,'greippi',266,0,0,'2016-10-13 12:53:12',NULL),(356,27,'viinirypäle',266,0,0,'2016-10-13 12:53:59',NULL),(357,28,'papaija',266,0,0,'2016-10-13 12:54:27',NULL),(358,29,'luumu',266,0,0,'2016-10-13 12:54:47',NULL),(359,30,'jackfruit',266,0,0,'2016-10-13 12:55:00',NULL),(360,31,'jujube',266,0,0,'2016-10-13 12:55:15',NULL),(361,32,'',266,0,1,'2016-10-13 12:55:24',NULL),(362,33,'sitruuna',266,0,0,'2016-10-13 12:55:37',NULL),(363,34,'kalkki',266,0,0,'2016-10-13 12:55:54',NULL),(364,35,'litsi',266,0,0,'2016-10-13 12:56:09',NULL),(365,36,'mango',266,0,0,'2016-10-13 12:56:29',NULL),(366,37,'verkkomeloni',266,0,0,'2016-10-13 12:56:44',NULL),(367,38,'persikat',266,0,0,'2016-10-13 12:56:59',NULL),(368,39,'oliivit',266,0,0,'2016-10-13 12:57:13',NULL),(369,40,'papaija',266,0,0,'2016-10-13 12:57:25',NULL),(370,41,'persikat',266,0,0,'2016-10-13 12:57:38',NULL),(371,42,'päärynä',266,0,0,'2016-10-13 12:57:57',NULL),(372,43,'ananas',266,0,0,'2016-10-13 12:58:10',NULL),(373,44,'luumu',266,0,0,'2016-10-13 12:58:26',NULL),(374,45,'aprikoosi',266,0,0,'2016-10-13 12:58:41',NULL),(375,46,'greippi',266,0,0,'2016-10-13 12:58:54',NULL),(376,47,'',266,0,1,'2016-10-13 12:58:59',NULL),(377,48,'mansikat',266,0,0,'2016-10-13 12:59:07',NULL),(378,49,'tomaatti',266,0,0,'2016-10-13 12:59:18',NULL),(379,12,'kirsikka',265,0,0,'2016-10-13 14:02:00',NULL),(380,13,'',265,0,1,'2016-10-13 14:02:17',NULL),(381,14,'kookispähkinä',265,0,0,'2016-10-13 14:02:43',NULL),(382,15,'',265,0,1,'2016-10-13 14:03:33',NULL),(383,16,'',265,0,1,'2016-10-13 14:05:05',NULL),(384,17,'',265,0,1,'2016-10-13 14:05:34',NULL),(385,18,'päivämäärät',265,0,0,'2016-10-13 16:01:31',NULL),(386,19,'pitaya',265,0,0,'2016-10-13 16:01:53',NULL),(387,20,'durian',265,0,0,'2016-10-13 16:02:16',NULL),(388,21,'',265,0,1,'2016-10-13 16:02:26',NULL),(389,22,'',265,0,1,'2016-10-13 16:02:36',NULL),(390,23,'',265,0,1,'2016-10-13 16:02:44',NULL),(391,24,'wolfberry',265,0,0,'2016-10-13 16:03:05',NULL),(392,25,'',265,0,1,'2016-10-13 16:03:24',NULL),(393,26,'greippi',265,0,0,'2016-10-13 16:03:44',NULL),(394,27,'rusina',265,0,0,'2016-10-13 16:04:29',NULL),(395,28,'vesimeloni',265,0,0,'2016-10-13 16:05:16',NULL),(396,29,'',265,0,1,'2016-10-13 16:05:22',NULL),(397,30,'jackfruit',265,0,0,'2016-10-13 16:05:41',NULL),(398,31,'',265,0,1,'2016-10-13 16:05:48',NULL),(399,32,'',265,0,1,'2016-10-13 16:06:07',NULL),(400,33,'sitruuna',265,0,0,'2016-10-13 16:06:34',NULL),(401,34,'kalkki',265,0,0,'2016-10-13 16:06:55',NULL),(402,35,'litsi',265,0,0,'2016-10-13 16:07:19',NULL),(403,36,'mango',265,0,0,'2016-10-13 16:07:36',NULL),(404,37,'verkkomeloni',265,0,0,'2016-10-13 16:07:58',NULL),(405,38,'persikat',265,0,0,'2016-10-13 16:08:17',NULL),(406,39,'oliivit',265,0,0,'2016-10-13 16:08:36',NULL),(407,40,'papaija',265,0,0,'2016-10-13 16:08:50',NULL),(408,41,'persikat',265,0,0,'2016-10-13 16:09:08',NULL),(409,42,'päärynät',265,0,0,'2016-10-13 16:09:39',NULL),(410,43,'ananas',265,0,0,'2016-10-13 16:09:54',NULL),(411,44,'brin',265,0,0,'2016-10-13 16:10:10',NULL),(412,45,'persikat',265,0,0,'2016-10-13 16:10:30',NULL),(413,46,'greippi',265,0,0,'2016-10-13 16:10:47',NULL),(414,47,'',265,0,1,'2016-10-13 16:11:00',NULL),(415,48,'mansikat',265,0,0,'2016-10-13 16:11:15',NULL),(416,49,'tomaatti',265,0,0,'2016-10-13 16:11:32',NULL),(417,19,'pitaija',272,0,0,'2016-10-16 14:04:55',NULL),(418,1,'appelsiini',272,0,0,'2016-10-16 14:05:48',NULL),(419,2,'banaani',272,0,0,'2016-10-16 14:06:55',NULL),(420,3,'omena',272,0,0,'2016-10-16 14:07:07',NULL),(421,4,'Persikka',272,0,0,'2016-10-16 14:07:53',NULL),(422,5,'avokado',272,0,0,'2016-10-16 14:09:14',NULL),(423,6,'mustika',272,0,0,'2016-10-16 14:09:46',NULL),(424,7,'marja',272,0,0,'2016-10-16 14:10:15',NULL),(425,8,'Puolukka',272,0,0,'2016-10-16 14:10:59',NULL),(426,9,'mustikka',272,0,0,'2016-10-16 14:11:23',NULL),(427,10,'marja',272,0,0,'2016-10-16 14:11:42',NULL),(428,11,'annoona',272,0,0,'2016-10-16 14:11:59',NULL),(429,12,' kirsikka',272,0,0,'2016-10-16 14:12:18',NULL),(430,13,'',272,0,1,'2016-10-16 14:12:25',NULL),(431,14,' kookos',272,0,0,'2016-10-16 14:12:48',NULL),(432,15,'puolukka',272,0,0,'2016-10-16 14:13:15',NULL),(433,16,'puolukka',272,0,0,'2016-10-16 14:13:21',NULL),(434,17,' luumu',272,0,0,'2016-10-16 14:33:06',NULL),(435,49,'Tomato',275,0,0,'2016-10-17 13:19:16',NULL),(436,1,'Orange',275,0,0,'2016-10-17 13:19:22',NULL),(437,2,'Banaani',275,0,0,'2016-10-17 13:19:31',NULL),(438,3,'Omena',275,0,0,'2016-10-17 13:19:36',NULL),(439,4,'Persikka',275,0,0,'2016-10-17 13:19:45',NULL),(440,5,'Avokaado',275,0,0,'2016-10-17 13:19:50',NULL),(441,6,'Mustikka',275,0,0,'2016-10-17 13:19:55',NULL),(442,7,'Karhunvatukka',275,0,0,'2016-10-17 13:20:06',NULL),(443,8,'Mustaherukka',275,0,0,'2016-10-17 13:20:13',NULL),(444,9,'Mustikka',275,0,0,'2016-10-17 13:20:18',NULL),(445,10,'Vadelma',275,0,0,'2016-10-17 13:20:22',NULL),(446,11,'',275,0,1,'2016-10-17 13:20:35',NULL),(447,12,'Kirsikka',275,0,0,'2016-10-17 13:20:41',NULL),(448,13,'Hilla',275,0,0,'2016-10-17 13:20:47',NULL),(449,14,'Kookos',275,0,0,'2016-10-17 13:20:52',NULL),(450,15,'Puolukka',275,0,0,'2016-10-17 13:20:57',NULL),(451,16,'Punaviinimarja',275,0,0,'2016-10-17 13:21:08',NULL),(452,17,'Luumu',275,0,0,'2016-10-17 13:21:12',NULL),(453,18,'Taateli',275,0,0,'2016-10-17 13:21:17',NULL),(454,19,'Pitaija',275,0,0,'2016-10-17 13:21:25',NULL),(455,20,'Durian',275,0,0,'2016-10-17 13:21:33',NULL),(456,21,'Tuomenpihlaja',275,0,0,'2016-10-17 13:21:45',NULL),(457,22,'',275,0,1,'2016-10-17 13:21:53',NULL),(458,23,'Viikuna',275,0,0,'2016-10-17 13:21:57',NULL),(459,24,'Goji',275,0,0,'2016-10-17 13:22:03',NULL),(460,25,'Karviainen',275,0,0,'2016-10-17 13:22:10',NULL),(461,26,'Veriappelsiini',275,0,0,'2016-10-17 13:22:17',NULL),(462,27,'Viinieypäle',275,0,0,'2016-10-17 13:22:23',NULL),(463,28,'',275,0,1,'2016-10-17 13:22:31',NULL),(464,29,'Luumu',275,0,0,'2016-10-17 13:22:36',NULL),(465,30,'Durian',275,0,0,'2016-10-17 13:22:42',NULL),(466,31,'Rypäle',275,0,0,'2016-10-17 13:22:48',NULL),(467,32,'Neliö',275,0,0,'2016-10-17 13:22:55',NULL),(468,33,'Sitruuna',275,0,0,'2016-10-17 13:23:06',NULL),(469,34,'Lime',275,0,0,'2016-10-17 13:23:10',NULL),(470,35,'Litsi',275,0,0,'2016-10-17 13:23:15',NULL),(471,36,'Mango',275,0,0,'2016-10-17 13:23:20',NULL),(472,37,'Meloni',275,0,0,'2016-10-17 13:23:27',NULL),(473,38,'Nektariini',275,0,0,'2016-10-17 13:23:34',NULL),(474,39,'Oliivi',275,0,0,'2016-10-17 13:23:39',NULL),(475,40,'Guava',275,0,0,'2016-10-17 13:23:47',NULL),(476,41,'Persikka',275,0,0,'2016-10-17 13:23:53',NULL),(477,42,'Päärynä',275,0,0,'2016-10-17 13:24:01',NULL),(478,43,'Ananas',275,0,0,'2016-10-17 13:24:05',NULL),(479,44,'Luumu',275,0,0,'2016-10-17 13:24:09',NULL),(480,45,'Persikka',275,0,0,'2016-10-17 13:24:14',NULL),(481,46,'',275,0,1,'2016-10-17 13:28:53',NULL),(482,47,'Neliö',275,0,0,'2016-10-17 13:28:59',NULL),(483,48,'Mansikka',275,0,0,'2016-10-17 13:29:04',NULL),(484,34,'lime',276,0,0,'2016-10-17 13:31:16',NULL),(485,1,'appelsiini',276,0,0,'2016-10-17 13:31:28',NULL),(486,2,'banaani',276,0,0,'2016-10-17 13:31:33',NULL),(487,3,'omena',276,0,0,'2016-10-17 13:31:40',NULL),(488,4,'persikka',276,0,0,'2016-10-17 13:31:49',NULL),(489,5,'avokado',276,0,0,'2016-10-17 13:31:57',NULL),(490,6,'mustikka',276,0,0,'2016-10-17 13:32:04',NULL),(491,7,'karhunvatukka',276,0,0,'2016-10-17 13:32:12',NULL),(492,8,'mustaherukka',276,0,0,'2016-10-17 13:32:20',NULL),(493,9,'mustikka',276,0,0,'2016-10-17 13:32:30',NULL),(494,10,'vadelma',276,0,0,'2016-10-17 13:32:35',NULL),(495,11,'',276,0,1,'2016-10-17 14:35:14',NULL),(496,12,'kirsikka',276,0,0,'2016-10-17 14:35:20',NULL),(497,13,'hilla',276,0,0,'2016-10-17 14:35:25',NULL),(498,14,'kookos',276,0,0,'2016-10-17 14:35:30',NULL),(499,15,'puolukka',276,0,0,'2016-10-17 14:35:36',NULL),(500,16,'punaherukka',276,0,0,'2016-10-17 14:35:42',NULL),(501,17,'luumu',276,0,0,'2016-10-17 14:35:46',NULL),(502,18,'taateli',276,0,0,'2016-10-17 14:35:53',NULL),(503,19,'lohikäärmehedelmä',276,0,0,'2016-10-17 14:36:17',NULL),(504,20,'',276,0,1,'2016-10-17 14:36:21',NULL),(505,21,'mustaherukka',276,0,0,'2016-10-17 14:36:33',NULL),(506,22,'',276,0,1,'2016-10-17 14:36:36',NULL),(507,23,'',276,0,1,'2016-10-17 14:36:42',NULL),(508,24,'',276,0,1,'2016-10-17 14:36:44',NULL),(509,25,'karviainen',276,0,0,'2016-10-17 14:36:50',NULL),(510,26,'veriappelsiini',276,0,0,'2016-10-17 14:37:04',NULL),(511,27,'viinirypäle',276,0,0,'2016-10-17 14:37:14',NULL),(512,28,'',276,0,1,'2016-10-17 14:37:18',NULL),(513,29,'',276,0,1,'2016-10-17 14:37:20',NULL),(514,30,'',276,0,1,'2016-10-17 14:37:22',NULL),(515,31,'',276,0,1,'2016-10-17 14:37:24',NULL),(516,32,'',276,0,1,'2016-10-17 14:37:29',NULL),(517,33,'sitruuna',276,0,0,'2016-10-17 14:37:34',NULL),(518,35,'',276,0,1,'2016-10-17 14:37:37',NULL),(519,36,'',276,0,1,'2016-10-17 14:37:40',NULL),(520,37,'',276,0,1,'2016-10-17 14:37:43',NULL),(521,38,'nektariini',276,0,0,'2016-10-17 14:38:14',NULL),(522,39,'oliivi',276,0,0,'2016-10-17 14:38:20',NULL),(523,40,'',276,0,1,'2016-10-17 14:38:22',NULL),(524,41,'',276,0,1,'2016-10-17 14:38:26',NULL),(525,42,'päärynä',276,0,0,'2016-10-17 14:38:31',NULL),(526,43,'ananas',276,0,0,'2016-10-17 14:38:36',NULL),(527,44,'luumu',276,0,0,'2016-10-17 14:38:41',NULL),(528,45,'persikka',276,0,0,'2016-10-17 14:38:46',NULL),(529,46,'',276,0,1,'2016-10-17 14:38:48',NULL),(530,47,'',276,0,1,'2016-10-17 14:38:51',NULL),(531,48,'mansikka',276,0,0,'2016-10-17 14:38:55',NULL),(532,49,'tomaatti',276,0,0,'2016-10-17 14:39:00',NULL),(533,41,'Persikka',279,0,0,'2016-10-18 11:44:27',NULL),(534,1,'Appelsiini',279,0,0,'2016-10-18 11:44:40',NULL),(535,2,'Banaani',279,0,0,'2016-10-18 11:44:45',NULL),(536,3,'Omena',279,0,0,'2016-10-18 11:44:59',NULL),(537,4,'Persikka',279,0,0,'2016-10-18 11:45:19',NULL),(538,5,'Avokado',279,0,0,'2016-10-18 11:45:27',NULL),(539,6,'Mustikka',279,0,0,'2016-10-18 11:45:34',NULL),(540,7,'Karhunmarja',279,0,0,'2016-10-18 11:46:52',NULL),(541,8,'Mustaherukka',279,0,0,'2016-10-18 11:47:35',NULL),(542,9,'Mustikka',279,0,0,'2016-10-18 11:47:46',NULL),(543,10,'Vadelma',279,0,0,'2016-10-18 11:47:53',NULL),(544,11,'',279,0,1,'2016-10-18 11:48:24',NULL),(545,12,'Kirsikka',279,0,0,'2016-10-18 11:48:40',NULL),(546,13,'Lakka',279,0,0,'2016-10-18 11:48:50',NULL),(547,14,'Kookos',279,0,0,'2016-10-18 11:49:11',NULL),(548,15,'Karpalo',279,0,0,'2016-10-18 11:49:33',NULL),(549,16,'Viinimarja',279,0,0,'2016-10-18 11:49:45',NULL),(550,17,'Luumu',279,0,0,'2016-10-18 11:49:52',NULL),(551,18,'Taateli',279,0,0,'2016-10-18 11:50:13',NULL),(552,19,'',279,0,1,'2016-10-18 11:50:38',NULL),(553,20,'',279,0,1,'2016-10-18 11:51:00',NULL),(554,21,'Mustaherukka',279,0,0,'2016-10-18 11:51:11',NULL),(555,22,'',279,0,1,'2016-10-18 11:51:21',NULL),(556,23,'Passionhedelmä',279,0,0,'2016-10-18 11:51:39',NULL),(557,24,'Gojimarja',279,0,0,'2016-10-18 11:51:58',NULL),(558,25,'Karvainen',279,0,0,'2016-10-18 11:52:43',NULL),(559,26,'Greippi',279,0,0,'2016-10-18 11:52:52',NULL),(560,27,'Viinirypäle',279,0,0,'2016-10-18 11:53:01',NULL),(561,28,'Guava',279,0,0,'2016-10-18 11:53:12',NULL),(562,29,'Luumu',279,0,0,'2016-10-18 11:53:30',NULL),(563,30,'',279,0,1,'2016-10-18 11:54:32',NULL),(564,31,'',279,0,1,'2016-10-18 11:54:37',NULL),(565,32,'',279,0,1,'2016-10-18 11:55:27',NULL),(566,33,'Sitruuna',279,0,0,'2016-10-18 11:55:40',NULL),(567,34,'Lime',279,0,0,'2016-10-18 11:55:49',NULL),(568,35,'',279,0,1,'2016-10-18 11:55:59',NULL),(569,36,'',279,0,1,'2016-10-18 11:56:14',NULL),(570,37,'Melooni',279,0,0,'2016-10-18 11:56:45',NULL),(571,38,'Aprikoosi',279,0,0,'2016-10-18 11:57:07',NULL),(572,39,'Oliivi',279,0,0,'2016-10-18 11:57:12',NULL),(573,40,'Papaija',279,0,0,'2016-10-18 11:57:33',NULL),(574,42,'Päärynä',279,0,0,'2016-10-18 11:57:43',NULL),(575,43,'Ananas',279,0,0,'2016-10-18 11:57:48',NULL),(576,44,'Luumu',279,0,0,'2016-10-18 11:57:53',NULL),(577,45,'Persikka',279,0,0,'2016-10-18 11:57:58',NULL),(578,46,'',279,0,1,'2016-10-18 11:58:07',NULL),(579,47,'',279,0,1,'2016-10-18 11:58:13',NULL),(580,48,'Mansikka',279,0,0,'2016-10-18 11:58:22',NULL),(581,49,'Tomaatti ',279,0,0,'2016-10-18 11:58:30',NULL),(582,29,'',280,0,1,'2016-10-18 12:03:14',NULL),(583,1,'Appelsiini',280,0,0,'2016-10-18 12:03:27',NULL),(584,2,'Banaani',280,0,0,'2016-10-18 12:03:38',NULL),(585,3,'Omena',280,0,0,'2016-10-18 12:03:48',NULL),(586,4,'Persikka',280,0,0,'2016-10-18 12:04:04',NULL),(587,5,'Avokado',280,0,0,'2016-10-18 12:04:21',NULL),(588,6,'Mustikka',280,0,0,'2016-10-18 12:04:35',NULL),(589,7,'Karhunmarja',280,0,0,'2016-10-18 12:04:46',NULL),(590,8,'Mustaherukka',280,0,0,'2016-10-18 12:05:05',NULL),(591,9,'Mustikka',280,0,0,'2016-10-18 12:05:22',NULL),(592,10,'Vadelma',280,0,0,'2016-10-18 12:05:41',NULL),(593,11,'Cherimoya',280,0,0,'2016-10-18 12:07:23',NULL),(594,12,'Kirsikka',280,0,0,'2016-10-18 12:07:35',NULL),(595,13,'Lakka',280,0,0,'2016-10-18 12:07:43',NULL),(596,14,'Kookos',280,0,0,'2016-10-18 12:07:51',NULL),(597,15,'Karpalo',280,0,0,'2016-10-18 12:08:02',NULL),(598,16,'Viinimarja',280,0,0,'2016-10-18 12:08:17',NULL),(599,17,'Luumu',280,0,0,'2016-10-18 12:08:28',NULL),(600,18,'Taateli',280,0,0,'2016-10-18 12:08:37',NULL),(601,19,'Pitaija',280,0,0,'2016-10-18 12:09:39',NULL),(602,20,'',280,0,1,'2016-10-18 12:09:47',NULL),(603,21,'Mustaherukka',280,0,0,'2016-10-18 12:10:04',NULL),(604,22,'',280,0,1,'2016-10-18 12:10:19',NULL),(605,23,'Passionhedelmä',280,0,0,'2016-10-18 12:10:32',NULL),(606,24,'Goji',280,0,0,'2016-10-18 12:10:49',NULL),(607,25,'Karviainen',280,0,0,'2016-10-18 12:11:00',NULL),(608,26,'Veriappelsiini',280,0,0,'2016-10-18 12:11:14',NULL),(609,27,'Rypäle',280,0,0,'2016-10-18 12:11:28',NULL),(610,28,'Guava',280,0,0,'2016-10-18 12:11:41',NULL),(611,30,'',280,0,1,'2016-10-18 12:11:58',NULL),(612,31,'Oliivi',280,0,0,'2016-10-18 12:12:15',NULL),(613,32,'',280,0,1,'2016-10-18 12:12:32',NULL),(614,33,'Sitruuna',280,0,0,'2016-10-18 12:12:41',NULL),(615,34,'Lime',280,0,0,'2016-10-18 12:12:49',NULL),(616,35,'',280,0,1,'2016-10-18 12:13:08',NULL),(617,36,'',280,0,1,'2016-10-18 12:13:30',NULL),(618,37,'Melooni',280,0,0,'2016-10-18 12:13:40',NULL),(619,38,'Aprikoosi',280,0,0,'2016-10-18 12:13:53',NULL),(620,39,'Vihreä oliivi',280,0,0,'2016-10-18 12:14:05',NULL),(621,40,'Papaija',280,0,0,'2016-10-18 12:14:20',NULL),(622,41,'Persikka',280,0,0,'2016-10-18 12:14:50',NULL),(623,42,'Päärynä',280,0,0,'2016-10-18 12:15:02',NULL),(624,43,'Ananas',280,0,0,'2016-10-18 12:15:11',NULL),(625,44,'Luumu',280,0,0,'2016-10-18 12:15:22',NULL),(626,45,'Persikka',280,0,0,'2016-10-18 12:15:31',NULL),(627,46,'',280,0,1,'2016-10-18 12:15:45',NULL),(628,47,'',280,0,1,'2016-10-18 12:16:00',NULL),(629,34,'Lime',281,0,0,'2016-10-18 12:16:03',NULL),(630,48,'Mansikka',280,0,0,'2016-10-18 12:16:12',NULL),(631,1,'Orange',281,0,0,'2016-10-18 12:16:15',NULL),(632,2,'Banaani',281,0,0,'2016-10-18 12:16:21',NULL),(633,49,'Tomaatti',280,0,0,'2016-10-18 12:16:21',NULL),(634,3,'Omena',281,0,0,'2016-10-18 12:16:25',NULL),(635,4,'Persikka',281,0,0,'2016-10-18 12:16:33',NULL),(636,5,'Avokado',281,0,0,'2016-10-18 12:16:46',NULL),(637,6,'Mustikka',281,0,0,'2016-10-18 12:16:50',NULL),(638,7,'Karhunvatukka',281,0,0,'2016-10-18 12:16:56',NULL),(639,8,'Mustaherukka',281,0,0,'2016-10-18 12:17:03',NULL),(640,9,'Mustikka',281,0,0,'2016-10-18 12:17:09',NULL),(641,10,'Vadelma',281,0,0,'2016-10-18 12:17:26',NULL),(642,11,'Lentokone',281,0,0,'2016-10-18 12:17:40',NULL),(643,12,'Kirsikka',281,0,0,'2016-10-18 12:17:45',NULL),(644,13,'Lakka',281,0,0,'2016-10-18 12:17:50',NULL),(645,14,'Kookospähkinä',281,0,0,'2016-10-18 12:17:56',NULL),(646,15,'Karpalo',281,0,0,'2016-10-18 12:18:10',NULL),(647,16,'Punaviinimarja',281,0,0,'2016-10-18 12:18:21',NULL),(648,17,'Luumu',281,0,0,'2016-10-18 12:18:35',NULL),(649,18,'Taateli',281,0,0,'2016-10-18 12:18:52',NULL),(650,19,'Pitaija',281,0,0,'2016-10-18 12:19:07',NULL),(651,20,'',281,0,1,'2016-10-18 12:19:21',NULL),(652,21,'',281,0,1,'2016-10-18 12:19:26',NULL),(653,22,'',281,0,1,'2016-10-18 12:19:31',NULL),(654,23,'Passionhedelmä',281,0,0,'2016-10-18 12:19:40',NULL),(655,24,'Gojimarja',281,0,0,'2016-10-18 12:19:51',NULL),(656,25,'Karviainen',281,0,0,'2016-10-18 12:20:03',NULL),(657,26,'Verigreippi',281,0,0,'2016-10-18 12:20:19',NULL),(658,27,'Rypäle',281,0,0,'2016-10-18 12:20:25',NULL),(659,28,'Guava',281,0,0,'2016-10-18 12:37:30',NULL),(660,29,'Oliivi',281,0,0,'2016-10-18 12:37:45',NULL),(661,30,'',281,0,1,'2016-10-18 12:38:39',NULL),(662,31,'',281,0,1,'2016-10-18 12:38:46',NULL),(663,32,'',281,0,1,'2016-10-18 12:38:53',NULL),(664,33,'Sitruuna',281,0,0,'2016-10-18 12:38:57',NULL),(665,35,'',281,0,1,'2016-10-18 12:39:12',NULL),(666,36,'Avokado',281,0,0,'2016-10-18 12:41:26',NULL),(667,37,'Hunajameloni',281,0,0,'2016-10-18 12:41:34',NULL),(668,38,'Aprikoosi',281,0,0,'2016-10-18 12:42:20',NULL),(669,39,'Vihreä oliivi',281,0,0,'2016-10-18 12:42:28',NULL),(670,40,'',281,0,1,'2016-10-18 12:42:54',NULL),(671,41,'Persikka',281,0,0,'2016-10-18 12:43:02',NULL),(672,42,'Päärynä',281,0,0,'2016-10-18 12:43:07',NULL),(673,43,'Ananas',281,0,0,'2016-10-18 12:43:12',NULL),(674,44,'Luumu',281,0,0,'2016-10-18 12:43:16',NULL),(675,45,'Persikka',281,0,0,'2016-10-18 12:43:21',NULL),(676,46,'',281,0,1,'2016-10-18 12:43:31',NULL),(677,47,'',281,0,1,'2016-10-18 12:43:35',NULL),(678,48,'Mansikka',281,0,0,'2016-10-18 12:43:40',NULL),(679,49,'Tomaatti',281,0,0,'2016-10-18 12:43:46',NULL),(680,18,'',272,0,1,'2016-10-18 13:33:44',NULL),(681,20,'',285,0,1,'2016-10-19 12:35:47',NULL),(682,1,'Oranssi',285,0,0,'2016-10-19 12:36:21',NULL),(683,2,'Banaani',285,0,0,'2016-10-19 12:36:45',NULL),(684,3,'Omena',285,0,0,'2016-10-19 12:37:01',NULL),(685,4,'Persikka',285,0,0,'2016-10-19 12:37:19',NULL),(686,5,'Avakado',285,0,0,'2016-10-19 12:37:30',NULL),(687,6,'',285,0,1,'2016-10-19 12:38:40',NULL),(688,7,'Vadelma',285,0,0,'2016-10-19 12:39:00',NULL),(689,8,'',285,0,1,'2016-10-19 12:39:03',NULL),(690,9,'Bilberry',285,0,0,'2016-10-19 12:39:29',NULL),(691,10,'',285,0,1,'2016-10-19 12:39:56',NULL),(692,11,'',285,0,1,'2016-10-19 12:40:00',NULL),(693,12,'Lingonberry',285,0,0,'2016-10-19 12:40:38',NULL),(694,13,'',285,0,1,'2016-10-19 12:40:41',NULL),(695,14,'kookospähkinä',285,0,0,'2016-10-19 12:41:08',NULL),(696,15,'',285,0,1,'2016-10-19 12:41:12',NULL),(697,16,'',285,0,1,'2016-10-19 12:41:15',NULL),(698,17,'',285,0,1,'2016-10-19 12:41:17',NULL),(699,18,'Jackfruit',285,0,0,'2016-10-19 12:41:43',NULL),(700,19,'',285,0,1,'2016-10-19 12:41:45',NULL),(701,21,'Black currant ',285,0,0,'2016-10-19 12:42:08',NULL),(702,22,'',285,0,1,'2016-10-19 12:42:14',NULL),(703,23,'',285,0,1,'2016-10-19 12:42:24',NULL),(704,24,'',285,0,1,'2016-10-19 12:42:27',NULL),(705,25,'',285,0,1,'2016-10-19 12:42:30',NULL),(706,26,'',285,0,1,'2016-10-19 12:42:35',NULL),(707,27,'viinirypäleet',285,0,0,'2016-10-19 12:43:00',NULL),(708,28,'Guava',285,0,0,'2016-10-19 13:24:12',NULL),(709,29,'',285,0,1,'2016-10-19 13:24:14',NULL),(710,30,'',285,0,1,'2016-10-19 13:24:17',NULL),(711,31,'',285,0,1,'2016-10-19 13:24:19',NULL),(712,32,'',285,0,1,'2016-10-19 13:24:24',NULL),(713,33,'sitruuna',285,0,0,'2016-10-19 13:24:44',NULL),(714,17,'Mustikka',287,0,0,'2016-10-19 14:56:12',NULL),(715,1,'Appelsiini',287,0,0,'2016-10-19 14:57:02',NULL),(716,2,'Banaani',287,0,0,'2016-10-19 14:57:15',NULL),(717,3,'Omena',287,0,0,'2016-10-19 14:57:27',NULL),(718,4,'Persikka',287,0,0,'2016-10-19 14:57:37',NULL),(719,5,'Munakoiso',287,0,0,'2016-10-19 14:57:54',NULL),(720,6,'Mustikka',287,0,0,'2016-10-19 14:58:04',NULL),(721,7,'Viinirypäle',287,0,0,'2016-10-19 14:58:17',NULL),(722,8,'Mustaherukka',287,0,0,'2016-10-19 14:58:34',NULL),(723,9,'Mustikka',287,0,0,'2016-10-19 14:58:42',NULL),(724,10,'Vadelma',287,0,0,'2016-10-19 14:58:49',NULL),(725,11,'Hedelmä',287,0,0,'2016-10-19 14:59:32',NULL),(726,12,'Kirsikka',287,0,0,'2016-10-19 14:59:40',NULL),(727,13,'Lakka',287,0,0,'2016-10-19 14:59:46',NULL),(728,14,'Kookos',287,0,0,'2016-10-19 14:59:52',NULL),(729,15,'Puolukka',287,0,0,'2016-10-19 14:59:59',NULL),(730,16,'Viinimarja',287,0,0,'2016-10-19 15:00:12',NULL),(731,18,'',287,0,1,'2016-10-19 15:00:23',NULL),(732,19,'Guayahedelmä',287,0,0,'2016-10-19 15:00:57',NULL),(733,20,'Durian hedelmä',287,0,0,'2016-10-19 15:02:05',NULL),(734,21,'Mustaherukka',287,0,0,'2016-10-19 15:02:25',NULL),(735,22,'',287,0,1,'2016-10-19 15:02:37',NULL),(736,23,'Granaattiomena',287,0,0,'2016-10-19 15:02:59',NULL),(737,24,'Goji-marja',287,0,0,'2016-10-19 15:04:25',NULL),(738,25,'',287,0,1,'2016-10-19 15:05:54',NULL),(739,26,'Veriappelsiini',287,0,0,'2016-10-19 15:06:04',NULL),(740,27,'Rypäleitä',287,0,0,'2016-10-19 15:06:16',NULL),(741,28,'Vesimeloni',287,0,0,'2016-10-19 15:06:28',NULL),(742,29,'Mustamarja',287,0,0,'2016-10-19 15:06:58',NULL),(743,30,'',287,0,1,'2016-10-19 15:07:13',NULL),(744,31,'',287,0,1,'2016-10-19 15:07:49',NULL),(745,32,'',287,0,1,'2016-10-19 15:08:10',NULL),(746,33,'Sitruuna',287,0,0,'2016-10-19 15:08:18',NULL),(747,34,'Lime',287,0,0,'2016-10-19 15:08:25',NULL),(748,35,'Trooppinen hedel',287,0,0,'2016-10-19 15:08:39',NULL),(749,36,'Guava',287,0,0,'2016-10-19 15:09:46',NULL),(750,37,'Meloni',287,0,0,'2016-10-19 15:10:20',NULL),(751,38,'Omena',287,0,0,'2016-10-19 15:10:32',NULL),(752,39,'Oliivi',287,0,0,'2016-10-19 15:10:38',NULL),(753,40,'Papaija',287,0,0,'2016-10-19 15:12:39',NULL),(754,41,'Persikka',287,0,0,'2016-10-19 15:12:48',NULL),(755,42,'Päärynä',287,0,0,'2016-10-19 15:12:57',NULL),(756,43,'Ananas',287,0,0,'2016-10-19 15:13:02',NULL),(757,44,'Luumu',287,0,0,'2016-10-19 15:13:18',NULL),(758,45,'Persikka',287,0,0,'2016-10-19 15:13:25',NULL),(759,46,'',287,0,1,'2016-10-19 15:14:02',NULL),(760,47,'',287,0,1,'2016-10-19 15:14:08',NULL),(761,48,'Mansikka',287,0,0,'2016-10-19 15:14:13',NULL),(762,49,'Tomaatti',287,0,0,'2016-10-19 15:14:17',NULL),(763,33,'Sitruuna',288,0,0,'2016-10-19 19:58:32',NULL),(764,1,'Appelsiini',288,0,0,'2016-10-19 20:06:04',NULL),(765,2,'Banaani',288,0,0,'2016-10-19 20:06:08',NULL),(766,3,'Omena',288,0,0,'2016-10-19 20:06:13',NULL),(767,4,'Persikka',288,0,0,'2016-10-19 20:06:20',NULL),(768,5,'Avokado',288,0,0,'2016-10-19 20:06:24',NULL),(769,6,'Mustikka',288,0,0,'2016-10-19 20:06:28',NULL),(770,7,'Karhunvatikka',288,0,0,'2016-10-19 20:06:36',NULL),(771,8,'Mustaherukka',288,0,0,'2016-10-19 20:06:44',NULL),(772,9,'Mustikka',288,0,0,'2016-10-19 20:06:49',NULL),(773,10,'Vattu',288,0,0,'2016-10-19 20:06:54',NULL),(774,11,'Kirimoja',288,0,0,'2016-10-19 20:07:40',NULL),(775,12,'Kiraikka',288,0,0,'2016-10-19 20:07:46',NULL),(776,13,'Hilla',288,0,0,'2016-10-19 20:07:54',NULL),(777,14,'Kookos',288,0,0,'2016-10-19 20:07:58',NULL),(778,15,'Puolukka',288,0,0,'2016-10-19 20:08:45',NULL),(779,16,'Viinmarja',288,0,0,'2016-10-19 20:09:00',NULL),(780,17,'Luumu',288,0,0,'2016-10-19 20:09:09',NULL),(781,18,'Rusina',288,0,0,'2016-10-19 20:09:12',NULL),(782,19,'Papaija',288,0,0,'2016-10-19 20:09:38',NULL),(783,20,'Durian',288,0,0,'2016-10-19 20:11:36',NULL),(784,21,'Mustaherukka',288,0,0,'2016-10-19 20:12:12',NULL),(785,22,'Lokvatti',288,0,0,'2016-10-19 20:15:35',NULL),(786,23,'Viikuna',288,0,0,'2016-10-19 20:16:05',NULL),(787,24,'Goji',288,0,0,'2016-10-19 20:16:32',NULL),(788,25,'Vihreä viinirypäle',288,0,0,'2016-10-19 20:16:47',NULL),(789,26,'Veriappelsiini',288,0,0,'2016-10-19 20:16:54',NULL),(790,27,'Viinirypäle',288,0,0,'2016-10-19 20:17:01',NULL),(791,28,'Meloni',288,0,0,'2016-10-19 20:17:27',NULL),(792,29,'Luumu',288,0,0,'2016-10-19 20:20:10',NULL),(793,30,'Graviola',288,0,0,'2016-10-19 20:21:59',NULL),(794,31,'Munakoiso',288,0,0,'2016-10-19 20:22:08',NULL),(795,32,'',288,0,1,'2016-10-19 20:22:19',NULL),(796,34,'Lime',288,0,0,'2016-10-19 20:22:29',NULL),(797,35,'Litsi',288,0,0,'2016-10-19 20:24:34',NULL),(798,36,'Papaija',288,0,0,'2016-10-19 20:25:01',NULL),(799,37,'Hunajameloni',288,0,0,'2016-10-19 20:25:08',NULL),(800,38,'Persikka',288,0,0,'2016-10-19 20:25:15',NULL),(801,39,'Oliivi',288,0,0,'2016-10-19 20:25:19',NULL),(802,40,'Papaija',288,0,0,'2016-10-19 20:25:32',NULL),(803,41,'Persikka',288,0,0,'2016-10-19 20:25:43',NULL),(804,42,'Päärynä',288,0,0,'2016-10-19 20:25:51',NULL),(805,43,'Ananas',288,0,0,'2016-10-19 20:25:54',NULL),(806,44,'Luumu',288,0,0,'2016-10-19 20:26:02',NULL),(807,45,'Persikka',288,0,0,'2016-10-19 20:26:07',NULL),(808,46,'Verigreippi',288,0,0,'2016-10-19 20:28:35',NULL),(809,47,'',288,0,1,'2016-10-19 20:28:38',NULL),(810,48,'Mansikka',288,0,0,'2016-10-19 20:28:43',NULL),(811,49,'Tomaatti',288,0,0,'2016-10-19 20:28:47',NULL),(812,23,'viikuna',273,0,0,'2016-10-20 10:20:23',NULL),(813,1,'appelsiini',273,0,0,'2016-10-20 10:20:39',NULL),(814,2,'banaani',273,0,0,'2016-10-20 10:20:44',NULL),(815,3,'omena',273,0,0,'2016-10-20 10:20:49',NULL),(816,4,'persikka',273,0,0,'2016-10-20 10:21:00',NULL),(817,5,'avokado',273,0,0,'2016-10-20 10:21:11',NULL),(818,6,'mustikka',273,0,0,'2016-10-20 10:21:24',NULL),(819,7,'mulperipuu',273,0,0,'2016-10-20 10:21:42',NULL),(820,8,'karhunvatukka',273,0,0,'2016-10-20 10:21:59',NULL),(821,9,'mustikka',273,0,0,'2016-10-20 10:22:17',NULL),(822,10,'boysenmarja',273,0,0,'2016-10-20 10:22:33',NULL),(823,11,'annoona',273,0,0,'2016-10-20 10:22:50',NULL),(824,12,'kirsikka',273,0,0,'2016-10-20 10:23:04',NULL),(825,13,'Hilla',273,0,0,'2016-10-20 10:23:18',NULL),(826,14,'kookospähkinä',273,0,0,'2016-10-20 10:23:31',NULL),(827,15,'marjat',273,0,0,'2016-10-20 10:23:57',NULL),(828,16,'punaherukka',273,0,0,'2016-10-20 10:24:20',NULL),(829,17,'kriikuna',273,0,0,'2016-10-20 10:24:37',NULL),(830,18,'päivämäärä',273,0,0,'2016-10-20 10:24:56',NULL),(831,19,'pitaya',273,0,0,'2016-10-20 10:25:30',NULL),(832,20,'',273,0,1,'2016-10-20 10:25:46',NULL),(833,21,'',273,0,1,'2016-10-20 10:26:07',NULL),(834,22,'papu',273,0,0,'2016-10-20 10:26:36',NULL),(835,24,'goji marja',273,0,0,'2016-10-20 10:26:56',NULL),(836,25,'karviaismarja',273,0,0,'2016-10-20 10:27:15',NULL),(837,26,'veriappelsiini',273,0,0,'2016-10-20 10:27:30',NULL),(838,27,'viinirypäle',273,0,0,'2016-10-20 10:27:43',NULL),(839,28,'guava',273,0,0,'2016-10-20 10:28:02',NULL),(840,29,'',273,0,1,'2016-10-20 10:28:11',NULL),(841,30,'',273,0,1,'2016-10-20 10:28:24',NULL),(842,31,'',273,0,1,'2016-10-20 10:28:38',NULL),(843,32,'kiivi',273,0,0,'2016-10-20 10:29:14',NULL),(844,33,'sitruuna',273,0,0,'2016-10-20 10:29:27',NULL),(845,34,'lime',273,0,0,'2016-10-20 10:30:16',NULL),(846,35,'',273,0,1,'2016-10-20 10:30:19',NULL),(847,36,'mango',273,0,0,'2016-10-20 10:30:38',NULL),(848,37,'meloni',273,0,0,'2016-10-20 10:30:54',NULL),(849,2,'banani',289,0,0,'2016-10-20 10:32:47',NULL),(850,1,'oranssi',289,0,0,'2016-10-20 10:33:42',NULL),(851,3,'omena',289,0,0,'2016-10-20 10:34:03',NULL),(852,4,'persikka',289,0,0,'2016-10-20 10:34:29',NULL),(853,5,'avokado',289,0,0,'2016-10-20 10:34:48',NULL),(854,6,'mustikat',289,0,0,'2016-10-20 10:35:14',NULL),(855,7,'grapes',289,0,0,'2016-10-20 10:35:29',NULL),(856,38,'nectarini',273,0,0,'2016-10-20 10:35:33',NULL),(857,8,'mustikat',289,0,0,'2016-10-20 10:35:44',NULL),(858,39,'oliivit',273,0,0,'2016-10-20 10:35:53',NULL),(859,9,'mustikat',289,0,0,'2016-10-20 10:35:57',NULL),(860,40,'papaija',273,0,0,'2016-10-20 10:36:03',NULL),(861,41,'nectarini',273,0,0,'2016-10-20 10:36:11',NULL),(862,10,'vinirypaleet',289,0,0,'2016-10-20 10:36:23',NULL),(863,42,' päärynä',273,0,0,'2016-10-20 10:36:24',NULL),(864,43,'ananas',273,0,0,'2016-10-20 10:36:29',NULL),(865,11,'avokado',289,0,0,'2016-10-20 10:36:34',NULL),(866,44,'luumu',273,0,0,'2016-10-20 10:36:40',NULL),(867,45,'persiika',273,0,0,'2016-10-20 10:36:48',NULL),(868,46,'',273,0,1,'2016-10-20 10:36:49',NULL),(869,12,'redberries',289,0,0,'2016-10-20 10:37:04',NULL),(870,13,'',289,0,1,'2016-10-20 10:37:13',NULL),(871,47,'',273,0,1,'2016-10-20 10:37:16',NULL),(872,48,'mansikka',273,0,0,'2016-10-20 10:37:28',NULL),(873,49,'tomaatti',273,0,0,'2016-10-20 10:37:40',NULL),(874,14,'kookospahkina',289,0,0,'2016-10-20 10:37:41',NULL),(875,15,'redberries',289,0,0,'2016-10-20 10:37:54',NULL),(876,16,'red berries',289,0,0,'2016-10-20 10:38:04',NULL),(877,17,'',289,0,1,'2016-10-20 10:38:10',NULL),(878,18,'paivat',289,0,0,'2016-10-20 10:38:32',NULL),(879,19,'',289,0,1,'2016-10-20 10:38:38',NULL),(880,20,'ananas',289,0,0,'2016-10-20 10:38:57',NULL),(881,21,'musta berries',289,0,0,'2016-10-20 10:39:22',NULL),(882,22,'',289,0,1,'2016-10-20 10:39:31',NULL),(883,23,'',289,0,1,'2016-10-20 10:39:39',NULL),(884,24,'',289,0,1,'2016-10-20 10:39:45',NULL),(885,25,'',289,0,1,'2016-10-20 10:39:52',NULL),(886,26,'greippi',289,0,0,'2016-10-20 10:40:14',NULL),(887,27,'viinirypaleet',289,0,0,'2016-10-20 10:40:53',NULL),(888,28,'',289,0,1,'2016-10-20 10:43:04',NULL),(889,29,'',289,0,1,'2016-10-20 10:43:10',NULL),(890,30,'',289,0,1,'2016-10-20 10:43:18',NULL),(891,31,'',289,0,1,'2016-10-20 10:43:28',NULL),(892,32,'',289,0,1,'2016-10-20 10:43:41',NULL),(893,33,'sitruuna',289,0,0,'2016-10-20 10:43:59',NULL),(894,34,'vihrea sitruna',289,0,0,'2016-10-20 10:44:26',NULL),(895,35,'',289,0,1,'2016-10-20 10:44:32',NULL),(896,36,'mango',289,0,0,'2016-10-20 10:44:52',NULL),(897,37,'',289,0,1,'2016-10-20 10:45:03',NULL),(898,38,'persikka',289,0,0,'2016-10-20 10:45:26',NULL),(899,39,'ollivi',289,0,0,'2016-10-20 10:45:43',NULL),(900,40,'',289,0,1,'2016-10-20 10:45:49',NULL),(901,41,'appricot',289,0,0,'2016-10-20 10:46:14',NULL),(902,42,'',289,0,1,'2016-10-20 10:46:27',NULL),(903,43,'ananas',289,0,0,'2016-10-20 10:46:35',NULL),(904,44,'viinirypaleet',289,0,0,'2016-10-20 10:47:03',NULL),(905,45,'persikka',289,0,0,'2016-10-20 10:47:19',NULL),(906,46,'',289,0,1,'2016-10-20 10:47:26',NULL),(907,47,'',289,0,1,'2016-10-20 10:47:30',NULL),(908,48,'kirsikka',289,0,0,'2016-10-20 10:47:50',NULL),(909,49,'tomatti',289,0,0,'2016-10-20 10:47:58',NULL),(910,34,'vihrea sitruuna',285,0,0,'2016-10-20 14:35:51',NULL),(911,35,'litsi',285,0,0,'2016-10-20 14:36:54',NULL),(912,36,'mango',285,0,0,'2016-10-20 14:37:19',NULL),(913,37,'papaija',285,0,0,'2016-10-20 14:37:58',NULL),(914,38,'aprikoosi',285,0,0,'2016-10-20 14:38:16',NULL),(915,39,'oliivi',285,0,0,'2016-10-20 14:38:33',NULL),(916,40,'papaija',285,0,0,'2016-10-20 14:38:48',NULL),(917,41,'persikka',285,0,0,'2016-10-20 14:39:23',NULL),(918,42,'paaryna',285,0,0,'2016-10-20 14:40:51',NULL),(919,43,'annanas',285,0,0,'2016-10-20 14:41:01',NULL),(920,44,'luumut',285,0,0,'2016-10-20 14:41:58',NULL),(921,45,'aprikoosi',285,0,0,'2016-10-20 14:42:20',NULL),(922,46,'grape fruit',285,0,0,'2016-10-20 14:42:36',NULL),(923,47,'mansikka',285,0,0,'2016-10-20 14:42:57',NULL),(924,48,'mansikka',285,0,0,'2016-10-20 14:43:17',NULL),(925,49,'tomatti',285,0,0,'2016-10-20 14:43:23',NULL),(926,16,'Viinimarja',290,0,0,'2016-10-21 09:16:15',NULL),(927,1,'Appelsiini',290,0,0,'2016-10-21 09:16:29',NULL),(928,2,'Banaani',290,0,0,'2016-10-21 09:16:33',NULL),(929,3,'Omena',290,0,0,'2016-10-21 09:16:39',NULL),(930,4,'Persikka',290,0,0,'2016-10-21 09:16:47',NULL),(931,5,'Avokado',290,0,0,'2016-10-21 09:16:55',NULL),(932,6,'Mustikka',290,0,0,'2016-10-21 09:17:01',NULL),(933,7,'Karhunvatukka',290,0,0,'2016-10-21 09:17:54',NULL),(934,8,'Mustaherukka',290,0,0,'2016-10-21 09:18:12',NULL),(935,9,'Mustikka',290,0,0,'2016-10-21 09:18:18',NULL),(936,10,'Furqantesting',18,9,0,'2016-10-21 09:42:32',NULL),(937,11,'',18,4,1,'2016-10-21 10:03:46',NULL),(938,12,'',18,3,1,'2016-10-21 10:03:49',NULL),(939,13,'',18,2,1,'2016-10-21 10:03:52',NULL),(940,14,'',18,2,1,'2016-10-21 10:03:54',NULL),(941,15,'',18,3,1,'2016-10-21 10:03:57',NULL),(942,16,'',18,2,1,'2016-10-21 10:03:59',NULL),(943,17,'',18,2,1,'2016-10-21 10:04:01',NULL),(944,18,'',18,2,1,'2016-10-21 10:04:04',NULL),(945,19,'',18,2,1,'2016-10-21 10:04:06',NULL),(946,20,'',18,1,1,'2016-10-21 10:04:09',NULL),(947,21,'',18,1,1,'2016-10-21 10:04:12',NULL),(948,22,'',18,3,1,'2016-10-21 10:04:15',NULL),(949,23,'',18,2,1,'2016-10-21 10:04:17',NULL),(950,24,'',18,2,1,'2016-10-21 10:04:20',NULL),(951,10,'',290,4,1,'2016-10-21 10:59:24',NULL),(952,11,'',290,5,1,'2016-10-21 10:59:29',NULL),(953,12,'Kirsikka',290,6,0,'2016-10-21 10:59:35',NULL),(954,13,'Lakka',290,8,0,'2016-10-21 10:59:43',NULL),(955,14,'Kookos',290,16,0,'2016-10-21 10:59:59',NULL),(956,15,'Puolukka',290,5,0,'2016-10-21 11:00:05',NULL),(957,17,'Variksen marja',290,19,0,'2016-10-21 11:00:24',NULL),(958,18,'Tyrnimrja',290,9,0,'2016-10-21 11:00:33',NULL),(959,19,'',290,5,1,'2016-10-21 11:00:38',NULL),(960,20,'',290,2,1,'2016-10-21 11:00:40',NULL),(961,21,'Mustaherukka',290,8,0,'2016-10-21 11:00:48',NULL),(962,22,'',290,3,1,'2016-10-21 11:00:51',NULL),(963,23,'Granaattiomena',290,9,0,'2016-10-21 11:01:00',NULL),(964,24,'Gojimarja',290,11,0,'2016-10-21 11:01:11',NULL),(965,25,'Karviainen',290,11,0,'2016-10-21 11:01:23',NULL),(966,26,'Veriappelsiini',290,6,0,'2016-10-21 11:01:30',NULL),(967,27,'Viinirypäle',290,7,0,'2016-10-21 11:01:37',NULL),(968,28,'Vesimeloni',290,6,0,'2016-10-21 11:01:44',NULL),(969,29,'Olivi',290,6,0,'2016-10-21 11:01:50',NULL),(970,30,'',290,3,1,'2016-10-21 11:01:54',NULL),(971,31,'Viinirypäle',290,9,0,'2016-10-21 11:02:03',NULL),(972,32,'Kuva ei lataudu',290,15,0,'2016-10-21 11:02:19',NULL),(973,33,'Sitruuna',290,7,0,'2016-10-21 11:02:26',NULL),(974,34,'Lime',290,4,0,'2016-10-21 11:02:30',NULL),(975,35,'',290,4,1,'2016-10-21 11:02:34',NULL),(976,36,'',290,3,1,'2016-10-21 11:02:37',NULL),(977,37,'Hunajameloni',290,8,0,'2016-10-21 11:02:45',NULL),(978,38,'Persikka',290,13,0,'2016-10-21 11:02:58',NULL),(979,39,'Oliivi',290,4,0,'2016-10-21 11:03:02',NULL),(980,40,'',290,2,1,'2016-10-21 11:03:04',NULL),(981,41,'Persikka',290,10,0,'2016-10-21 11:03:14',NULL),(982,42,'Päärynä',290,6,0,'2016-10-21 11:03:20',NULL),(983,43,'Ananas',290,3,0,'2016-10-21 11:03:24',NULL),(984,44,'Luumu',290,6,0,'2016-10-21 11:03:30',NULL),(985,45,'Persikka',290,4,0,'2016-10-21 11:03:34',NULL),(986,46,'Veriappelsiini',290,10,0,'2016-10-21 11:03:45',NULL),(987,47,'',290,2,1,'2016-10-21 11:03:48',NULL),(988,48,'Mansikka',290,5,0,'2016-10-21 11:03:53',NULL),(989,49,'Tomaatti',290,4,0,'2016-10-21 11:03:57',NULL),(990,33,'sitruunankeltainen',292,20,0,'2016-10-21 13:45:53',NULL),(991,1,'oranssi',292,16,0,'2016-10-21 13:46:10',NULL),(992,2,'bananni',292,6,0,'2016-10-21 13:46:16',NULL),(993,3,'omenna',292,7,0,'2016-10-21 13:46:23',NULL),(994,4,'persikka',292,20,0,'2016-10-21 13:46:43',NULL),(995,5,'avokado',292,19,0,'2016-10-21 13:47:02',NULL),(996,6,'karhunvatukka',292,20,0,'2016-10-21 13:47:22',NULL),(997,7,'viinirypäleet',292,18,0,'2016-10-21 13:47:40',NULL),(998,8,'marjat',292,18,0,'2016-10-21 13:47:58',NULL),(999,9,'karhunvatukka',292,16,0,'2016-10-21 13:48:14',NULL),(1000,10,'punaisia marjoja',292,19,0,'2016-10-21 13:48:33',NULL),(1001,11,'gava',292,8,0,'2016-10-21 13:48:41',NULL),(1002,12,'punaisia marjoja',292,10,0,'2016-10-21 13:48:51',NULL),(1003,13,'marjat',292,20,0,'2016-10-21 13:49:11',NULL),(1004,14,'kookospähkinä',292,16,0,'2016-10-21 13:49:27',NULL),(1005,15,'mahjat',292,7,0,'2016-10-21 13:49:35',NULL),(1006,16,'mahjat',292,5,0,'2016-10-21 13:49:40',NULL),(1007,17,'mahjat',292,10,0,'2016-10-21 13:49:50',NULL),(1008,18,'treffi',292,39,0,'2016-10-21 13:50:29',NULL),(1009,19,'dont know',292,6,0,'2016-10-21 13:50:36',NULL),(1010,20,'dont know',292,6,0,'2016-10-21 13:50:42',NULL),(1011,21,'karhunvatukka',292,20,0,'2016-10-21 13:51:02',NULL),(1012,22,'gava',292,22,0,'2016-10-21 13:51:24',NULL),(1013,23,'dont know in finnish',292,32,0,'2016-10-21 13:51:56',NULL),(1014,24,'dry red berries',292,7,0,'2016-10-21 13:52:03',NULL),(1015,25,'citrus',292,8,0,'2016-10-21 13:52:11',NULL),(1016,26,'greippi',292,16,0,'2016-10-21 13:52:27',NULL),(1017,27,'viinirypäleet',292,15,0,'2016-10-21 13:52:42',NULL),(1018,28,'gava',292,6,0,'2016-10-21 13:52:48',NULL),(1019,29,'mahjat',292,9,0,'2016-10-21 13:52:57',NULL),(1020,30,'dont know',292,7,0,'2016-10-21 13:53:04',NULL),(1021,31,'mahjat',292,5,0,'2016-10-21 13:53:09',NULL),(1022,32,'greippi',292,10,0,'2016-10-21 13:53:20',NULL),(1023,34,'vihreä sitruuna',292,14,0,'2016-10-21 13:53:34',NULL),(1024,35,'leichi',292,14,0,'2016-10-21 13:53:48',NULL),(1025,36,'mango',292,6,0,'2016-10-21 13:53:54',NULL),(1026,37,'pappaja',292,13,0,'2016-10-21 13:54:07',NULL),(1027,38,'aprikoosi',292,15,0,'2016-10-21 13:54:22',NULL),(1028,39,'ollivi',292,6,0,'2016-10-21 13:54:28',NULL),(1029,40,'pappaja',292,5,0,'2016-10-21 13:54:33',NULL),(1030,41,'apprikoosi',292,8,0,'2016-10-21 13:54:41',NULL),(1031,42,'gava',292,6,0,'2016-10-21 13:54:47',NULL),(1032,43,'annanas',292,5,0,'2016-10-21 13:54:52',NULL),(1033,44,'leichi',292,6,0,'2016-10-21 13:54:58',NULL),(1034,45,'apprikoosi',292,6,0,'2016-10-21 13:55:04',NULL),(1035,46,'citrus fruit',292,8,0,'2016-10-21 13:55:12',NULL),(1036,47,'mahjat',292,8,0,'2016-10-21 13:55:20',NULL),(1037,48,'mansikka',292,6,0,'2016-10-21 13:55:26',NULL),(1038,49,'tomatti',292,5,0,'2016-10-21 13:55:31',NULL),(1039,41,'persikka',295,30,0,'2016-10-21 18:02:37',NULL),(1040,1,'applesiini',295,11,0,'2016-10-21 18:02:48',NULL),(1041,2,'banani',295,7,0,'2016-10-21 18:02:55',NULL),(1042,3,'omena',295,8,0,'2016-10-21 18:03:03',NULL),(1043,4,'persikka',295,17,0,'2016-10-21 18:03:20',NULL),(1044,5,'päärynä',295,17,0,'2016-10-21 18:03:37',NULL),(1045,6,'mustikat',295,20,0,'2016-10-21 18:03:57',NULL),(1046,7,'karhunvatukka',295,18,0,'2016-10-21 18:04:15',NULL),(1047,8,'marjat',295,24,0,'2016-10-21 18:04:39',NULL),(1048,9,'marjat',295,14,0,'2016-10-21 18:04:53',NULL),(1049,10,'mulperipuu',295,32,0,'2016-10-21 18:05:25',NULL),(1050,11,'vaniljakastike hedelmät',295,22,0,'2016-10-21 18:05:47',NULL),(1051,12,'kirsikka',295,20,0,'2016-10-21 18:06:07',NULL),(1052,13,'hilla',295,53,0,'2016-10-21 18:07:00',NULL),(1053,14,'kookospähkinä',295,19,0,'2016-10-21 18:07:19',NULL),(1054,15,'puolukka',295,87,0,'2016-10-21 18:08:46',NULL),(1055,16,'puolukka',295,22,0,'2016-10-21 18:09:08',NULL),(1056,17,'katajanmarja',295,66,0,'2016-10-21 18:10:14',NULL),(1057,18,'taateli',295,70,0,'2016-10-21 18:11:25',NULL),(1058,19,' lohikäärmehed',295,53,0,'2016-10-21 18:12:18',NULL),(1059,20,'durio',295,30,0,'2016-10-21 18:12:48',NULL),(1060,21,'mustaseljanmarja',295,28,0,'2016-10-21 18:13:16',NULL),(1061,22,'feijoa',295,36,0,'2016-10-21 18:13:52',NULL),(1062,23,'viikuna',295,26,0,'2016-10-21 18:14:18',NULL),(1063,24,'goji-marja',295,30,0,'2016-10-21 18:14:48',NULL),(1064,25,'karviaismarja',295,26,0,'2016-10-21 18:15:15',NULL),(1065,26,'greippi',295,22,0,'2016-10-21 18:15:37',NULL),(1066,27,'viinirypäle',295,14,0,'2016-10-21 18:15:51',NULL),(1067,28,'guava',295,32,0,'2016-10-21 18:16:23',NULL),(1068,29,'lunberry',295,99,0,'2016-10-21 18:18:03',NULL),(1069,30,'jakkihedelmä',295,31,0,'2016-10-21 18:18:34',NULL),(1070,31,'jujuba',295,80,0,'2016-10-21 18:19:54',NULL),(1071,32,'',295,8,1,'2016-10-21 18:20:03',NULL),(1072,33,'sitruuna',295,15,0,'2016-10-21 18:20:18',NULL),(1073,34,'limetti',295,28,0,'2016-10-21 18:20:46',NULL),(1074,35,'litsi',295,2,0,'2016-10-21 18:21:09',NULL),(1075,36,'mango',295,14,0,'2016-10-21 18:21:23',NULL),(1076,37,'hunajameloni',295,33,0,'2016-10-21 18:21:57',NULL),(1077,38,'nektariini',295,32,0,'2016-10-21 18:22:29',NULL),(1078,39,'oliivit',295,30,0,'2016-10-21 18:22:59',NULL),(1079,40,'papaija',295,40,0,'2016-10-21 18:23:39',NULL),(1080,42,'päärynä',295,21,0,'2016-10-21 18:24:00',NULL),(1081,43,'ananas',295,13,0,'2016-10-21 18:24:13',NULL),(1082,44,'luumu',295,36,0,'2016-10-21 18:24:49',NULL),(1083,45,'pluot',295,57,0,'2016-10-21 18:25:46',NULL),(1084,46,'pomelo',295,22,0,'2016-10-21 18:26:08',NULL),(1085,47,'',295,4,1,'2016-10-21 18:26:12',NULL),(1086,48,'mansikka',295,15,0,'2016-10-21 18:26:27',NULL),(1087,49,'tomattii',295,26,0,'2016-10-21 18:26:54',NULL),(1088,47,'',296,18,1,'2016-10-21 19:06:18',NULL),(1089,1,'applesiini',296,52,0,'2016-10-21 19:07:10',NULL),(1090,2,'banani',296,9,0,'2016-10-21 19:07:19',NULL),(1091,3,'omena',296,7,0,'2016-10-21 19:07:26',NULL),(1092,4,'aprikoosi',296,39,0,'2016-10-21 19:08:05',NULL),(1093,5,'avokado',296,22,0,'2016-10-21 19:08:27',NULL),(1094,6,'pensasmustikka',296,42,0,'2016-10-21 19:09:09',NULL),(1095,7,'karhunvatukka',296,37,0,'2016-10-21 19:09:46',NULL),(1096,8,'mustaviinimarja',296,38,0,'2016-10-21 19:10:25',NULL),(1097,9,'pensasmustikka',296,23,0,'2016-10-21 19:10:49',NULL),(1098,10,'boysenmarja',296,24,0,'2016-10-21 19:11:13',NULL),(1099,11,'annoona',296,25,0,'2016-10-21 19:11:38',NULL),(1100,12,'teivadelma',296,33,0,'2016-10-21 19:12:11',NULL),(1101,13,'lakka',296,21,0,'2016-10-21 19:12:32',NULL),(1102,14,'kookospähkinä',296,15,0,'2016-10-21 19:12:47',NULL),(1103,15,'karpalo',296,131,0,'2016-10-21 19:14:58',NULL),(1104,16,'punaviinimarja',296,35,0,'2016-10-21 19:15:33',NULL),(1105,17,'kriikuna',296,26,0,'2016-10-21 19:15:59',NULL),(1106,18,'taateli',296,16,0,'2016-10-21 19:16:15',NULL),(1107,19,' lohikäärmehed',296,53,0,'2016-10-21 19:17:08',NULL),(1108,20,'durio',296,19,0,'2016-10-21 19:17:27',NULL),(1109,21,'mustaseljanmarja',296,45,0,'2016-10-21 19:18:12',NULL),(1110,22,'feijoa',296,33,0,'2016-10-21 19:18:46',NULL),(1111,23,'viikuna',296,20,0,'2016-10-21 19:19:06',NULL),(1112,24,'goji-marja',296,28,0,'2016-10-21 19:19:34',NULL),(1113,25,'karviaismarja',296,26,0,'2016-10-21 19:20:00',NULL),(1114,26,'greippi',296,16,0,'2016-10-21 19:20:16',NULL),(1115,27,'viinirypäle',296,20,0,'2016-10-21 19:20:36',NULL),(1116,28,'guava',296,14,0,'2016-10-21 19:20:50',NULL),(1117,29,'',296,109,1,'2016-10-21 19:22:39',NULL),(1118,30,'jakkihedelmä',296,28,0,'2016-10-21 19:23:07',NULL),(1119,31,'jujube',296,58,0,'2016-10-21 19:24:05',NULL),(1120,32,'',296,4,1,'2016-10-21 19:24:09',NULL),(1121,33,'sitruuna',296,58,0,'2016-10-21 19:25:07',NULL),(1122,34,'limetti',296,13,0,'2016-10-21 19:25:20',NULL),(1123,35,'litsi',296,16,0,'2016-10-21 19:25:36',NULL),(1124,36,'mango',296,10,0,'2016-10-21 19:25:46',NULL),(1125,37,'hunajameloni',296,44,0,'2016-10-21 19:26:30',NULL),(1126,38,'nektariini',296,24,0,'2016-10-21 19:26:54',NULL),(1127,39,'oliivit',296,29,0,'2016-10-21 19:27:24',NULL),(1128,40,'papaija',296,18,0,'2016-10-21 19:27:42',NULL),(1129,41,'persikka',296,22,0,'2016-10-21 19:28:04',NULL),(1130,42,'päärynä',296,19,0,'2016-10-21 19:28:23',NULL),(1131,43,'ananas',296,7,0,'2016-10-21 19:28:30',NULL),(1132,44,'luumu',296,16,0,'2016-10-21 19:28:46',NULL),(1133,45,'pluot',296,16,0,'2016-10-21 19:29:02',NULL),(1134,46,'pomelo',296,18,0,'2016-10-21 19:29:20',NULL),(1135,48,'mansikka',296,17,0,'2016-10-21 19:29:38',NULL),(1136,49,'tomatti',296,6,0,'2016-10-21 19:29:44',NULL),(1137,25,'bbbbbb',18,8,0,'2016-10-22 09:07:19',NULL),(1138,38,'persikka',284,30,0,'2016-10-22 15:05:05',NULL),(1139,1,'appelsiini',284,41,0,'2016-10-22 15:05:46',NULL),(1140,2,'banaani',284,7,0,'2016-10-22 15:05:53',NULL),(1141,3,'omena',284,19,0,'2016-10-22 15:06:12',NULL),(1142,4,'persikka',284,12,0,'2016-10-22 15:06:24',NULL),(1143,5,'avokado',284,7,0,'2016-10-22 15:06:31',NULL),(1144,6,'mustikat',284,59,0,'2016-10-22 15:07:30',NULL),(1145,7,'marja',284,32,0,'2016-10-22 15:08:02',NULL),(1146,8,'puolukka',284,7,0,'2016-10-22 15:08:09',NULL),(1147,9,'marjat',284,16,0,'2016-10-22 15:08:25',NULL),(1148,10,'marja',284,7,0,'2016-10-22 15:08:32',NULL),(1149,11,'annoona',284,24,0,'2016-10-22 15:08:56',NULL),(1150,12,' kirsikka',284,18,0,'2016-10-22 15:09:14',NULL),(1151,13,'marja',284,68,0,'2016-10-22 15:10:22',NULL),(1152,14,'kookous',284,7,0,'2016-10-22 15:10:29',NULL),(1153,15,'puolukka',284,9,0,'2016-10-22 15:10:38',NULL),(1154,16,'puolukka',284,6,0,'2016-10-22 15:10:44',NULL),(1155,17,' luumu',284,38,0,'2016-10-22 15:11:22',NULL),(1156,18,'taateli',284,65,0,'2016-10-22 15:12:27',NULL),(1157,19,'',284,5,1,'2016-10-22 15:12:32',NULL),(1158,20,'',284,5,1,'2016-10-22 15:12:37',NULL),(1159,21,'puolukka',284,8,0,'2016-10-22 15:12:45',NULL),(1160,22,'',284,4,1,'2016-10-22 15:12:49',NULL),(1161,23,'viikuna',284,18,0,'2016-10-22 15:13:07',NULL),(1162,24,'pippuri',284,23,0,'2016-10-22 15:13:30',NULL),(1163,25,'',284,10,1,'2016-10-22 15:13:40',NULL),(1164,26,'punainen appelsini',284,49,0,'2016-10-22 15:14:29',NULL),(1165,27,'viinirypäle',284,23,0,'2016-10-22 15:14:52',NULL),(1166,28,'',284,22,1,'2016-10-22 15:15:14',NULL),(1167,29,'',284,5,1,'2016-10-22 15:15:19',NULL),(1168,30,'',284,2,1,'2016-10-22 15:15:22',NULL),(1169,31,'',284,6,1,'2016-10-22 15:15:28',NULL),(1170,32,'',284,4,1,'2016-10-22 15:15:32',NULL),(1171,33,'sitruuna',284,22,0,'2016-10-22 15:15:54',NULL),(1172,34,'limetti',284,39,0,'2016-10-22 15:16:33',NULL),(1173,35,'',284,3,1,'2016-10-22 15:16:36',NULL),(1174,36,'mango',284,31,0,'2016-10-22 15:17:07',NULL),(1175,37,'meloni',284,9,0,'2016-10-22 15:17:16',NULL),(1176,39,'oliivi',284,16,0,'2016-10-22 15:17:32',NULL),(1177,40,'meloni',284,18,0,'2016-10-22 15:17:50',NULL),(1178,41,'persikka',284,15,0,'2016-10-22 15:18:05',NULL),(1179,42,'päärynä',284,17,0,'2016-10-22 15:18:22',NULL),(1180,43,'ananas',284,14,0,'2016-10-22 15:18:36',NULL),(1181,44,'luumu',284,25,0,'2016-10-22 15:19:01',NULL),(1182,45,'persikka',284,15,0,'2016-10-22 15:19:16',NULL),(1183,46,'',284,4,1,'2016-10-22 15:19:20',NULL),(1184,47,'',284,3,1,'2016-10-22 15:19:24',NULL),(1185,48,'mansikka',284,15,0,'2016-10-22 15:19:39',NULL),(1186,49,'tomaatti',284,15,0,'2016-10-22 15:19:54',NULL),(1187,40,'Papaija',297,39,0,'2016-10-22 16:01:04',NULL),(1188,1,'Apelsiini',297,12,0,'2016-10-22 16:01:17',NULL),(1189,2,'Banaani',297,27,0,'2016-10-22 16:01:45',NULL),(1190,3,'Omena',297,8,0,'2016-10-22 16:01:53',NULL),(1191,4,'Persika',297,8,0,'2016-10-22 16:02:01',NULL),(1192,5,'Avokado',297,25,0,'2016-10-22 16:02:26',NULL),(1193,6,'Mustikka',297,34,0,'2016-10-22 16:03:00',NULL),(1194,7,'',297,10,1,'2016-10-22 16:03:10',NULL),(1195,8,'',297,3,1,'2016-10-22 16:03:13',NULL),(1196,9,'Mustikka',297,7,0,'2016-10-22 16:03:20',NULL),(1197,10,'Vadelma',297,6,0,'2016-10-22 16:03:26',NULL),(1198,11,'',297,3,1,'2016-10-22 16:03:30',NULL),(1199,12,'Kirsikka',297,8,0,'2016-10-22 16:03:38',NULL),(1200,13,'Hilla',297,6,0,'2016-10-22 16:03:45',NULL),(1201,14,'Kookos',297,7,0,'2016-10-22 16:03:52',NULL),(1202,15,'',297,5,1,'2016-10-22 16:03:57',NULL),(1203,37,'Meloni',301,105,0,'2016-10-23 08:38:54',NULL),(1204,1,'Applesini',301,12,0,'2016-10-23 08:39:06',NULL),(1205,2,'Banaani',301,24,0,'2016-10-23 08:39:30',NULL),(1206,3,'Omena',301,6,0,'2016-10-23 08:39:37',NULL),(1207,4,'Aprikoosi',301,3,0,'2016-10-23 08:39:58',NULL),(1208,2,'baanani',299,15,0,'2016-10-23 08:40:54',NULL),(1209,5,'Avokado',301,3,0,'2016-10-23 08:40:57',NULL),(1210,1,'Appelsiini',299,20,0,'2016-10-23 08:41:17',NULL),(1211,6,'Mustikat',301,9,0,'2016-10-23 08:41:26',NULL),(1212,3,'omena',299,1,0,'2016-10-23 08:41:27',NULL),(1213,7,'Viinirypaleet',301,46,0,'2016-10-23 08:42:13',NULL),(1214,4,'Aprikoosi',299,12,0,'2016-10-23 08:42:59',NULL),(1215,18,'',300,116,1,'2016-10-23 08:44:56',NULL),(1216,1,'Appelsini',300,14,0,'2016-10-23 08:45:10',NULL),(1217,2,'Banaani',300,8,0,'2016-10-23 08:45:18',NULL),(1218,3,'Onena',300,9,0,'2016-10-23 08:45:27',NULL),(1219,4,'',300,6,1,'2016-10-23 08:45:33',NULL),(1220,5,'',300,4,1,'2016-10-23 08:45:37',NULL),(1221,6,'Mustikat',300,41,0,'2016-10-23 08:46:18',NULL),(1222,7,'karhunvatukka',300,39,0,'2016-10-23 08:46:57',NULL),(1223,8,'',300,5,1,'2016-10-23 08:47:03',NULL),(1224,8,'Kirsikka',301,76,0,'2016-10-23 08:54:44',NULL),(1225,9,'Mustikat',301,33,0,'2016-10-23 08:55:17',NULL),(1226,10,'Vadelma',301,49,0,'2016-10-23 08:56:06',NULL),(1227,11,'',301,5,1,'2016-10-23 08:56:12',NULL),(1228,12,'Kirsikka',301,18,0,'2016-10-23 08:56:30',NULL),(1229,13,'',301,4,1,'2016-10-23 08:56:34',NULL),(1230,14,'Kookospähkinä',301,25,0,'2016-10-23 08:56:59',NULL),(1231,15,'Marjat',301,26,0,'2016-10-23 08:57:25',NULL),(1232,16,'Kirsikka',301,17,0,'2016-10-23 08:57:43',NULL),(1233,17,'Mustikat',301,22,0,'2016-10-23 08:58:20',NULL),(1234,5,'Avokado',299,7,0,'2016-10-23 08:58:27',NULL),(1235,18,'Päivämäärät',301,29,0,'2016-10-23 08:58:56',NULL),(1236,6,'mustikat',299,14,0,'2016-10-23 08:59:10',NULL),(1237,19,'Lohikäärmehed',301,22,0,'2016-10-23 08:59:33',NULL),(1238,20,'',301,8,1,'2016-10-23 08:59:41',NULL),(1239,21,'Marjat',301,22,0,'2016-10-23 09:00:03',NULL),(1240,22,'',301,2,1,'2016-10-23 09:00:36',NULL),(1241,23,'',301,3,1,'2016-10-23 09:00:39',NULL),(1242,24,'',301,8,1,'2016-10-23 09:00:47',NULL),(1243,25,'',301,2,1,'2016-10-23 09:00:49',NULL),(1244,26,'',301,3,1,'2016-10-23 09:00:52',NULL),(1245,27,'Viinirypäleet',301,20,0,'2016-10-23 09:01:12',NULL),(1246,28,'',301,2,1,'2016-10-23 09:01:15',NULL),(1247,29,'',301,5,1,'2016-10-23 09:01:20',NULL),(1248,30,'',301,2,1,'2016-10-23 09:01:22',NULL),(1249,31,'',301,4,1,'2016-10-23 09:01:26',NULL),(1250,32,'',301,5,1,'2016-10-23 09:01:31',NULL),(1251,33,'Sitruuna',301,27,0,'2016-10-23 09:01:58',NULL),(1252,34,'Citrus',301,44,0,'2016-10-23 09:02:42',NULL),(1253,35,'Litsi',301,39,0,'2016-10-23 09:03:21',NULL),(1254,36,'Mango',301,23,0,'2016-10-23 09:03:45',NULL),(1255,45,'Aprikoosi',302,37,0,'2016-10-23 21:45:25',NULL),(1256,1,'Appelsiini',302,27,0,'2016-10-23 21:45:52',NULL),(1257,2,'Banaani',302,18,0,'2016-10-23 21:46:10',NULL),(1258,3,'Omena',302,7,0,'2016-10-23 21:46:18',NULL),(1259,4,'Aprikoosi',302,11,0,'2016-10-23 21:46:29',NULL),(1260,5,'Avocado',302,28,0,'2016-10-23 21:46:57',NULL),(1261,6,'Mustikka',302,18,0,'2016-10-23 21:47:15',NULL),(1262,7,'',302,30,1,'2016-10-23 21:47:45',NULL),(1263,8,'',302,6,1,'2016-10-23 21:47:51',NULL),(1264,9,'Mustikka',302,14,0,'2016-10-23 21:48:05',NULL),(1265,10,'Vadelma',302,15,0,'2016-10-23 21:48:20',NULL),(1266,11,'',302,128,1,'2016-10-23 21:50:28',NULL),(1267,12,'Kisikka',302,25,0,'2016-10-23 21:50:53',NULL),(1268,13,'Hilla',302,18,0,'2016-10-23 21:51:12',NULL),(1269,14,'Kookospähkinä',302,24,0,'2016-10-23 21:51:36',NULL),(1270,15,'Karpalo',302,24,0,'2016-10-23 21:52:00',NULL),(1271,16,'Karpalo',302,13,0,'2016-10-23 21:52:13',NULL),(1272,17,'Mustikka',302,24,0,'2016-10-23 21:52:37',NULL),(1273,18,'Taateli',302,30,0,'2016-10-23 21:53:07',NULL),(1274,19,'Lohikäärmehed',302,53,0,'2016-10-23 21:54:00',NULL),(1275,20,'',302,11,1,'2016-10-23 21:54:11',NULL),(1276,21,'',302,7,1,'2016-10-23 21:54:18',NULL),(1277,22,'Passiohedelmä',302,27,0,'2016-10-23 21:54:45',NULL),(1278,23,'Viikuna',302,45,0,'2016-10-23 21:55:30',NULL),(1279,24,'Gogimarja',302,65,0,'2016-10-23 21:56:36',NULL),(1280,25,'',302,8,1,'2016-10-23 21:56:44',NULL),(1281,26,'Greippi',302,21,0,'2016-10-23 21:57:05',NULL),(1282,27,'Viinirypäle',302,18,0,'2016-10-23 21:57:23',NULL),(1283,28,'Guava',302,27,0,'2016-10-23 21:57:50',NULL),(1284,29,'',302,6,1,'2016-10-23 21:57:56',NULL),(1285,30,'',302,4,1,'2016-10-23 21:58:01',NULL),(1286,31,'',302,2,1,'2016-10-23 21:58:03',NULL),(1287,32,'',302,2,1,'2016-10-23 21:58:08',NULL),(1288,33,'Sitruuna',302,15,0,'2016-10-23 21:58:23',NULL),(1289,34,'Sitrushedelmä',302,48,0,'2016-10-23 21:59:11',NULL),(1290,35,'Litsi',302,17,0,'2016-10-23 21:59:28',NULL),(1291,36,'Mango',302,6,0,'2016-10-23 21:59:34',NULL),(1292,37,'Hunajameloni',302,56,0,'2016-10-23 22:00:30',NULL),(1293,38,'Persikka',302,14,0,'2016-10-23 22:00:44',NULL),(1294,39,'Oliivi',302,17,0,'2016-10-23 22:01:01',NULL),(1295,42,'Päärynä',304,11,0,'2016-10-24 11:44:04',NULL),(1296,1,'Appelsiini',304,12,0,'2016-10-24 11:44:16',NULL),(1297,2,'Banaani',304,7,0,'2016-10-24 11:44:25',NULL),(1298,3,'Omena',304,7,0,'2016-10-24 11:44:32',NULL),(1299,4,'Persikka',304,10,0,'2016-10-24 11:44:42',NULL),(1300,5,'Avokado',304,8,0,'2016-10-24 11:44:51',NULL),(1301,6,'Mustikka',304,6,0,'2016-10-24 11:44:57',NULL),(1302,7,'Karhunvatukka',304,10,0,'2016-10-24 11:45:08',NULL),(1303,8,'Mustaherukka',304,13,0,'2016-10-24 11:45:21',NULL),(1304,9,'Variksenmarja',304,9,0,'2016-10-24 11:45:30',NULL),(1305,10,'Vadelma',304,8,0,'2016-10-24 11:45:39',NULL),(1306,11,'',304,4,1,'2016-10-24 11:45:43',NULL),(1307,12,'Kirsikka',304,14,0,'2016-10-24 11:46:00',NULL),(1308,13,'Hilla',304,8,0,'2016-10-24 11:46:47',NULL),(1309,14,'Kookos',304,8,0,'2016-10-24 11:46:55',NULL),(1310,15,'Puolukka',304,6,0,'2016-10-24 11:47:02',NULL),(1311,16,'Punaherukka',304,17,0,'2016-10-24 11:47:19',NULL),(1312,17,'Luumu',304,10,0,'2016-10-24 11:47:31',NULL),(1313,18,'',304,6,1,'2016-10-24 11:47:38',NULL),(1314,19,'',304,3,1,'2016-10-24 12:44:17',NULL),(1315,20,'',304,4,1,'2016-10-24 12:44:21',NULL),(1316,21,'Viinimarja',304,9,0,'2016-10-24 12:44:30',NULL),(1317,22,'',304,3,1,'2016-10-24 12:44:33',NULL),(1318,23,'',304,6,1,'2016-10-24 12:44:39',NULL),(1319,24,'',304,6,1,'2016-10-24 12:44:45',NULL),(1320,25,'',304,6,1,'2016-10-24 12:44:51',NULL),(1321,26,'Verigreippi',304,12,0,'2016-10-24 12:45:04',NULL),(1322,27,'Viimirypäle',304,12,0,'2016-10-24 12:45:16',NULL),(1323,28,'Guava',291,7,0,'2016-10-24 13:10:46',NULL),(1324,1,'applesiini',291,7,0,'2016-10-24 13:10:53',NULL),(1325,2,'Banani',291,6,0,'2016-10-24 13:10:59',NULL),(1326,3,'Omena',291,7,0,'2016-10-24 13:11:06',NULL),(1327,4,'aprikoosi',291,42,0,'2016-10-24 13:11:48',NULL),(1328,5,'avokado',291,20,0,'2016-10-24 13:12:08',NULL),(1329,6,'pensasmustikka',291,37,0,'2016-10-24 13:12:45',NULL),(1330,7,'karhunvatukka',291,24,0,'2016-10-24 13:13:09',NULL),(1331,8,'mustaviinimarja',291,20,0,'2016-10-24 13:13:29',NULL),(1332,9,'	karhunvatukka',291,18,0,'2016-10-24 13:13:47',NULL),(1333,10,'boysenmarja',291,20,0,'2016-10-24 13:14:07',NULL),(1334,11,'annoona',291,25,0,'2016-10-24 13:14:32',NULL),(1335,12,' kirsikka poika',291,87,0,'2016-10-24 13:16:00',NULL),(1336,13,'	lakka',291,14,0,'2016-10-24 13:16:15',NULL),(1337,14,'	kookospähkinä',291,15,0,'2016-10-24 13:16:30',NULL),(1338,15,'red berry',291,26,0,'2016-10-24 13:16:56',NULL),(1339,16,'	punaviinimarja',291,24,0,'2016-10-24 13:17:20',NULL),(1340,17,'kriikuna',291,33,0,'2016-10-24 13:17:53',NULL),(1341,18,'taateli',291,10,0,'2016-10-24 13:18:04',NULL),(1342,19,'lohikäärmehed',291,44,0,'2016-10-24 13:18:48',NULL),(1343,20,'durio',291,20,0,'2016-10-24 13:19:08',NULL),(1344,21,'mustaseljanmarja',291,17,0,'2016-10-24 13:19:25',NULL),(1345,22,'feijoa',291,16,0,'2016-10-24 13:19:41',NULL),(1346,23,'viikuna',291,20,0,'2016-10-24 13:20:01',NULL),(1347,24,'goji-marja',291,20,0,'2016-10-24 13:20:21',NULL),(1348,25,'karviainen',291,29,0,'2016-10-24 13:20:50',NULL),(1349,26,'greippi',291,35,0,'2016-10-24 13:21:25',NULL),(1350,27,'viinirypäle',291,16,0,'2016-10-24 13:21:41',NULL),(1351,29,'ticaba',291,19,0,'2016-10-24 13:22:00',NULL),(1352,30,'jakkihedelmä',291,15,0,'2016-10-24 13:22:15',NULL),(1353,31,'jamun',291,23,0,'2016-10-24 13:22:38',NULL),(1354,32,'',291,2,1,'2016-10-24 13:22:40',NULL),(1355,33,'sitruuna',291,15,0,'2016-10-24 13:22:55',NULL),(1356,34,'limetti',291,12,0,'2016-10-24 13:23:07',NULL),(1357,35,'litsi',291,11,0,'2016-10-24 13:23:18',NULL),(1358,36,'mango',291,8,0,'2016-10-24 13:23:26',NULL),(1359,37,'meloni',291,15,0,'2016-10-24 13:23:41',NULL),(1360,38,'persikka',291,13,0,'2016-10-24 13:23:54',NULL),(1361,39,'olivit',291,8,0,'2016-10-24 13:24:02',NULL),(1362,40,'papaija',291,18,0,'2016-10-24 13:24:20',NULL),(1363,41,'persikka',291,20,0,'2016-10-24 13:24:40',NULL),(1364,42,'päärynä',291,11,0,'2016-10-24 13:24:52',NULL),(1365,43,'ananas',291,7,0,'2016-10-24 13:24:59',NULL),(1366,44,'luumu',291,21,0,'2016-10-24 13:25:20',NULL),(1367,45,'pomelo',291,22,0,'2016-10-24 13:25:42',NULL),(1368,46,'pomelo',291,17,0,'2016-10-24 13:25:59',NULL),(1369,47,'',291,2,1,'2016-10-24 13:26:01',NULL),(1370,48,'mansikka,',291,17,0,'2016-10-24 13:26:18',NULL),(1371,49,'tomatti',291,7,0,'2016-10-24 13:26:25',NULL),(1372,44,'luumu',306,39,0,'2016-10-24 14:13:12',NULL),(1373,1,'appelsiini',306,82,0,'2016-10-24 14:14:35',NULL),(1374,2,'banaani',306,26,0,'2016-10-24 14:15:01',NULL),(1375,3,'omena',306,11,0,'2016-10-24 14:15:12',NULL),(1376,4,'persikka',306,23,0,'2016-10-24 14:15:35',NULL),(1377,5,'avokato',306,9,0,'2016-10-24 14:15:44',NULL),(1378,6,'mustikat',306,26,0,'2016-10-24 14:16:10',NULL),(1379,7,'marja',306,8,0,'2016-10-24 14:16:19',NULL),(1380,8,'mustikka',306,104,0,'2016-10-24 16:26:45',NULL),(1381,9,'mustikka',306,11,0,'2016-10-24 16:26:56',NULL),(1382,10,'vadelma',306,68,0,'2016-10-24 16:28:04',NULL),(1383,11,'anoonna',306,13,0,'2016-10-24 16:28:17',NULL),(1384,12,'kirsikka',306,30,0,'2016-10-24 16:28:47',NULL),(1385,13,'hilla',306,50,0,'2016-10-24 16:29:37',NULL),(1386,14,'kookous',306,8,0,'2016-10-24 16:29:45',NULL),(1387,15,'puolukka',306,40,0,'2016-10-24 16:30:25',NULL),(1388,16,'puolukka',306,9,0,'2016-10-24 16:30:35',NULL),(1389,17,'luumu',306,23,0,'2016-10-24 16:30:58',NULL),(1390,18,'taateli',306,109,0,'2016-10-24 16:32:47',NULL),(1391,19,'',306,4,1,'2016-10-24 16:32:52',NULL),(1392,20,'',306,4,1,'2016-10-24 16:32:57',NULL),(1393,21,'mustikka',306,57,0,'2016-10-24 16:33:55',NULL),(1394,22,'',306,9,1,'2016-10-24 16:34:04',NULL),(1395,23,'viikuna',306,24,0,'2016-10-24 16:34:28',NULL),(1396,24,'pippuri',306,31,0,'2016-10-24 16:34:59',NULL),(1397,25,'',306,5,1,'2016-10-24 16:35:04',NULL),(1398,26,'veriappelsiini',306,64,0,'2016-10-24 16:36:09',NULL),(1399,27,' viinirypäleet ',306,53,0,'2016-10-24 16:37:02',NULL),(1400,28,'',306,8,1,'2016-10-24 16:37:10',NULL),(1401,29,'',306,7,1,'2016-10-24 16:37:17',NULL),(1402,30,'',306,6,1,'2016-10-24 16:37:23',NULL),(1403,31,'',306,5,1,'2016-10-24 16:37:28',NULL),(1404,32,'',306,3,1,'2016-10-24 16:37:31',NULL),(1405,33,'sitruna',306,11,0,'2016-10-24 16:37:42',NULL),(1406,34,'limetti',306,98,0,'2016-10-24 16:39:20',NULL),(1407,35,'',306,6,1,'2016-10-24 16:39:26',NULL),(1408,36,'mango',306,36,0,'2016-10-24 16:40:03',NULL),(1409,37,'meloni',306,59,0,'2016-10-24 16:41:02',NULL),(1410,38,'persikka',306,27,0,'2016-10-24 16:41:29',NULL),(1411,39,'oliivit',306,36,0,'2016-10-24 16:42:05',NULL),(1412,40,'papaija',306,29,0,'2016-10-24 16:42:34',NULL),(1413,41,'persikka',306,13,0,'2016-10-24 16:42:48',NULL),(1414,42,'päärynä',306,13,0,'2016-10-24 16:43:01',NULL),(1415,43,'ananas',306,9,0,'2016-10-24 16:43:10',NULL),(1416,45,'persikka',306,9,0,'2016-10-24 16:43:19',NULL),(1417,46,'Veriappelsiini',306,65,0,'2016-10-24 16:44:25',NULL),(1418,47,'',306,5,1,'2016-10-24 16:44:31',NULL),(1419,48,'mansikka',306,73,0,'2016-10-24 16:45:44',NULL),(1420,49,'tomaatti',306,11,0,'2016-10-24 16:45:55',NULL),(1421,1,'oranssi',310,18,0,'2016-10-25 17:14:34',NULL),(1422,2,'banaani',310,7,0,'2016-10-25 17:14:41',NULL),(1423,3,'omena',310,2,0,'2016-10-25 17:15:10',NULL),(1424,4,'persikka',310,57,0,'2016-10-25 17:16:07',NULL),(1425,5,'abacatti',310,14,0,'2016-10-25 17:16:21',NULL),(1426,6,'mustikka',310,17,0,'2016-10-25 17:16:38',NULL),(1427,7,'mustikka',310,11,0,'2016-10-25 17:16:49',NULL),(1428,8,'mustikka',310,7,0,'2016-10-25 17:16:56',NULL),(1429,9,'mustikka',310,5,0,'2016-10-25 17:17:01',NULL),(1430,10,'mustikka',310,12,0,'2016-10-25 17:17:13',NULL),(1431,11,'en tieda',310,7,0,'2016-10-25 17:17:20',NULL),(1432,12,'kirsikka',310,7,0,'2016-10-25 17:17:27',NULL),(1433,13,'mustikka',310,7,0,'2016-10-25 17:17:34',NULL),(1434,14,'coocopahkina',310,15,0,'2016-10-25 17:17:49',NULL),(1435,15,'mustikka',310,8,0,'2016-10-25 17:17:57',NULL),(1436,16,'mustikka',310,9,0,'2016-10-25 17:18:06',NULL),(1437,17,'mustikka',310,69,0,'2016-10-25 17:19:15',NULL),(1438,18,'',310,7,1,'2016-10-25 17:19:22',NULL),(1439,19,'',310,2,1,'2016-10-25 17:19:24',NULL),(1440,20,'',310,3,1,'2016-10-25 17:19:27',NULL),(1441,21,'mustikka',310,6,0,'2016-10-25 17:19:33',NULL),(1442,22,'',310,3,1,'2016-10-25 17:19:37',NULL),(1443,23,'viikuna',310,17,0,'2016-10-25 17:19:54',NULL),(1444,24,'',310,4,1,'2016-10-25 17:19:58',NULL),(1445,25,'en muista',310,14,0,'2016-10-25 17:20:12',NULL),(1446,26,'iso oranssi',310,10,0,'2016-10-25 17:20:23',NULL),(1447,27,'viinirypale',310,24,0,'2016-10-25 17:20:47',NULL),(1448,28,'',310,33,1,'2016-10-25 17:21:20',NULL),(1449,29,'mustikka',310,6,0,'2016-10-25 17:21:26',NULL),(1450,30,'',310,27,1,'2016-10-25 17:21:53',NULL),(1451,31,'',310,2,1,'2016-10-25 17:21:55',NULL),(1452,32,'',310,7,1,'2016-10-25 17:22:03',NULL),(1453,33,'siitruna',310,23,0,'2016-10-25 17:22:26',NULL),(1454,34,'virhea siitruna',310,31,0,'2016-10-25 17:22:57',NULL),(1455,35,'',310,10,1,'2016-10-25 17:23:07',NULL),(1456,36,'',310,3,1,'2016-10-25 17:23:10',NULL),(1457,37,'vesimeloni',310,8,0,'2016-10-25 17:23:18',NULL),(1458,38,'persikka',310,7,0,'2016-10-25 17:23:25',NULL),(1459,39,'oliivi',310,5,0,'2016-10-25 17:23:30',NULL),(1460,40,'papaya',310,5,0,'2016-10-25 17:23:35',NULL),(1461,41,'persikka',310,6,0,'2016-10-25 17:23:41',NULL),(1462,42,'paryna',310,6,0,'2016-10-25 17:23:47',NULL),(1463,43,'ananas',310,6,0,'2016-10-25 17:23:53',NULL),(1464,44,'',310,3,1,'2016-10-25 17:23:56',NULL),(1465,45,'persikka',310,6,0,'2016-10-25 17:24:02',NULL),(1466,46,'',310,24,1,'2016-10-25 17:24:26',NULL),(1467,47,'',310,2,1,'2016-10-25 17:24:28',NULL),(1468,48,'mansikka',310,15,0,'2016-10-25 17:24:43',NULL),(1469,49,'tomaati',310,6,0,'2016-10-25 17:24:49',NULL),(1470,16,'Puolukka',311,17,0,'2016-10-25 19:00:33',NULL),(1471,1,'Appelsiini',311,16,0,'2016-10-25 19:00:49',NULL),(1472,2,'Banaani',311,9,0,'2016-10-25 19:00:58',NULL),(1473,3,'Omena',311,8,0,'2016-10-25 19:01:07',NULL),(1474,4,'Persikka',311,35,0,'2016-10-25 19:01:42',NULL),(1475,5,'Avokado',311,9,0,'2016-10-25 19:01:51',NULL),(1476,6,'Mustikka',311,6,0,'2016-10-25 19:01:57',NULL),(1477,7,'Karhunvatukka',311,40,0,'2016-10-25 19:02:37',NULL),(1478,8,'Mustikka',311,22,0,'2016-10-25 19:02:59',NULL),(1479,9,'Mustikka',311,7,0,'2016-10-25 19:03:06',NULL),(1480,10,'',311,38,1,'2016-10-25 19:03:44',NULL),(1481,11,'',311,4,1,'2016-10-25 19:03:48',NULL),(1482,12,'',311,6,1,'2016-10-25 19:03:54',NULL),(1483,13,'',311,9,1,'2016-10-25 19:04:03',NULL),(1484,14,'Kokos',311,5,0,'2016-10-25 19:04:08',NULL),(1485,15,'Karpalo',311,5,0,'2016-10-25 19:04:13',NULL),(1486,17,'',311,2,1,'2016-10-25 19:04:16',NULL),(1487,18,'',311,3,1,'2016-10-25 19:04:19',NULL),(1488,19,'',311,5,1,'2016-10-25 19:04:24',NULL),(1489,20,'Durian',311,7,0,'2016-10-25 19:04:31',NULL),(1490,21,'',311,13,1,'2016-10-25 19:04:44',NULL),(1491,22,'',311,2,1,'2016-10-25 19:04:46',NULL),(1492,23,'',311,2,1,'2016-10-25 19:04:48',NULL),(1493,24,'',311,4,1,'2016-10-25 19:04:52',NULL),(1494,25,'',311,2,1,'2016-10-25 19:04:54',NULL),(1495,26,'Veriappelsiini',311,7,0,'2016-10-25 19:05:01',NULL),(1496,27,'Viinirypäle',311,8,0,'2016-10-25 19:05:09',NULL),(1497,28,'',311,2,1,'2016-10-25 19:05:12',NULL),(1498,29,'',311,2,1,'2016-10-25 19:05:14',NULL),(1499,30,'',311,2,1,'2016-10-25 19:05:17',NULL),(1500,31,'',311,2,1,'2016-10-25 19:05:19',NULL),(1501,32,'',311,7,1,'2016-10-25 19:05:26',NULL),(1502,33,'',311,6,1,'2016-10-25 19:05:32',NULL),(1503,34,'',311,4,1,'2016-10-25 19:05:36',NULL),(1504,35,'',311,5,1,'2016-10-25 19:05:42',NULL),(1505,36,'',311,4,1,'2016-10-25 19:05:46',NULL),(1506,37,'Meloni',311,7,0,'2016-10-25 19:05:53',NULL),(1507,38,'Nektariini',311,6,0,'2016-10-25 19:05:59',NULL),(1508,39,'Oliivi',311,4,0,'2016-10-25 19:06:04',NULL),(1509,40,'',311,4,1,'2016-10-25 19:06:08',NULL),(1510,41,'',311,3,1,'2016-10-25 19:06:11',NULL),(1511,42,'Päärynä',311,6,0,'2016-10-25 19:06:17',NULL),(1512,43,'Ananas',311,7,0,'2016-10-25 19:06:24',NULL),(1513,44,'Luumu',311,7,0,'2016-10-25 19:06:31',NULL),(1514,45,'Persikka',311,6,0,'2016-10-25 19:06:37',NULL),(1515,46,'',311,3,1,'2016-10-25 19:06:40',NULL),(1516,47,'',311,3,1,'2016-10-25 19:06:43',NULL),(1517,48,'Mansikka',311,5,0,'2016-10-25 19:06:48',NULL),(1518,49,'Tomaatti',311,5,0,'2016-10-25 19:06:53',NULL),(1519,46,'Greippi',313,101,0,'2016-10-25 19:40:25',NULL),(1520,1,'applesini',313,59,0,'2016-10-25 19:41:48',NULL),(1521,2,'banaani',313,31,0,'2016-10-25 19:42:19',NULL),(1522,3,'omena',313,17,0,'2016-10-25 19:42:41',NULL),(1523,4,'Aprikoosi',313,63,0,'2016-10-25 19:43:44',NULL),(1524,5,'avokado',313,40,0,'2016-10-25 19:44:24',NULL),(1525,6,'mustikka',313,25,0,'2016-10-25 19:44:49',NULL),(1526,7,'karhunvatukka',313,27,0,'2016-10-25 19:45:16',NULL),(1527,8,'mustaherukka',313,29,0,'2016-10-25 19:45:46',NULL),(1528,9,'mustikka',313,31,0,'2016-10-25 19:46:17',NULL),(1529,10,'boysenmarja',313,35,0,'2016-10-25 19:46:53',NULL),(1530,11,'kirimoija',313,23,0,'2016-10-25 19:47:17',NULL),(1531,12,'kirsikka',313,237,0,'2016-10-25 19:51:14',NULL),(1532,13,'Hilla',313,67,0,'2016-10-25 19:52:21',NULL),(1533,14,'kookospähkinä',313,27,0,'2016-10-25 19:52:48',NULL),(1534,15,'karpalot',313,27,0,'2016-10-25 19:53:15',NULL),(1535,16,'herukat',313,32,0,'2016-10-25 19:55:08',NULL),(1536,17,'kriikuna',313,24,0,'2016-10-25 19:55:32',NULL),(1537,18,'Taatelipalmu',313,61,0,'2016-10-25 19:56:33',NULL),(1538,19,'Pitaya',313,95,0,'2016-10-25 19:58:08',NULL),(1539,20,'durian',313,75,0,'2016-10-25 19:59:24',NULL),(1540,21,'seljanmarjoista',313,64,0,'2016-10-25 20:00:28',NULL),(1541,22,'feijoa',313,86,0,'2016-10-25 20:01:54',NULL),(1542,23,'aitoviikuna',313,43,0,'2016-10-25 20:02:37',NULL),(1543,24,'goji marja',313,86,0,'2016-10-25 20:04:03',NULL),(1544,25,'karviaismarja',313,23,0,'2016-10-25 20:04:26',NULL),(1545,26,'greippi',313,26,0,'2016-10-25 20:04:52',NULL),(1546,27,'viinirypäleet',313,18,0,'2016-10-25 20:05:10',NULL),(1547,28,'guava',313,47,0,'2016-10-25 20:05:58',NULL),(1548,29,'jaboticaba',313,71,0,'2016-10-25 20:07:09',NULL),(1549,30,'jakkipuun',313,23,0,'2016-10-25 20:07:32',NULL),(1550,31,'jambul',313,26,0,'2016-10-25 20:07:58',NULL),(1551,32,'kiivi',313,29,0,'2016-10-25 20:08:27',NULL),(1552,33,'sitruuna',313,28,0,'2016-10-25 20:08:56',NULL),(1553,34,'lime',313,90,0,'2016-10-25 20:10:26',NULL),(1554,35,'litsi',313,29,0,'2016-10-25 20:10:55',NULL),(1555,36,'mango',313,35,0,'2016-10-25 20:11:30',NULL),(1556,37,'Cantaloupe',313,71,0,'2016-10-25 20:12:41',NULL),(1557,38,'nektariini',313,23,0,'2016-10-25 20:13:04',NULL),(1558,39,'oliivi',313,21,0,'2016-10-25 20:13:25',NULL),(1559,40,'papaija',313,18,0,'2016-10-25 20:13:43',NULL),(1560,41,'persikka',313,21,0,'2016-10-25 20:14:04',NULL),(1561,42,'päärynä',313,23,0,'2016-10-25 20:14:27',NULL),(1562,43,'ananas',313,22,0,'2016-10-25 20:14:49',NULL),(1563,44,'luumu',313,18,0,'2016-10-25 20:15:07',NULL),(1564,45,'plumcot',313,19,0,'2016-10-25 20:15:26',NULL),(1565,47,'vadelma',313,17,0,'2016-10-25 20:15:43',NULL),(1566,48,'mansikka',313,17,0,'2016-10-25 20:16:01',NULL),(1567,49,'tomaatti',313,16,0,'2016-10-25 20:16:17',NULL),(1568,18,'Taateli',312,11,0,'2016-10-25 23:59:12',NULL),(1569,1,'Appelsiini',312,12,0,'2016-10-25 23:59:24',NULL),(1570,2,'Banaani',312,5,0,'2016-10-25 23:59:30',NULL),(1571,3,'Omena',312,6,0,'2016-10-25 23:59:36',NULL),(1572,4,'Persikka',312,10,0,'2016-10-25 23:59:46',NULL),(1573,5,'Avokaado',312,7,0,'2016-10-25 23:59:53',NULL),(1574,6,'Mustikka',312,9,0,'2016-10-26 00:00:02',NULL),(1575,46,'Pomelo',316,30,0,'2016-10-26 15:16:41',NULL),(1576,1,'Appelsiini',316,43,0,'2016-10-26 15:17:24',NULL),(1577,2,'Banaani',316,5,0,'2016-10-26 15:17:29',NULL),(1578,3,'Omena',316,15,0,'2016-10-26 15:17:44',NULL),(1579,4,'Aprikoosi',316,19,0,'2016-10-26 15:18:03',NULL),(1580,5,'Avokado',316,17,0,'2016-10-26 15:18:20',NULL),(1581,6,'Mustikka',316,65,0,'2016-10-26 15:19:26',NULL),(1582,7,'Karhunvatukka',316,14,0,'2016-10-26 15:19:40',NULL),(1583,8,'Mustaherukka',316,57,0,'2016-10-26 15:20:37',NULL),(1584,9,'Mustikka',316,48,0,'2016-10-26 15:21:25',NULL),(1585,10,'Boysenmarja',316,30,0,'2016-10-26 15:21:55',NULL),(1586,11,'Annoona',316,101,0,'2016-10-26 15:23:37',NULL),(1587,12,'Kirsikkaterttu',316,40,0,'2016-10-26 15:24:17',NULL),(1588,13,'Lakka',316,27,0,'2016-10-26 15:24:44',NULL),(1589,14,'Kookospähkinä',316,14,0,'2016-10-26 15:24:58',NULL),(1590,15,'Karpalo',316,32,0,'2016-10-26 15:25:30',NULL),(1591,16,'Punaherukka',316,18,0,'2016-10-26 15:25:48',NULL),(1592,17,'Kriikuna',316,38,0,'2016-10-26 15:26:27',NULL),(1593,18,'Taateli',316,18,0,'2016-10-26 15:26:45',NULL),(1594,19,'Pitaija',316,31,0,'2016-10-26 15:27:16',NULL),(1595,20,'Durio',316,59,0,'2016-10-26 15:28:15',NULL),(1596,21,'Seljanmarja',316,24,0,'2016-10-26 15:28:40',NULL),(1597,22,'Ananasguava',316,36,0,'2016-10-26 15:29:16',NULL),(1598,23,'Viikuna',316,25,0,'2016-10-26 15:29:42',NULL),(1599,24,'Gojimarja',316,10,0,'2016-10-26 15:29:53',NULL),(1600,25,'Karviainen',316,22,0,'2016-10-26 15:30:15',NULL),(1601,26,'Verigreippi',316,66,0,'2016-10-26 15:31:21',NULL),(1602,27,'Viinirypäle (punaisia, mustia ja vihreitä)',316,52,0,'2016-10-26 15:32:13',NULL),(1603,28,'Guava',316,39,0,'2016-10-26 15:32:52',NULL),(1604,29,'Brasilianrypälemyrtti',316,60,0,'2016-10-26 15:33:52',NULL),(1605,30,'Jakkihedelmä',316,27,0,'2016-10-26 15:34:19',NULL),(1606,31,'Jaavanjambolaani',316,32,0,'2016-10-26 15:34:51',NULL),(1607,32,'',316,11,1,'2016-10-26 15:35:02',NULL),(1608,33,'Sitruuna',316,12,0,'2016-10-26 15:35:14',NULL),(1609,34,'Limehedelmä',316,36,0,'2016-10-26 15:35:50',NULL),(1610,35,'Litsi',316,15,0,'2016-10-26 15:36:05',NULL),(1611,36,'Mango',316,12,0,'2016-10-26 15:36:17',NULL),(1612,37,'',316,45,1,'2016-10-26 15:37:02',NULL),(1613,38,'Nektariini',316,11,0,'2016-10-26 15:37:14',NULL),(1614,39,'Vihreä oliivi',316,6,0,'2016-10-26 15:37:20',NULL),(1615,40,'Papaija',316,9,0,'2016-10-26 15:37:30',NULL),(1616,41,'Persikka',316,11,0,'2016-10-26 15:37:41',NULL),(1617,42,'Päärynä',316,44,0,'2016-10-26 15:38:25',NULL),(1618,43,'Ananas',316,26,0,'2016-10-26 15:38:51',NULL),(1619,44,'Luumu',316,18,0,'2016-10-26 15:39:09',NULL),(1620,45,'Persikka',316,40,0,'2016-10-26 15:39:49',NULL),(1621,47,'',316,1,1,'2016-10-26 15:39:50',NULL),(1622,48,'Mansikka',316,5,0,'2016-10-26 15:39:56',NULL),(1623,49,'Tomaatti',316,6,0,'2016-10-26 15:40:02',NULL),(1624,15,'punaisia ??marjoja',317,75,0,'2016-10-27 11:37:06',NULL),(1625,1,'Appelsiini ',317,70,0,'2016-10-27 11:38:16',NULL),(1626,2,'banani',317,9,0,'2016-10-27 11:38:25',NULL),(1627,3,'omena',317,15,0,'2016-10-27 11:38:40',NULL),(1628,4,' persikka',317,16,0,'2016-10-27 11:38:56',NULL),(1629,5,'',317,102,1,'2016-10-27 11:40:38',NULL),(1630,6,' sininen marjat',317,97,0,'2016-10-27 11:42:15',NULL),(1631,40,'papaija',302,61,0,'2016-10-27 11:43:23',NULL),(1632,41,'Persikka',302,28,0,'2016-10-27 11:43:51',NULL),(1633,7,'musta marjat',317,22,0,'2016-10-27 11:44:13',NULL),(1634,8,'	Tuomen marjat',317,48,0,'2016-10-27 11:45:01',NULL),(1635,9,'Oratuomi',317,41,0,'2016-10-27 11:45:42',NULL),(1636,10,' vadelmat',317,27,0,'2016-10-27 11:46:09',NULL),(1637,11,'',317,3,1,'2016-10-27 11:46:12',NULL),(1638,12,'punaiset marjat',317,133,0,'2016-10-27 11:48:26',NULL),(1639,42,'aprikoosi',302,5,0,'2016-10-27 11:48:31',NULL),(1640,43,'ananas',302,33,0,'2016-10-27 11:49:04',NULL),(1641,44,'luumu',302,26,0,'2016-10-27 11:49:30',NULL),(1642,13,'Kesän marjat',317,20,0,'2016-10-27 11:49:50',NULL),(1643,46,'greippi',302,1,0,'2016-10-27 11:49:51',NULL),(1644,47,'',302,2,1,'2016-10-27 11:49:57',NULL),(1645,48,'mansikka',302,18,0,'2016-10-27 11:50:15',NULL),(1646,49,'tomaatti',302,16,0,'2016-10-27 11:50:31',NULL),(1647,14,'kookospähkinä',317,25,0,'2016-10-27 11:50:57',NULL),(1648,16,'Myrkylliset marjat',317,54,0,'2016-10-27 11:51:51',NULL),(1649,17,'SUDENMARJA',317,71,0,'2016-10-27 11:53:02',NULL),(1650,18,'Välimerentaateli',317,262,0,'2016-10-27 11:57:24',NULL),(1651,19,'',317,3,1,'2016-10-27 11:57:27',NULL),(1652,20,'durian',317,102,0,'2016-10-27 11:59:10',NULL),(1653,21,'Mustamarja-aronia',317,6,0,'2016-10-27 12:02:55',NULL),(1654,22,'',317,3,1,'2016-10-27 12:02:58',NULL),(1655,23,'',317,2,1,'2016-10-27 12:03:00',NULL),(1656,24,'',317,3,1,'2016-10-27 12:03:03',NULL),(1657,25,'',317,2,1,'2016-10-27 12:03:06',NULL),(1658,26,'Greippi',317,51,0,'2016-10-27 12:03:57',NULL),(1659,27,'Viinirypäleet ',317,33,0,'2016-10-27 12:04:30',NULL),(1660,28,'guava',317,76,0,'2016-10-27 12:05:46',NULL),(1661,29,'',317,4,1,'2016-10-27 12:05:50',NULL),(1662,30,'durian',317,8,0,'2016-10-27 12:05:58',NULL),(1663,35,'',309,8,1,'2016-10-27 14:07:04',NULL),(1664,1,'Appelsiini',309,8,0,'2016-10-27 14:07:12',NULL),(1665,34,'Lime',283,14,0,'2016-10-30 22:40:23',NULL),(1666,1,'Appelsiini',283,10,0,'2016-10-30 22:40:33',NULL),(1667,2,'Banaani',283,6,0,'2016-10-30 22:40:39',NULL),(1668,3,'Omena',283,12,0,'2016-10-30 22:40:51',NULL),(1669,18,'Rusina',320,10,0,'2016-10-31 13:15:31',NULL),(1670,1,'Appelsiini',320,6,0,'2016-10-31 13:15:37',NULL),(1671,2,'Banaani',320,9,0,'2016-10-31 13:15:46',NULL),(1672,3,'Omena',320,6,0,'2016-10-31 13:15:52',NULL),(1673,4,'Persikka',320,9,0,'2016-10-31 13:16:01',NULL),(1674,5,'Avokado',320,4,0,'2016-10-31 13:16:05',NULL),(1675,6,'Mustikka',320,6,0,'2016-10-31 13:16:11',NULL),(1676,7,'Karhunvatukka',320,8,0,'2016-10-31 13:16:19',NULL),(1677,8,'Mustaviinimarja',320,10,0,'2016-10-31 13:16:29',NULL),(1678,9,'mustikka',320,6,0,'2016-10-31 13:16:35',NULL),(1679,10,'Vadelma',320,16,0,'2016-10-31 13:16:51',NULL),(1680,11,'annoona',320,45,0,'2016-10-31 13:17:36',NULL),(1681,12,'kirsikka',320,5,0,'2016-10-31 13:17:41',NULL),(1682,13,'hilla',320,39,0,'2016-10-31 13:18:20',NULL),(1683,14,'kookos',320,4,0,'2016-10-31 13:18:24',NULL),(1684,15,'graniittiomena',320,3,0,'2016-10-31 13:18:51',NULL),(1685,16,'viinimarja',320,5,0,'2016-10-31 13:18:56',NULL),(1686,17,'luumu',320,5,0,'2016-10-31 13:19:01',NULL),(1687,19,'pitaija',320,27,0,'2016-10-31 13:19:28',NULL),(1688,20,'durian',320,1,0,'2016-10-31 13:20:11',NULL),(1689,21,'mustaviinimarja',320,12,0,'2016-10-31 13:20:23',NULL),(1690,22,'meloni',320,6,0,'2016-10-31 13:20:29',NULL),(1691,23,'aitoviikuna',320,26,0,'2016-10-31 13:20:56',NULL),(1692,24,'goji-marja',320,30,0,'2016-10-31 13:21:26',NULL),(1693,25,'karpalo',320,7,0,'2016-10-31 13:21:33',NULL),(1694,26,'veriappelsiini',320,5,0,'2016-10-31 13:21:38',NULL),(1695,27,'rypäle',320,8,0,'2016-10-31 13:21:46',NULL),(1696,28,'meloni',320,37,0,'2016-10-31 13:22:24',NULL),(1697,29,'hedelmä',320,25,0,'2016-10-31 13:22:49',NULL),(1698,30,'jakkihedelmä',320,7,0,'2016-10-31 13:23:21',NULL),(1699,31,'jaavanjambolaani',320,31,0,'2016-10-31 13:23:52',NULL),(1700,32,'hedelmä',320,6,0,'2016-10-31 13:23:58',NULL),(1701,33,'sitruuna',320,5,0,'2016-10-31 13:24:03',NULL),(1702,34,'lime',320,8,0,'2016-10-31 13:24:11',NULL),(1703,35,'hedelmä',320,21,0,'2016-10-31 13:24:32',NULL),(1704,36,'mango',320,6,0,'2016-10-31 13:24:38',NULL),(1705,37,'meloni',320,5,0,'2016-10-31 13:24:43',NULL),(1706,38,'nektariini',320,9,0,'2016-10-31 13:24:52',NULL),(1707,39,'oliivi',320,4,0,'2016-10-31 13:24:56',NULL),(1708,40,'papaya',320,11,0,'2016-10-31 13:25:07',NULL),(1709,41,'nektariini',320,19,0,'2016-10-31 13:25:26',NULL),(1710,42,'päärynä',320,6,0,'2016-10-31 13:25:32',NULL),(1711,43,'ananas',320,5,0,'2016-10-31 13:25:37',NULL),(1712,44,'luumu',320,5,0,'2016-10-31 13:25:42',NULL),(1713,45,'persikka',320,4,0,'2016-10-31 13:25:46',NULL),(1714,46,'greippi',320,5,0,'2016-10-31 13:25:51',NULL),(1715,47,'hedelmä',320,4,0,'2016-10-31 13:25:55',NULL),(1716,48,'mansikka',320,5,0,'2016-10-31 13:26:00',NULL),(1717,49,'tomaatti',320,4,0,'2016-10-31 13:26:04',NULL),(1718,28,'',304,7,1,'2016-10-31 13:35:48',NULL),(1719,29,'',304,4,1,'2016-10-31 13:35:52',NULL),(1720,30,'',304,3,1,'2016-10-31 13:35:55',NULL),(1721,31,'',304,6,1,'2016-10-31 13:36:01',NULL),(1722,32,'',304,6,1,'2016-10-31 13:36:07',NULL),(1723,33,'Sitruuna',304,6,0,'2016-10-31 13:36:13',NULL),(1724,34,'Lime',304,9,0,'2016-10-31 13:36:22',NULL),(1725,35,'',304,4,1,'2016-10-31 13:36:26',NULL),(1726,36,'',304,5,1,'2016-10-31 13:36:31',NULL),(1727,37,'Cantaloupe',304,72,0,'2016-10-31 13:37:46',NULL),(1728,38,'',304,6,1,'2016-10-31 13:37:52',NULL),(1729,39,'Oliivi',304,7,0,'2016-10-31 13:37:59',NULL),(1730,40,'',304,9,1,'2016-10-31 13:38:08',NULL),(1731,41,'',304,12,1,'2016-10-31 13:38:20',NULL),(1732,43,'Ananas',304,7,0,'2016-10-31 13:38:28',NULL),(1733,44,'Luumu',304,11,0,'2016-10-31 13:38:39',NULL),(1734,45,'Persikka',304,8,0,'2016-10-31 13:38:47',NULL),(1735,46,'',304,3,1,'2016-10-31 13:38:50',NULL),(1736,47,'',304,2,1,'2016-10-31 13:38:52',NULL),(1737,48,'Mansikka',304,9,0,'2016-10-31 13:39:01',NULL),(1738,49,'Tomaatti',304,6,0,'2016-10-31 13:39:07',NULL),(1739,2,'banaani',309,4,0,'2016-10-31 18:42:22',NULL),(1740,3,'omena',309,4,0,'2016-10-31 18:42:34',NULL),(1741,4,'persikka',309,14,0,'2016-10-31 19:40:33',NULL),(1742,5,'avokado',309,11,0,'2016-10-31 19:40:44',NULL),(1743,6,'mustikka',309,2,0,'2016-10-31 20:30:07',NULL),(1744,7,'karhunvatukka',309,15,0,'2016-10-31 20:30:22',NULL),(1745,8,'',309,26,1,'2016-10-31 20:30:48',NULL),(1746,9,'mustikka',309,1,0,'2016-10-31 20:31:14',NULL),(1747,10,'boysenmarja',309,18,0,'2016-10-31 20:31:32',NULL),(1748,11,'anonna',309,48,0,'2016-10-31 20:32:20',NULL),(1749,12,'kirsikka',309,15,0,'2016-10-31 20:32:35',NULL),(1750,13,'hilla',309,1,0,'2016-10-31 20:32:48',NULL),(1751,14,'kookospähkinä',309,8,0,'2016-10-31 20:32:57',NULL),(1752,15,'karpalo',309,24,0,'2016-10-31 20:33:21',NULL),(1753,16,'punaherukka',309,14,0,'2016-10-31 20:33:35',NULL),(1754,17,'',309,18,1,'2016-10-31 20:33:53',NULL),(1755,18,'päivämäärä',309,15,0,'2016-10-31 20:34:08',NULL),(1756,19,'pitaya',309,45,0,'2016-10-31 20:34:53',NULL),(1757,20,'',309,12,1,'2016-10-31 20:35:05',NULL),(1758,21,'seljapensas',309,23,0,'2016-10-31 20:35:28',NULL),(1759,22,'',309,33,1,'2016-10-31 20:36:01',NULL),(1760,23,'kuva',309,10,0,'2016-10-31 20:36:11',NULL),(1761,24,'goji-marja',309,17,0,'2016-10-31 20:36:28',NULL),(1762,25,'',309,2,1,'2016-10-31 22:04:53',NULL),(1763,26,'veriappelsiini',309,34,0,'2016-10-31 22:05:27',NULL),(1764,27,'viinirypäleet',309,14,0,'2016-10-31 22:05:41',NULL),(1765,28,'guava',309,15,0,'2016-10-31 22:05:56',NULL),(1766,29,'',309,15,1,'2016-10-31 22:06:11',NULL),(1767,30,'',309,13,1,'2016-10-31 22:06:24',NULL),(1768,31,'',309,11,1,'2016-10-31 22:06:35',NULL),(1769,32,'kivi',309,10,0,'2016-10-31 22:06:59',NULL),(1770,33,'sitruuna',309,17,0,'2016-10-31 22:07:16',NULL),(1771,34,'lime',309,18,0,'2016-10-31 22:07:34',NULL),(1772,36,'mango',309,27,0,'2016-10-31 22:08:01',NULL),(1773,37,'meloni',309,15,0,'2016-10-31 22:08:16',NULL),(1774,38,'nektariini',309,17,0,'2016-10-31 22:08:33',NULL),(1775,39,'oliivit',309,9,0,'2016-10-31 22:08:42',NULL),(1776,40,'papaija',309,10,0,'2016-10-31 22:08:53',NULL),(1777,41,'persikka',309,26,0,'2016-10-31 22:09:19',NULL),(1778,42,'päärynä',309,10,0,'2016-10-31 22:09:29',NULL),(1779,43,'ananas',309,6,0,'2016-10-31 22:09:35',NULL),(1780,44,'luumu',309,16,0,'2016-10-31 22:09:51',NULL),(1781,45,'plumcot',309,18,0,'2016-10-31 22:10:09',NULL),(1782,46,'',309,1,1,'2016-10-31 22:10:11',NULL),(1783,47,'vadelma',309,16,0,'2016-10-31 22:10:27',NULL),(1784,48,'mansikka',309,10,0,'2016-10-31 22:10:37',NULL),(1785,49,'tomaatti',309,10,0,'2016-10-31 22:10:47',NULL),(1786,19,'',318,7,1,'2016-10-31 22:12:30',NULL),(1787,1,'appelsiini',318,22,0,'2016-10-31 22:12:52',NULL),(1788,2,'banaani',318,27,0,'2016-10-31 22:13:19',NULL),(1789,3,'omena',318,5,0,'2016-10-31 22:13:24',NULL),(1790,4,'aprikoosi',318,19,0,'2016-10-31 22:13:43',NULL),(1791,5,'avokado',318,4,0,'2016-10-31 22:13:47',NULL),(1792,6,'mustikka',318,13,0,'2016-10-31 22:14:00',NULL),(1793,7,'',318,1,1,'2016-10-31 22:14:01',NULL),(1794,8,'',318,2,1,'2016-10-31 22:14:03',NULL),(1795,9,'mustikka',318,239,0,'2016-10-31 22:18:02',NULL),(1796,10,'',318,1,1,'2016-10-31 22:18:03',NULL),(1797,11,'anonna',318,53,0,'2016-10-31 22:18:56',NULL),(1798,12,'kirsikka',318,8,0,'2016-10-31 22:19:04',NULL),(1799,13,'hilla',318,5,0,'2016-10-31 22:19:09',NULL),(1800,14,'kookospähkinä',318,9,0,'2016-10-31 22:19:18',NULL),(1801,15,'karpalo',318,18,0,'2016-10-31 22:19:36',NULL),(1802,16,'punaherukka',318,9,0,'2016-10-31 22:19:45',NULL),(1803,17,'kriikuna',318,13,0,'2016-10-31 22:19:59',NULL),(1804,18,'',318,40,1,'2016-10-31 22:20:39',NULL),(1805,20,'',318,2,1,'2016-10-31 22:20:41',NULL),(1806,21,'seljapensas',318,14,0,'2016-10-31 22:20:55',NULL),(1807,22,'feijoa',318,29,0,'2016-10-31 22:21:24',NULL),(1808,23,'kuva',318,9,0,'2016-10-31 22:21:33',NULL),(1809,24,'goji-marja',318,22,0,'2016-10-31 22:21:55',NULL),(1810,25,'karviaismarja',318,16,0,'2016-10-31 22:22:11',NULL),(1811,26,'greippi',318,13,0,'2016-10-31 22:22:24',NULL),(1812,27,'viinirypäleet',318,9,0,'2016-10-31 22:22:33',NULL),(1813,28,'guava',318,1,0,'2016-10-31 22:22:51',NULL),(1814,29,'',318,1,1,'2016-10-31 22:22:52',NULL),(1815,30,'jakkipuun',318,15,0,'2016-10-31 22:23:07',NULL),(1816,31,'',318,12,1,'2016-10-31 22:23:19',NULL),(1817,32,'kivi',318,7,0,'2016-10-31 22:23:26',NULL),(1818,33,'sitruuna',318,12,0,'2016-10-31 22:23:38',NULL),(1819,34,'lime',318,3,0,'2016-10-31 22:23:41',NULL),(1820,35,'litsi',318,66,0,'2016-10-31 22:24:47',NULL),(1821,36,'mango',318,4,0,'2016-10-31 22:24:51',NULL),(1822,37,'meloni',318,4,0,'2016-10-31 22:24:55',NULL),(1823,38,'',318,3,1,'2016-10-31 22:24:58',NULL),(1824,39,'oliivit',318,9,0,'2016-10-31 22:25:07',NULL),(1825,40,'papaija',318,9,0,'2016-10-31 22:25:16',NULL),(1826,41,'',318,4,1,'2016-10-31 22:25:20',NULL),(1827,42,'päärynä',318,7,0,'2016-10-31 22:25:27',NULL),(1828,43,'ananas',318,3,0,'2016-10-31 22:25:30',NULL),(1829,44,'luumu',318,11,0,'2016-10-31 22:25:41',NULL),(1830,45,'',318,1,1,'2016-10-31 22:25:42',NULL),(1831,46,'pomelo',318,14,0,'2016-10-31 22:25:57',NULL),(1832,47,'vadelma',318,14,0,'2016-10-31 22:26:11',NULL),(1833,48,'mansikka',318,14,0,'2016-10-31 22:26:25',NULL),(1834,49,'tomatti',318,5,0,'2016-10-31 22:26:30',NULL),(1835,18,'taatelipalmu',323,55,0,'2016-11-01 16:37:37',NULL),(1836,1,'oranssi',323,17,0,'2016-11-01 16:37:55',NULL),(1837,2,'banaani',323,12,0,'2016-11-01 16:38:07',NULL),(1838,3,'omena',323,13,0,'2016-11-01 16:38:21',NULL),(1839,4,'persikka',323,40,0,'2016-11-01 16:39:01',NULL),(1840,5,'avokado',323,64,0,'2016-11-01 16:40:05',NULL),(1841,6,'mustikka',323,34,0,'2016-11-01 16:40:39',NULL),(1842,7,'karhunvatukka',323,19,0,'2016-11-01 16:40:58',NULL),(1843,8,'mustaherukka',323,21,0,'2016-11-01 16:41:19',NULL),(1844,9,'mustikka',323,24,0,'2016-11-01 16:41:43',NULL),(1845,10,'boysenmarja',323,18,0,'2016-11-01 16:42:02',NULL),(1846,11,'kirimoija',323,18,0,'2016-11-01 16:42:20',NULL),(1847,12,'kirsikka',323,21,0,'2016-11-01 16:42:41',NULL),(1848,13,'Hilla',323,25,0,'2016-11-01 16:43:06',NULL),(1849,14,'kookospähkinä',323,20,0,'2016-11-01 16:43:26',NULL),(1850,15,'karpalot',323,19,0,'2016-11-01 16:43:45',NULL),(1851,16,'herukat',323,43,0,'2016-11-01 16:44:28',NULL),(1852,17,'kriikuna',323,20,0,'2016-11-01 17:16:56',NULL),(1853,19,'dragon-fruit',323,28,0,'2016-11-01 17:17:24',NULL),(1854,20,'durian',323,21,0,'2016-11-01 17:17:45',NULL),(1855,21,'seljanmarjoista',323,32,0,'2016-11-01 17:18:17',NULL),(1856,22,'feijoa',323,19,0,'2016-11-01 17:18:36',NULL),(1857,23,'kuva',323,18,0,'2016-11-01 17:18:54',NULL),(1858,24,'goji-marja',323,16,0,'2016-11-01 17:19:10',NULL),(1859,25,'karviaismarja',323,20,0,'2016-11-01 17:19:30',NULL),(1860,26,'greippi',323,22,0,'2016-11-01 17:19:52',NULL),(1861,27,' viinirypäleet',323,17,0,'2016-11-01 17:20:09',NULL),(1862,28,'guava',323,18,0,'2016-11-01 17:20:27',NULL),(1863,29,'jabuticaba',323,17,0,'2016-11-01 17:22:19',NULL),(1864,30,'jabuticaba',323,27,0,'2016-11-01 17:22:46',NULL),(1865,31,'Käännä kielestä: Portugali jabuticaba',323,17,0,'2016-11-01 17:23:03',NULL),(1866,32,' ?k?w? kiivi',323,17,0,'2016-11-01 17:23:20',NULL),(1867,33,'sitruuna',323,19,0,'2016-11-01 17:23:39',NULL),(1868,34,'Lime',323,18,0,'2016-11-01 17:23:57',NULL),(1869,35,'litsi',323,18,0,'2016-11-01 17:24:15',NULL),(1870,36,'mango',323,18,0,'2016-11-01 17:24:33',NULL),(1871,37,'meloni',323,17,0,'2016-11-01 17:24:50',NULL),(1872,38,'nektariinit',323,17,0,'2016-11-01 17:25:07',NULL),(1873,39,'oliivi-',323,16,0,'2016-11-01 17:25:23',NULL),(1874,40,'papaija',323,16,0,'2016-11-01 17:25:52',NULL),(1875,41,'persikka',323,17,0,'2016-11-01 17:26:09',NULL),(1876,42,'persikka',323,20,0,'2016-11-01 17:26:29',NULL),(1877,43,'ananas',323,15,0,'2016-11-01 17:26:44',NULL),(1878,44,'luumu',323,17,0,'2016-11-01 17:27:07',NULL),(1879,45,'plumcot',323,8,0,'2016-11-01 17:27:15',NULL),(1880,5,'aprikoosi',324,107,0,'2016-11-01 17:31:05',NULL),(1881,1,'oranssi',324,19,0,'2016-11-01 17:31:24',NULL),(1882,2,'banaani',324,19,0,'2016-11-01 17:31:43',NULL),(1883,3,'omena',324,12,0,'2016-11-01 17:31:56',NULL),(1884,4,'aprikotissi',324,14,0,'2016-11-01 17:32:10',NULL),(1885,6,'viinirypäleet',324,22,0,'2016-11-01 17:32:32',NULL),(1886,7,'viinirypäleet',324,79,0,'2016-11-01 17:33:51',NULL),(1887,8,'Mustaherukka',324,93,0,'2016-11-01 17:35:24',NULL),(1888,9,'Mustikka',324,33,0,'2016-11-01 17:35:57',NULL),(1889,10,'boysenberry',324,31,0,'2016-11-01 17:36:28',NULL),(1890,11,'Annoona',324,28,0,'2016-11-01 17:36:56',NULL),(1891,12,'kirsikka',324,25,0,'2016-11-01 17:37:21',NULL),(1892,13,'lakka',324,25,0,'2016-11-01 17:37:46',NULL),(1893,14,'kookos',324,33,0,'2016-11-01 17:38:19',NULL),(1894,15,'Karpalot',324,26,0,'2016-11-01 17:38:45',NULL),(1895,16,'herukat',324,34,0,'2016-11-01 17:39:19',NULL),(1896,17,'Damson',324,36,0,'2016-11-01 17:39:55',NULL),(1897,18,'päivämäärät',324,28,0,'2016-11-01 17:40:23',NULL),(1898,19,'lohikäärme hedelmät',324,34,0,'2016-11-01 17:40:57',NULL),(1899,20,'Durian',324,22,0,'2016-11-01 17:41:20',NULL),(1900,21,'seljanmarjoista',324,27,0,'2016-11-01 17:41:47',NULL),(1901,22,'feijoa',324,27,0,'2016-11-01 17:42:14',NULL),(1902,23,'kuva',324,22,0,'2016-11-01 17:42:36',NULL),(1903,24,'goji-marja',324,37,0,'2016-11-01 17:43:13',NULL),(1904,25,'karviainen',324,27,0,'2016-11-01 17:43:42',NULL),(1905,26,'greippi',324,44,0,'2016-11-01 17:44:26',NULL),(1906,27,'viinirypäleet',324,25,0,'2016-11-01 17:44:51',NULL),(1907,28,'guava',324,33,0,'2016-11-01 17:45:24',NULL),(1908,29,'jabuticaba',324,49,0,'2016-11-01 17:46:14',NULL),(1909,30,'jakkipuun',324,25,0,'2016-11-01 17:46:39',NULL),(1910,31,'Jambulin',324,28,0,'2016-11-01 17:47:07',NULL),(1911,32,'Kiwi',324,24,0,'2016-11-01 17:47:31',NULL),(1912,33,'sitruuna',324,23,0,'2016-11-01 17:47:54',NULL),(1913,34,'lime',324,21,0,'2016-11-01 17:48:15',NULL),(1914,35,'Litsi',324,20,0,'2016-11-01 17:48:35',NULL);
/*!40000 ALTER TABLE `aw_image_identification_deliverables` ENABLE KEYS */;
UNLOCK TABLES;

--
-- Table structure for table `aw_image_identification_resources`
--

DROP TABLE IF EXISTS `aw_image_identification_resources`;
/*!40101 SET @saved_cs_client     = @@character_set_client */;
/*!40101 SET character_set_client = utf8 */;
CREATE TABLE `aw_image_identification_resources` (
  `resource_id` int(11) unsigned NOT NULL AUTO_INCREMENT,
  `image_url` text NOT NULL,
  `ground_truth` varchar(50) NOT NULL,
  `created_at` datetime DEFAULT NULL,
  `updated_at` timestamp NULL DEFAULT CURRENT_TIMESTAMP,
  PRIMARY KEY (`resource_id`),
  KEY `FK_IDENTIFIER_IDENTIFIER_ID` (`ground_truth`)
) ENGINE=InnoDB AUTO_INCREMENT=50 DEFAULT CHARSET=latin1 COMMENT='This table contains the Image resources for task3';
/*!40101 SET character_set_client = @saved_cs_client */;

--
-- Dumping data for table `aw_image_identification_resources`
--

LOCK TABLES `aw_image_identification_resources` WRITE;
/*!40000 ALTER TABLE `aw_image_identification_resources` DISABLE KEYS */;
INSERT INTO `aw_image_identification_resources` VALUES (1,'images/objects/orange.jpg','orange','2016-09-01 20:11:55','2015-09-19 00:01:07'),(2,'images/objects/banana.jpg','banana','2016-09-01 20:11:56','2015-09-19 00:04:05'),(3,'images/objects/apple.jpg','apple','2016-09-10 08:22:17','2016-09-10 08:22:17'),(4,'images/objects/apricot.jpg','apricot','2016-09-10 08:22:17','2016-09-10 08:22:17'),(5,'images/objects/avocado.jpg','avocado','2016-09-10 08:22:17','2016-09-10 08:22:17'),(6,'images/objects/bilberry.jpg','bilberry','2016-09-10 08:22:17','2016-09-10 08:22:17'),(7,'images/objects/blackberry.png','blackberry','2016-09-10 08:22:17','2016-09-10 08:22:17'),(8,'images/objects/blackcurrant.jpg','blackcurrant','2016-09-10 08:22:17','2016-09-10 08:22:17'),(9,'images/objects/blueberry.jpg','blueberry','2016-09-10 08:22:17','2016-09-10 08:22:17'),(10,'images/objects/boysenberry.jpg','boysenberry','2016-09-10 08:22:17','2016-09-10 08:22:17'),(11,'images/objects/cherimoya.jpg','cherimoya','2016-09-10 08:22:17','2016-09-10 08:22:17'),(12,'images/objects/cherry.png','cherry','2016-09-10 08:22:17','2016-09-10 08:22:17'),(13,'images/objects/cloudberry.jpg','cloudberry','2016-09-10 08:22:17','2016-09-10 08:22:17'),(14,'images/objects/coconut.jpg','coconut','2016-09-10 08:22:17','2016-09-10 08:22:17'),(15,'images/objects/cranberries.jpg','cranberries','2016-09-10 08:22:17','2016-09-10 08:22:17'),(16,'images/objects/currants.jpg','currants','2016-09-10 08:22:17','2016-09-10 08:22:17'),(17,'images/objects/damson.jpg','damson','2016-09-10 08:22:17','2016-09-10 08:22:17'),(18,'images/objects/dates.jpg','dates','2016-09-10 08:22:17','2016-09-10 08:22:17'),(19,'images/objects/dragon-fruit.jpg','dragon-fruit','2016-09-10 08:22:17','2016-09-10 08:22:17'),(20,'images/objects/durian.png','durian','2016-09-10 08:22:17','2016-09-10 08:22:17'),(21,'images/objects/elderberries.jpg','elderberries','2016-09-10 08:22:17','2016-09-10 08:22:17'),(22,'images/objects/feijoa.jpg','feijoa','2016-09-10 08:22:17','2016-09-10 08:22:17'),(23,'images/objects/fig.jpg','fig','2016-09-10 08:22:17','2016-09-10 08:22:17'),(24,'images/objects/goji-berry.jpg','goji-berry','2016-09-10 08:22:17','2016-09-10 08:22:17'),(25,'images/objects/gooseberry.jpg','gooseberry','2016-09-10 08:22:17','2016-09-10 08:22:17'),(26,'images/objects/grapefruit.jpg','grapefruit','2016-09-10 08:22:17','2016-09-10 08:22:17'),(27,'images/objects/grapes.jpg','grapes','2016-09-10 08:22:17','2016-09-10 08:22:17'),(28,'images/objects/guava.png','guava','2016-09-10 08:22:17','2016-09-10 08:22:17'),(29,'images/objects/jabuticaba.png','jabuticaba','2016-09-10 08:22:17','2016-09-10 08:22:17'),(30,'images/objects/jackfruit.jpg','jackfruit','2016-09-10 08:22:17','2016-09-10 08:22:17'),(31,'images/objects/jambul.jpg','jambul','2016-09-10 08:22:17','2016-09-10 08:22:17'),(32,'images/objects/kiwi.jpg','kiwi','2016-09-10 08:22:17','2016-09-10 08:22:17'),(33,'images/objects/lemon.jpg','lemon','2016-09-10 08:22:17','2016-09-10 08:22:17'),(34,'images/objects/lime.jpg','lime','2016-09-10 08:22:17','2016-09-10 08:22:17'),(35,'images/objects/lychee.jpg','lychee','2016-09-10 08:22:17','2016-09-10 08:22:17'),(36,'images/objects/mango.jpg','mango','2016-09-10 08:22:17','2016-09-10 08:22:17'),(37,'images/objects/melon.jpg','melon','2016-09-10 08:22:17','2016-09-10 08:22:17'),(38,'images/objects/nectarines.jpg','nectarines','2016-09-10 08:22:17','2016-09-10 08:22:17'),(39,'images/objects/olive.jpg','olive','2016-09-10 08:22:17','2016-09-10 08:22:17'),(40,'images/objects/papaya.jpg','papaya','2016-09-10 08:22:17','2016-09-10 08:22:17'),(41,'images/objects/peach.jpg','peach','2016-09-10 08:22:17','2016-09-10 08:22:17'),(42,'images/objects/pear.jpg','pear','2016-09-10 08:22:17','2016-09-10 08:22:17'),(43,'images/objects/pineapple.jpg','pineapple','2016-09-10 08:22:17','2016-09-10 08:22:17'),(44,'images/objects/plum.jpg','plum','2016-09-10 08:22:17','2016-09-10 08:22:17'),(45,'images/objects/plumcot.jpg','plumcot','2016-09-10 08:22:17','2016-09-10 08:22:17'),(46,'images/objects/pomelo.jpg','pomelo','2016-09-10 08:22:17','2016-09-10 08:22:17'),(47,'images/objects/raspberry.jpg','raspberry','2016-09-10 08:22:17','2016-09-10 08:22:17'),(48,'images/objects/strawberry.jpg','strawberry','2016-09-10 08:22:17','2016-09-10 08:22:17'),(49,'images/objects/tomato.jpg','tomato','2016-09-10 08:22:17','2016-09-10 08:22:17');
/*!40000 ALTER TABLE `aw_image_identification_resources` ENABLE KEYS */;
UNLOCK TABLES;

--
-- Table structure for table `aw_sentiment_deliverables`
--

DROP TABLE IF EXISTS `aw_sentiment_deliverables`;
/*!40101 SET @saved_cs_client     = @@character_set_client */;
/*!40101 SET character_set_client = utf8 */;
CREATE TABLE `aw_sentiment_deliverables` (
  `deliverable_id` int(255) unsigned NOT NULL AUTO_INCREMENT,
  `resource_id` int(50) unsigned NOT NULL DEFAULT '0',
  `fk_user_id` int(50) unsigned NOT NULL DEFAULT '0',
  `answer` int(1) unsigned DEFAULT '0' COMMENT '1=negative, 2=neutral, 3=positive',
  `time_taken` int(50) unsigned NOT NULL DEFAULT '0',
  `skipped` int(1) unsigned NOT NULL DEFAULT '0',
  `is_correct` int(1) unsigned DEFAULT NULL,
  `created` datetime DEFAULT NULL,
  `updated` datetime DEFAULT NULL,
  PRIMARY KEY (`deliverable_id`),
  KEY `FK_SENTIMENT_RESOURCE_DELIVERABLE` (`resource_id`),
  KEY `FK_SENTIMENT_USER` (`fk_user_id`),
  CONSTRAINT `FK_SENTIMENT_RESOURCE_DELIVERABLE` FOREIGN KEY (`resource_id`) REFERENCES `aw_sentiment_resources` (`resource_id`),
  CONSTRAINT `FK_SENTIMENT_USER` FOREIGN KEY (`fk_user_id`) REFERENCES `users` (`id`)
) ENGINE=InnoDB AUTO_INCREMENT=1330 DEFAULT CHARSET=latin1 COMMENT='This table contains the answer deliverables for sentiment analysis task.';
/*!40101 SET character_set_client = @saved_cs_client */;

--
-- Dumping data for table `aw_sentiment_deliverables`
--

LOCK TABLES `aw_sentiment_deliverables` WRITE;
/*!40000 ALTER TABLE `aw_sentiment_deliverables` DISABLE KEYS */;
INSERT INTO `aw_sentiment_deliverables` VALUES (1,21,18,1,7,0,0,'2016-10-06 08:51:05',NULL),(2,1,18,3,74,0,0,'2016-10-06 08:52:21',NULL),(3,2,18,1,6,0,1,'2016-10-06 08:56:38',NULL),(4,3,18,1,0,0,0,'2016-10-06 09:13:11',NULL),(5,4,18,1,0,0,1,'2016-10-06 09:31:57',NULL),(28,10,258,0,0,1,0,'2016-10-07 18:06:39',NULL),(29,1,258,0,0,1,0,'2016-10-07 18:06:47',NULL),(30,2,258,0,0,1,0,'2016-10-07 18:06:53',NULL),(31,3,258,0,0,1,0,'2016-10-07 18:07:07',NULL),(32,4,258,0,0,1,0,'2016-10-07 18:07:12',NULL),(33,5,258,3,0,0,0,'2016-10-07 18:07:53',NULL),(34,6,258,1,0,0,0,'2016-10-07 18:08:24',NULL),(35,7,258,2,0,0,0,'2016-10-07 18:08:37',NULL),(36,8,258,2,0,0,1,'2016-10-07 18:08:49',NULL),(37,9,258,1,0,0,0,'2016-10-07 18:09:04',NULL),(38,5,259,3,0,0,0,'2016-10-07 18:09:12',NULL),(39,11,258,2,0,0,1,'2016-10-07 18:09:14',NULL),(40,1,259,3,0,0,0,'2016-10-07 18:09:20',NULL),(41,2,259,3,0,0,0,'2016-10-07 18:09:25',NULL),(42,12,258,2,0,0,0,'2016-10-07 18:09:32',NULL),(43,3,259,3,0,0,1,'2016-10-07 18:09:36',NULL),(44,4,259,2,0,0,0,'2016-10-07 18:09:42',NULL),(45,13,258,2,0,0,0,'2016-10-07 18:09:45',NULL),(46,6,259,1,0,0,0,'2016-10-07 18:09:50',NULL),(47,14,258,1,0,0,0,'2016-10-07 18:09:55',NULL),(48,7,259,1,0,0,0,'2016-10-07 18:09:56',NULL),(49,8,259,3,0,0,0,'2016-10-07 18:10:05',NULL),(50,15,258,2,0,0,0,'2016-10-07 18:10:10',NULL),(51,9,259,3,0,0,1,'2016-10-07 18:10:31',NULL),(52,16,258,1,0,0,1,'2016-10-07 18:10:36',NULL),(53,10,259,3,0,0,0,'2016-10-07 18:10:37',NULL),(54,11,259,3,0,0,0,'2016-10-07 18:10:44',NULL),(55,17,258,2,0,0,0,'2016-10-07 18:10:46',NULL),(56,18,258,3,0,0,1,'2016-10-07 18:10:50',NULL),(57,12,259,3,0,0,1,'2016-10-07 18:10:50',NULL),(58,13,259,1,0,0,0,'2016-10-07 18:10:54',NULL),(59,14,259,1,0,0,0,'2016-10-07 18:10:57',NULL),(60,19,258,3,0,0,1,'2016-10-07 18:10:57',NULL),(61,15,259,2,0,0,0,'2016-10-07 18:10:59',NULL),(62,16,259,3,0,0,0,'2016-10-07 18:11:01',NULL),(63,17,259,1,0,0,0,'2016-10-07 18:11:03',NULL),(64,20,258,3,0,0,1,'2016-10-07 18:11:03',NULL),(65,18,259,3,0,0,1,'2016-10-07 18:11:06',NULL),(66,19,259,3,0,0,1,'2016-10-07 18:11:08',NULL),(67,20,259,3,0,0,1,'2016-10-07 18:11:12',NULL),(68,21,259,3,0,0,1,'2016-10-07 18:11:18',NULL),(69,22,259,3,0,0,1,'2016-10-07 18:11:24',NULL),(70,23,259,1,0,0,1,'2016-10-07 18:11:34',NULL),(71,24,259,3,0,0,0,'2016-10-07 18:11:40',NULL),(72,25,259,1,0,0,1,'2016-10-07 18:11:45',NULL),(73,26,259,3,0,0,0,'2016-10-07 18:11:49',NULL),(74,27,259,1,0,0,1,'2016-10-07 18:12:05',NULL),(75,28,259,2,0,0,1,'2016-10-07 18:12:09',NULL),(76,29,259,1,0,0,0,'2016-10-07 18:12:11',NULL),(77,30,259,3,0,0,0,'2016-10-07 18:12:17',NULL),(78,31,259,3,0,0,0,'2016-10-07 18:12:20',NULL),(79,11,261,2,0,0,1,'2016-10-12 14:33:49',NULL),(80,1,261,3,0,0,0,'2016-10-12 14:33:55',NULL),(81,2,261,2,0,0,0,'2016-10-12 14:34:00',NULL),(82,3,261,1,0,0,0,'2016-10-12 14:34:07',NULL),(83,4,261,3,0,0,0,'2016-10-12 14:34:12',NULL),(84,5,261,2,0,0,1,'2016-10-12 14:34:16',NULL),(85,6,261,1,0,0,0,'2016-10-12 14:34:22',NULL),(86,16,263,1,0,0,1,'2016-10-12 14:36:24',NULL),(87,1,263,3,0,0,0,'2016-10-12 14:36:28',NULL),(88,2,263,3,0,0,0,'2016-10-12 14:36:35',NULL),(89,3,263,1,0,0,0,'2016-10-12 14:36:41',NULL),(90,4,263,3,0,0,0,'2016-10-12 14:37:23',NULL),(91,5,263,3,0,0,0,'2016-10-12 14:37:30',NULL),(92,6,263,1,0,0,0,'2016-10-12 14:37:34',NULL),(93,7,263,1,0,0,0,'2016-10-12 14:37:39',NULL),(94,8,263,2,0,0,1,'2016-10-12 14:37:46',NULL),(95,9,263,2,0,0,0,'2016-10-12 14:38:17',NULL),(96,10,263,3,0,0,0,'2016-10-12 14:38:26',NULL),(97,11,263,2,0,0,1,'2016-10-12 14:38:30',NULL),(98,12,263,1,0,0,0,'2016-10-12 14:44:02',NULL),(99,13,263,2,0,0,0,'2016-10-12 14:44:15',NULL),(100,14,263,3,0,0,1,'2016-10-12 14:44:28',NULL),(101,15,263,1,0,0,1,'2016-10-12 14:44:49',NULL),(102,17,263,3,0,0,1,'2016-10-12 14:45:03',NULL),(103,18,263,3,0,0,1,'2016-10-12 14:45:14',NULL),(104,19,263,3,0,0,1,'2016-10-12 14:45:20',NULL),(105,20,263,3,0,0,1,'2016-10-12 14:45:24',NULL),(106,21,263,3,0,0,1,'2016-10-12 14:45:28',NULL),(107,22,263,3,0,0,1,'2016-10-12 14:45:32',NULL),(108,23,263,3,0,0,0,'2016-10-12 14:45:37',NULL),(109,24,263,3,0,0,0,'2016-10-12 14:45:41',NULL),(110,25,263,1,0,0,1,'2016-10-12 14:45:48',NULL),(111,26,263,2,0,0,0,'2016-10-12 14:45:55',NULL),(112,27,263,1,0,0,1,'2016-10-12 14:45:59',NULL),(113,28,263,2,0,0,1,'2016-10-12 14:46:06',NULL),(114,29,263,3,0,0,0,'2016-10-12 14:46:12',NULL),(115,30,263,2,0,0,1,'2016-10-12 14:46:20',NULL),(116,31,263,3,0,0,0,'2016-10-12 14:48:18',NULL),(117,5,264,1,0,0,0,'2016-10-12 14:49:43',NULL),(118,1,264,2,0,0,0,'2016-10-12 14:49:48',NULL),(119,2,264,2,0,0,0,'2016-10-12 14:50:25',NULL),(120,3,264,2,0,0,0,'2016-10-12 14:50:38',NULL),(121,4,264,2,0,0,0,'2016-10-12 14:50:43',NULL),(122,10,262,3,0,0,0,'2016-10-12 14:50:54',NULL),(123,6,264,1,0,0,0,'2016-10-12 14:50:57',NULL),(124,1,262,3,0,0,0,'2016-10-12 14:51:00',NULL),(125,7,264,3,0,0,1,'2016-10-12 14:51:04',NULL),(126,2,262,3,0,0,0,'2016-10-12 14:51:05',NULL),(127,3,262,1,0,0,0,'2016-10-12 14:51:11',NULL),(128,8,264,3,0,0,0,'2016-10-12 14:51:12',NULL),(129,4,262,2,0,0,0,'2016-10-12 14:51:16',NULL),(130,5,262,2,0,0,1,'2016-10-12 14:51:29',NULL),(131,6,262,1,0,0,0,'2016-10-12 14:51:40',NULL),(132,7,262,1,0,0,0,'2016-10-12 14:51:46',NULL),(133,8,262,2,0,0,1,'2016-10-12 14:51:51',NULL),(134,9,264,2,0,0,0,'2016-10-12 14:51:52',NULL),(135,10,264,2,0,0,0,'2016-10-12 14:52:03',NULL),(136,14,266,1,0,0,0,'2016-10-12 14:52:07',NULL),(137,9,262,2,0,0,0,'2016-10-12 14:52:17',NULL),(138,1,266,3,0,0,0,'2016-10-12 14:52:20',NULL),(139,11,262,2,0,0,1,'2016-10-12 14:52:21',NULL),(140,12,262,0,0,1,0,'2016-10-12 14:52:27',NULL),(141,2,266,3,0,0,0,'2016-10-12 14:52:29',NULL),(142,3,266,1,0,0,0,'2016-10-12 14:52:34',NULL),(143,13,262,2,0,0,0,'2016-10-12 14:52:34',NULL),(144,4,266,2,0,0,0,'2016-10-12 14:52:41',NULL),(145,5,266,3,0,0,0,'2016-10-12 14:52:46',NULL),(146,14,262,1,0,0,0,'2016-10-12 14:52:55',NULL),(147,6,266,1,0,0,0,'2016-10-12 14:53:00',NULL),(148,15,262,2,0,0,0,'2016-10-12 14:53:06',NULL),(149,7,266,1,0,0,0,'2016-10-12 14:53:12',NULL),(150,16,262,1,0,0,1,'2016-10-12 14:53:18',NULL),(151,8,266,2,0,0,1,'2016-10-12 14:53:20',NULL),(152,17,262,3,0,0,1,'2016-10-12 14:53:30',NULL),(153,18,262,3,0,0,1,'2016-10-12 14:53:33',NULL),(154,19,262,0,0,1,0,'2016-10-12 14:53:37',NULL),(155,31,265,3,0,0,0,'2016-10-12 14:53:39',NULL),(156,9,266,1,0,0,0,'2016-10-12 14:53:40',NULL),(157,20,262,3,0,0,1,'2016-10-12 14:53:41',NULL),(158,1,265,3,0,0,0,'2016-10-12 14:53:46',NULL),(159,10,266,3,0,0,0,'2016-10-12 14:53:49',NULL),(160,21,262,3,0,0,1,'2016-10-12 14:53:49',NULL),(161,11,266,2,0,0,1,'2016-10-12 14:53:59',NULL),(162,2,265,3,0,0,0,'2016-10-12 14:54:00',NULL),(163,22,262,2,0,0,0,'2016-10-12 14:54:04',NULL),(164,12,266,1,0,0,0,'2016-10-12 14:54:04',NULL),(165,3,265,1,0,0,0,'2016-10-12 14:54:06',NULL),(166,4,265,3,0,0,0,'2016-10-12 14:54:11',NULL),(167,13,266,1,0,0,0,'2016-10-12 14:54:14',NULL),(168,5,265,2,0,0,1,'2016-10-12 14:54:16',NULL),(169,15,266,3,0,0,0,'2016-10-12 14:54:21',NULL),(170,23,262,1,0,0,1,'2016-10-12 14:54:21',NULL),(171,6,265,1,0,0,0,'2016-10-12 14:54:22',NULL),(172,24,262,3,0,0,0,'2016-10-12 14:54:27',NULL),(173,7,265,1,0,0,0,'2016-10-12 14:54:34',NULL),(174,25,262,1,0,0,1,'2016-10-12 14:54:38',NULL),(175,8,265,2,0,0,1,'2016-10-12 14:54:40',NULL),(176,16,266,0,0,1,0,'2016-10-12 14:54:41',NULL),(177,26,262,2,0,0,0,'2016-10-12 14:54:52',NULL),(178,17,266,3,0,0,1,'2016-10-12 14:55:06',NULL),(179,27,262,1,0,0,1,'2016-10-12 14:55:06',NULL),(180,18,266,3,0,0,1,'2016-10-12 14:55:12',NULL),(181,9,265,3,0,0,1,'2016-10-12 14:55:15',NULL),(182,28,262,3,0,0,0,'2016-10-12 14:55:25',NULL),(183,10,265,1,0,0,1,'2016-10-12 14:55:26',NULL),(184,11,265,2,0,0,1,'2016-10-12 14:55:31',NULL),(185,29,262,1,0,0,0,'2016-10-12 14:55:33',NULL),(186,12,265,1,0,0,0,'2016-10-12 14:55:36',NULL),(187,30,262,2,0,0,1,'2016-10-12 14:55:44',NULL),(188,13,265,1,0,0,0,'2016-10-12 14:55:46',NULL),(189,14,265,3,0,0,1,'2016-10-12 14:55:55',NULL),(190,15,265,1,0,0,1,'2016-10-12 14:56:01',NULL),(191,16,265,1,0,0,1,'2016-10-12 14:56:09',NULL),(192,31,262,3,0,0,0,'2016-10-12 14:56:15',NULL),(193,17,265,3,0,0,1,'2016-10-12 14:56:17',NULL),(194,18,265,3,0,0,1,'2016-10-12 14:56:23',NULL),(195,19,265,2,0,0,0,'2016-10-12 14:56:30',NULL),(196,20,265,3,0,0,1,'2016-10-12 14:56:36',NULL),(197,21,265,3,0,0,1,'2016-10-12 14:56:43',NULL),(198,22,265,3,0,0,1,'2016-10-12 14:56:49',NULL),(199,23,265,1,0,0,1,'2016-10-12 14:56:58',NULL),(200,24,265,2,0,0,0,'2016-10-12 14:57:10',NULL),(201,25,265,1,0,0,1,'2016-10-12 14:58:03',NULL),(202,26,265,1,0,0,1,'2016-10-12 14:58:10',NULL),(203,27,265,1,0,0,1,'2016-10-12 14:59:23',NULL),(204,28,265,2,0,0,1,'2016-10-12 14:59:31',NULL),(205,29,265,3,0,0,0,'2016-10-12 14:59:40',NULL),(206,30,265,2,0,0,1,'2016-10-12 15:00:01',NULL),(207,11,269,3,0,0,0,'2016-10-12 16:59:25',NULL),(208,1,269,3,0,0,0,'2016-10-12 16:59:33',NULL),(209,2,269,3,0,0,0,'2016-10-12 16:59:40',NULL),(210,3,269,1,0,0,0,'2016-10-12 16:59:47',NULL),(211,4,269,3,0,0,0,'2016-10-12 17:00:09',NULL),(212,5,269,3,0,0,0,'2016-10-12 17:00:18',NULL),(213,29,271,1,0,0,0,'2016-10-12 18:18:11',NULL),(214,1,271,3,0,0,0,'2016-10-12 18:18:16',NULL),(215,2,271,2,0,0,0,'2016-10-12 18:18:23',NULL),(216,3,271,1,0,0,0,'2016-10-12 18:18:29',NULL),(217,4,271,3,0,0,0,'2016-10-12 18:18:37',NULL),(218,5,271,3,0,0,0,'2016-10-12 18:18:41',NULL),(219,6,271,1,0,0,0,'2016-10-12 18:18:48',NULL),(220,7,271,1,0,0,0,'2016-10-12 18:18:53',NULL),(221,8,271,2,0,0,1,'2016-10-12 18:18:57',NULL),(222,9,271,1,0,0,0,'2016-10-12 18:19:08',NULL),(223,10,271,3,0,0,0,'2016-10-12 18:19:22',NULL),(224,11,271,2,0,0,1,'2016-10-12 18:19:30',NULL),(225,12,271,2,0,0,0,'2016-10-12 18:19:37',NULL),(226,13,271,1,0,0,0,'2016-10-12 18:19:45',NULL),(227,14,271,1,0,0,0,'2016-10-12 18:19:58',NULL),(228,15,271,1,0,0,1,'2016-10-12 18:20:04',NULL),(229,16,271,1,0,0,1,'2016-10-12 18:20:13',NULL),(230,17,271,3,0,0,1,'2016-10-12 18:20:44',NULL),(231,18,271,3,0,0,1,'2016-10-12 18:20:49',NULL),(232,19,271,3,0,0,1,'2016-10-12 18:20:55',NULL),(233,20,271,3,0,0,1,'2016-10-12 18:20:59',NULL),(234,21,271,3,0,0,1,'2016-10-12 18:21:06',NULL),(235,22,271,3,0,0,1,'2016-10-12 18:21:12',NULL),(236,23,271,2,0,0,0,'2016-10-12 18:21:23',NULL),(237,24,271,3,0,0,0,'2016-10-12 18:21:49',NULL),(238,25,271,1,0,0,1,'2016-10-12 18:22:01',NULL),(239,26,271,2,0,0,0,'2016-10-12 18:22:07',NULL),(240,27,271,1,0,0,1,'2016-10-12 18:22:12',NULL),(241,28,271,1,0,0,0,'2016-10-12 18:22:19',NULL),(242,30,271,3,0,0,0,'2016-10-12 18:22:29',NULL),(243,31,271,3,0,0,0,'2016-10-12 18:22:36',NULL),(244,19,266,3,0,0,1,'2016-10-13 12:59:56',NULL),(245,20,266,3,0,0,1,'2016-10-13 13:00:01',NULL),(246,21,266,2,0,0,0,'2016-10-13 13:00:13',NULL),(247,22,266,3,0,0,1,'2016-10-13 13:00:21',NULL),(248,23,266,1,0,0,1,'2016-10-13 13:00:27',NULL),(249,24,266,2,0,0,0,'2016-10-13 13:00:36',NULL),(250,25,266,1,0,0,1,'2016-10-13 13:00:43',NULL),(251,26,266,2,0,0,0,'2016-10-13 13:00:52',NULL),(252,27,266,1,0,0,1,'2016-10-13 13:00:58',NULL),(253,28,266,2,0,0,1,'2016-10-13 13:01:10',NULL),(254,29,266,1,0,0,0,'2016-10-13 13:01:22',NULL),(255,30,266,1,0,0,0,'2016-10-13 13:01:32',NULL),(256,31,266,3,0,0,0,'2016-10-13 13:01:40',NULL),(257,3,273,1,0,0,0,'2016-10-16 14:19:37',NULL),(258,1,273,3,0,0,0,'2016-10-16 14:19:44',NULL),(259,2,273,3,0,0,0,'2016-10-16 14:19:49',NULL),(260,4,273,3,0,0,0,'2016-10-16 14:19:53',NULL),(261,5,273,2,0,0,1,'2016-10-16 14:19:56',NULL),(262,6,273,1,0,0,0,'2016-10-16 14:20:00',NULL),(263,7,273,1,0,0,0,'2016-10-16 14:20:05',NULL),(264,8,273,2,0,0,1,'2016-10-16 14:20:08',NULL),(265,9,273,1,0,0,0,'2016-10-16 14:20:12',NULL),(266,10,273,3,0,0,0,'2016-10-16 14:20:17',NULL),(267,11,273,2,0,0,1,'2016-10-16 14:20:19',NULL),(268,12,273,1,0,0,0,'2016-10-16 14:20:24',NULL),(269,13,273,1,0,0,0,'2016-10-16 14:20:28',NULL),(270,14,273,3,0,0,1,'2016-10-16 14:20:32',NULL),(271,15,273,3,0,0,0,'2016-10-16 14:20:36',NULL),(272,16,273,3,0,0,0,'2016-10-16 14:20:42',NULL),(273,17,273,2,0,0,0,'2016-10-16 14:20:48',NULL),(274,18,273,3,0,0,1,'2016-10-16 14:20:51',NULL),(275,19,273,3,0,0,1,'2016-10-16 14:20:54',NULL),(276,20,273,3,0,0,1,'2016-10-16 14:20:58',NULL),(277,21,273,3,0,0,1,'2016-10-16 14:21:04',NULL),(278,22,273,3,0,0,1,'2016-10-16 14:21:10',NULL),(279,23,273,2,0,0,0,'2016-10-16 14:21:15',NULL),(280,24,273,2,0,0,0,'2016-10-16 14:21:19',NULL),(281,25,273,2,0,0,0,'2016-10-16 14:21:24',NULL),(282,26,273,2,0,0,0,'2016-10-16 14:21:31',NULL),(283,27,273,1,0,0,1,'2016-10-16 14:21:37',NULL),(284,28,273,2,0,0,1,'2016-10-16 14:21:43',NULL),(285,29,273,2,0,0,1,'2016-10-16 14:21:47',NULL),(286,30,273,2,0,0,1,'2016-10-16 14:21:52',NULL),(287,31,273,2,0,0,1,'2016-10-16 14:21:59',NULL),(288,2,272,3,0,0,0,'2016-10-16 14:23:04',NULL),(289,1,272,3,0,0,0,'2016-10-16 14:23:09',NULL),(290,3,272,1,0,0,0,'2016-10-16 14:23:28',NULL),(291,4,272,3,0,0,0,'2016-10-16 14:23:36',NULL),(292,5,272,3,0,0,0,'2016-10-16 14:23:42',NULL),(293,6,272,1,0,0,0,'2016-10-16 14:23:49',NULL),(294,7,272,1,0,0,0,'2016-10-16 14:23:59',NULL),(295,8,272,2,0,0,1,'2016-10-16 14:24:03',NULL),(296,9,272,1,0,0,0,'2016-10-16 14:24:11',NULL),(297,10,272,2,0,0,0,'2016-10-16 14:24:30',NULL),(298,11,272,3,0,0,0,'2016-10-16 14:24:35',NULL),(299,12,272,1,0,0,0,'2016-10-16 14:24:38',NULL),(300,13,272,1,0,0,0,'2016-10-16 14:24:44',NULL),(301,14,272,1,0,0,0,'2016-10-16 14:24:50',NULL),(302,15,272,2,0,0,0,'2016-10-16 14:24:56',NULL),(303,16,272,3,0,0,0,'2016-10-16 14:25:24',NULL),(304,17,272,3,0,0,1,'2016-10-16 14:25:30',NULL),(305,18,272,3,0,0,1,'2016-10-16 14:25:34',NULL),(306,19,272,2,0,0,0,'2016-10-16 14:25:43',NULL),(307,20,272,3,0,0,1,'2016-10-16 14:25:47',NULL),(308,21,272,3,0,0,1,'2016-10-16 14:25:54',NULL),(309,22,272,3,0,0,1,'2016-10-16 14:26:01',NULL),(310,23,272,1,0,0,1,'2016-10-16 14:26:30',NULL),(311,24,272,3,0,0,0,'2016-10-16 14:26:35',NULL),(312,25,272,1,0,0,1,'2016-10-16 14:26:44',NULL),(313,26,272,3,0,0,0,'2016-10-16 14:26:56',NULL),(314,27,272,1,0,0,1,'2016-10-16 14:27:01',NULL),(315,28,272,2,0,0,1,'2016-10-16 14:27:07',NULL),(316,29,272,2,0,0,1,'2016-10-16 14:27:23',NULL),(317,30,272,3,0,0,0,'2016-10-16 14:27:30',NULL),(318,31,272,3,0,0,0,'2016-10-16 14:27:36',NULL),(319,5,18,1,0,0,0,'2016-10-16 20:51:43',NULL),(320,6,18,0,0,1,0,'2016-10-16 20:51:51',NULL),(321,13,275,2,0,0,0,'2016-10-17 13:17:15',NULL),(322,1,275,3,0,0,0,'2016-10-17 13:17:20',NULL),(323,2,275,3,0,0,0,'2016-10-17 13:17:24',NULL),(324,3,275,2,0,0,0,'2016-10-17 13:17:27',NULL),(325,4,275,2,0,0,0,'2016-10-17 13:17:32',NULL),(326,5,275,3,0,0,0,'2016-10-17 13:17:35',NULL),(327,6,275,1,0,0,0,'2016-10-17 13:17:38',NULL),(328,7,275,2,0,0,0,'2016-10-17 13:17:41',NULL),(329,8,275,1,0,0,0,'2016-10-17 13:17:42',NULL),(330,9,275,3,0,0,1,'2016-10-17 13:17:46',NULL),(331,10,275,3,0,0,0,'2016-10-17 13:17:56',NULL),(332,11,275,3,0,0,0,'2016-10-17 13:18:01',NULL),(333,12,275,1,0,0,0,'2016-10-17 13:18:05',NULL),(334,14,275,3,0,0,1,'2016-10-17 13:18:10',NULL),(335,15,275,3,0,0,0,'2016-10-17 13:18:17',NULL),(336,16,275,3,0,0,0,'2016-10-17 13:18:23',NULL),(337,17,275,3,0,0,0,'2016-10-17 13:18:28',NULL),(338,18,275,3,0,0,0,'2016-10-17 13:18:32',NULL),(339,11,276,2,0,0,1,'2016-10-17 13:34:33',NULL),(340,1,276,3,0,0,0,'2016-10-17 13:34:36',NULL),(341,2,276,3,0,0,0,'2016-10-17 13:34:39',NULL),(342,3,276,1,0,0,0,'2016-10-17 13:34:42',NULL),(343,4,276,3,0,0,0,'2016-10-17 13:34:47',NULL),(344,5,276,3,0,0,0,'2016-10-17 13:34:51',NULL),(345,6,276,1,0,0,0,'2016-10-17 13:34:55',NULL),(346,7,276,1,0,0,0,'2016-10-17 13:34:59',NULL),(347,8,276,2,0,0,1,'2016-10-17 13:35:03',NULL),(348,9,276,1,0,0,0,'2016-10-17 13:35:08',NULL),(349,10,276,3,0,0,0,'2016-10-17 13:35:13',NULL),(350,12,276,1,0,0,0,'2016-10-17 13:35:17',NULL),(351,19,275,2,0,0,0,'2016-10-17 13:40:10',NULL),(352,20,275,2,0,0,0,'2016-10-17 13:40:16',NULL),(353,21,275,3,0,0,0,'2016-10-17 13:40:28',NULL),(354,22,275,3,0,0,0,'2016-10-17 13:40:33',NULL),(355,23,275,1,0,0,0,'2016-10-17 13:40:39',NULL),(356,24,275,2,0,0,0,'2016-10-17 13:40:43',NULL),(357,25,275,2,0,0,0,'2016-10-17 13:40:49',NULL),(358,26,275,2,0,0,1,'2016-10-17 13:40:52',NULL),(359,27,275,1,0,0,0,'2016-10-17 13:41:00',NULL),(360,28,275,3,0,0,0,'2016-10-17 13:41:05',NULL),(361,29,275,2,0,0,1,'2016-10-17 13:41:08',NULL),(362,30,275,2,0,0,1,'2016-10-17 13:41:12',NULL),(363,31,275,3,0,0,0,'2016-10-17 13:41:17',NULL),(364,13,276,1,0,0,0,'2016-10-17 14:17:06',NULL),(365,14,276,1,0,0,0,'2016-10-17 14:17:10',NULL),(366,15,276,3,0,0,0,'2016-10-17 14:17:16',NULL),(367,16,276,3,0,0,0,'2016-10-17 14:17:21',NULL),(368,17,276,2,0,0,1,'2016-10-17 14:17:29',NULL),(369,18,276,3,0,0,0,'2016-10-17 14:17:32',NULL),(370,19,276,3,0,0,0,'2016-10-17 14:17:39',NULL),(371,20,276,3,0,0,0,'2016-10-17 14:17:43',NULL),(372,21,276,3,0,0,0,'2016-10-17 14:17:51',NULL),(373,22,276,3,0,0,0,'2016-10-17 14:17:54',NULL),(374,23,276,1,0,0,0,'2016-10-17 14:17:57',NULL),(375,24,276,3,0,0,0,'2016-10-17 14:18:02',NULL),(376,25,276,2,0,0,0,'2016-10-17 14:18:07',NULL),(377,26,276,2,0,0,1,'2016-10-17 14:18:12',NULL),(378,27,276,1,0,0,0,'2016-10-17 14:18:15',NULL),(379,28,276,3,0,0,0,'2016-10-17 14:18:21',NULL),(380,29,276,2,0,0,1,'2016-10-17 14:18:27',NULL),(381,30,276,2,0,0,1,'2016-10-17 14:18:31',NULL),(382,31,276,3,0,0,0,'2016-10-17 14:18:35',NULL),(383,21,280,3,0,0,0,'2016-10-18 12:18:39',NULL),(384,1,280,3,0,0,0,'2016-10-18 12:18:46',NULL),(385,2,280,3,0,0,0,'2016-10-18 12:18:51',NULL),(386,3,280,2,0,0,0,'2016-10-18 12:18:59',NULL),(387,4,280,3,0,0,0,'2016-10-18 12:19:10',NULL),(388,5,280,3,0,0,0,'2016-10-18 12:19:16',NULL),(389,6,280,1,0,0,0,'2016-10-18 12:19:24',NULL),(390,7,280,1,0,0,0,'2016-10-18 12:19:29',NULL),(391,8,280,2,0,0,1,'2016-10-18 12:19:33',NULL),(392,9,280,1,0,0,0,'2016-10-18 12:19:41',NULL),(393,10,280,3,0,0,0,'2016-10-18 12:19:53',NULL),(394,11,280,2,0,0,1,'2016-10-18 12:19:59',NULL),(395,12,280,1,0,0,0,'2016-10-18 12:20:04',NULL),(396,13,280,1,0,0,0,'2016-10-18 12:20:09',NULL),(397,14,280,1,0,0,0,'2016-10-18 12:20:29',NULL),(398,15,280,3,0,0,0,'2016-10-18 12:20:38',NULL),(399,16,280,3,0,0,0,'2016-10-18 12:21:07',NULL),(400,17,280,3,0,0,0,'2016-10-18 12:21:26',NULL),(401,28,281,2,0,0,1,'2016-10-18 12:21:29',NULL),(402,1,281,3,0,0,0,'2016-10-18 12:21:32',NULL),(403,2,281,2,0,0,0,'2016-10-18 12:21:35',NULL),(404,3,281,1,0,0,0,'2016-10-18 12:21:38',NULL),(405,18,280,3,0,0,0,'2016-10-18 12:21:42',NULL),(406,4,281,3,0,0,0,'2016-10-18 12:21:42',NULL),(407,19,280,3,0,0,0,'2016-10-18 12:21:47',NULL),(408,5,281,1,0,0,0,'2016-10-18 12:21:48',NULL),(409,6,281,2,0,0,0,'2016-10-18 12:21:51',NULL),(410,20,280,3,0,0,0,'2016-10-18 12:21:51',NULL),(411,7,281,1,0,0,0,'2016-10-18 12:21:55',NULL),(412,22,280,3,0,0,0,'2016-10-18 12:21:56',NULL),(413,23,280,1,0,0,0,'2016-10-18 12:22:16',NULL),(414,24,280,3,0,0,0,'2016-10-18 12:22:37',NULL),(415,25,280,1,0,0,0,'2016-10-18 12:22:44',NULL),(416,26,280,2,0,0,1,'2016-10-18 12:22:56',NULL),(417,27,280,1,0,0,0,'2016-10-18 12:23:21',NULL),(418,28,280,3,0,0,0,'2016-10-18 12:23:29',NULL),(419,29,280,3,0,0,0,'2016-10-18 12:23:36',NULL),(420,30,280,2,0,0,1,'2016-10-18 12:24:01',NULL),(421,31,280,3,0,0,0,'2016-10-18 12:24:06',NULL),(422,8,281,2,0,0,1,'2016-10-18 13:51:06',NULL),(423,9,281,2,0,0,0,'2016-10-18 13:51:12',NULL),(424,10,281,1,0,0,1,'2016-10-18 13:51:17',NULL),(425,11,281,3,0,0,0,'2016-10-18 13:51:20',NULL),(426,12,281,1,0,0,0,'2016-10-18 13:51:23',NULL),(427,13,281,1,0,0,0,'2016-10-18 13:51:28',NULL),(428,14,281,1,0,0,0,'2016-10-18 13:51:32',NULL),(429,15,281,3,0,0,0,'2016-10-18 13:51:35',NULL),(430,16,281,3,0,0,0,'2016-10-18 13:51:38',NULL),(431,17,281,3,0,0,0,'2016-10-18 13:51:44',NULL),(432,18,281,3,0,0,0,'2016-10-18 13:51:47',NULL),(433,19,281,3,0,0,0,'2016-10-18 13:51:51',NULL),(434,20,281,3,0,0,0,'2016-10-18 13:51:54',NULL),(435,21,281,2,0,0,0,'2016-10-18 13:51:58',NULL),(436,22,281,3,0,0,0,'2016-10-18 13:52:02',NULL),(437,23,281,1,0,0,0,'2016-10-18 13:52:06',NULL),(438,24,281,3,0,0,0,'2016-10-18 13:52:09',NULL),(439,25,281,1,0,0,0,'2016-10-18 13:53:03',NULL),(440,26,281,2,0,0,1,'2016-10-18 13:53:06',NULL),(441,27,281,1,0,0,0,'2016-10-18 13:53:09',NULL),(442,29,281,3,0,0,0,'2016-10-18 13:55:10',NULL),(443,30,281,2,0,0,1,'2016-10-18 13:56:08',NULL),(444,31,281,3,0,0,0,'2016-10-18 13:56:19',NULL),(445,23,279,1,0,0,0,'2016-10-18 13:59:18',NULL),(446,1,279,3,0,0,0,'2016-10-18 13:59:20',NULL),(447,2,279,3,0,0,0,'2016-10-18 13:59:24',NULL),(448,3,279,1,0,0,0,'2016-10-18 13:59:29',NULL),(449,4,279,3,0,0,0,'2016-10-18 13:59:32',NULL),(450,5,279,2,0,0,1,'2016-10-18 13:59:35',NULL),(451,6,279,1,0,0,0,'2016-10-18 13:59:38',NULL),(452,7,279,1,0,0,0,'2016-10-18 13:59:41',NULL),(453,8,279,2,0,0,1,'2016-10-18 13:59:44',NULL),(454,9,279,1,0,0,0,'2016-10-18 13:59:49',NULL),(455,10,279,3,0,0,0,'2016-10-18 14:00:09',NULL),(456,11,279,2,0,0,1,'2016-10-18 14:00:13',NULL),(457,12,279,1,0,0,0,'2016-10-18 14:00:16',NULL),(458,13,279,1,0,0,0,'2016-10-18 14:00:21',NULL),(459,14,279,1,0,0,0,'2016-10-18 14:00:36',NULL),(460,15,279,3,0,0,0,'2016-10-18 14:00:42',NULL),(461,16,279,3,0,0,0,'2016-10-18 14:00:46',NULL),(462,17,279,3,0,0,0,'2016-10-18 14:00:55',NULL),(463,18,279,3,0,0,0,'2016-10-18 14:01:11',NULL),(464,19,279,3,0,0,0,'2016-10-18 14:01:18',NULL),(465,20,279,3,0,0,0,'2016-10-18 14:01:22',NULL),(466,21,279,3,0,0,0,'2016-10-18 14:01:27',NULL),(467,22,279,3,0,0,0,'2016-10-18 14:01:31',NULL),(468,24,279,2,0,0,0,'2016-10-18 14:01:36',NULL),(469,25,279,1,0,0,0,'2016-10-18 14:01:39',NULL),(470,26,279,2,0,0,1,'2016-10-18 14:01:48',NULL),(471,27,279,1,0,0,0,'2016-10-18 14:02:00',NULL),(472,28,279,1,0,0,0,'2016-10-18 14:02:06',NULL),(473,29,279,3,0,0,0,'2016-10-18 14:02:11',NULL),(474,30,279,1,0,0,0,'2016-10-18 14:02:32',NULL),(475,31,279,3,0,0,0,'2016-10-18 14:02:36',NULL),(476,8,285,3,0,0,0,'2016-10-19 13:10:29',NULL),(477,1,285,3,0,0,0,'2016-10-19 13:10:40',NULL),(478,2,285,3,0,0,0,'2016-10-19 13:10:43',NULL),(479,3,285,1,0,0,0,'2016-10-19 13:10:49',NULL),(480,4,285,3,0,0,0,'2016-10-19 13:10:52',NULL),(481,5,285,3,0,0,0,'2016-10-19 13:10:55',NULL),(482,6,285,1,0,0,0,'2016-10-19 13:11:02',NULL),(483,7,285,1,0,0,0,'2016-10-19 13:11:05',NULL),(484,9,285,1,0,0,0,'2016-10-19 13:11:13',NULL),(485,10,285,1,0,0,1,'2016-10-19 13:11:18',NULL),(486,11,285,3,0,0,0,'2016-10-19 13:11:24',NULL),(487,12,285,1,0,0,0,'2016-10-19 13:11:26',NULL),(488,13,285,2,0,0,0,'2016-10-19 13:11:32',NULL),(489,14,285,1,0,0,0,'2016-10-19 13:11:45',NULL),(490,15,285,1,0,0,1,'2016-10-19 13:11:48',NULL),(491,16,285,3,0,0,0,'2016-10-19 13:12:02',NULL),(492,17,285,3,0,0,0,'2016-10-19 13:12:05',NULL),(493,18,285,3,0,0,0,'2016-10-19 13:12:09',NULL),(494,19,285,3,0,0,0,'2016-10-19 13:12:12',NULL),(495,20,285,3,0,0,0,'2016-10-19 13:12:15',NULL),(496,21,285,3,0,0,0,'2016-10-19 13:12:17',NULL),(497,22,285,2,0,0,0,'2016-10-19 13:12:22',NULL),(498,23,285,1,0,0,0,'2016-10-19 13:12:26',NULL),(499,24,285,3,0,0,0,'2016-10-19 13:12:28',NULL),(500,25,285,1,0,0,0,'2016-10-19 13:12:32',NULL),(501,26,285,3,0,0,0,'2016-10-19 13:12:36',NULL),(502,27,285,1,0,0,0,'2016-10-19 13:12:40',NULL),(503,28,285,3,0,0,0,'2016-10-19 13:12:44',NULL),(504,29,285,3,0,0,0,'2016-10-19 13:12:50',NULL),(505,30,285,2,0,0,1,'2016-10-19 13:13:00',NULL),(506,31,285,3,0,0,0,'2016-10-19 13:13:05',NULL),(507,5,287,3,0,0,0,'2016-10-19 15:46:01',NULL),(508,1,287,3,0,0,0,'2016-10-19 15:46:03',NULL),(509,2,287,3,0,0,0,'2016-10-19 15:46:07',NULL),(510,3,287,1,0,0,0,'2016-10-19 15:46:11',NULL),(511,4,287,3,0,0,0,'2016-10-19 15:46:14',NULL),(512,6,287,1,0,0,0,'2016-10-19 15:46:18',NULL),(513,7,287,1,0,0,0,'2016-10-19 15:46:21',NULL),(514,8,287,2,0,0,1,'2016-10-19 15:46:25',NULL),(515,9,287,1,0,0,0,'2016-10-19 15:46:30',NULL),(516,10,287,3,0,0,0,'2016-10-19 15:46:39',NULL),(517,11,287,2,0,0,1,'2016-10-19 15:46:44',NULL),(518,12,287,1,0,0,0,'2016-10-19 15:46:49',NULL),(519,13,287,1,0,0,0,'2016-10-19 15:46:56',NULL),(520,14,287,2,0,0,0,'2016-10-19 15:47:01',NULL),(521,15,287,3,0,0,0,'2016-10-19 15:47:05',NULL),(522,16,287,3,0,0,0,'2016-10-19 15:47:10',NULL),(523,17,287,2,0,0,1,'2016-10-19 15:47:16',NULL),(524,18,287,3,0,0,0,'2016-10-19 15:47:19',NULL),(525,19,287,3,0,0,0,'2016-10-19 15:47:23',NULL),(526,20,287,3,0,0,0,'2016-10-19 15:47:26',NULL),(527,21,287,3,0,0,0,'2016-10-19 15:47:33',NULL),(528,22,287,3,0,0,0,'2016-10-19 15:47:37',NULL),(529,23,287,2,0,0,1,'2016-10-19 15:47:43',NULL),(530,24,287,2,0,0,0,'2016-10-19 15:47:48',NULL),(531,25,287,2,0,0,0,'2016-10-19 15:47:51',NULL),(532,26,287,2,0,0,1,'2016-10-19 15:47:56',NULL),(533,27,287,1,0,0,0,'2016-10-19 15:48:02',NULL),(534,28,287,2,0,0,1,'2016-10-19 15:48:11',NULL),(535,29,287,3,0,0,0,'2016-10-19 15:48:17',NULL),(536,30,287,2,0,0,1,'2016-10-19 15:48:24',NULL),(537,31,287,3,0,0,0,'2016-10-19 15:48:29',NULL),(538,3,288,1,0,0,0,'2016-10-19 20:30:59',NULL),(539,1,288,3,0,0,0,'2016-10-19 20:31:06',NULL),(540,2,288,3,0,0,0,'2016-10-19 20:31:11',NULL),(541,4,288,3,0,0,0,'2016-10-19 20:31:16',NULL),(542,5,288,2,0,0,1,'2016-10-19 20:31:26',NULL),(543,6,288,1,0,0,0,'2016-10-19 20:31:31',NULL),(544,7,288,1,0,0,0,'2016-10-19 20:31:36',NULL),(545,8,288,2,0,0,1,'2016-10-19 20:31:39',NULL),(546,9,288,1,0,0,0,'2016-10-19 20:31:47',NULL),(547,10,288,3,0,0,0,'2016-10-19 20:31:59',NULL),(548,11,288,2,0,0,1,'2016-10-19 20:32:05',NULL),(549,12,288,0,0,1,0,'2016-10-19 20:32:26',NULL),(550,13,288,1,0,0,0,'2016-10-19 20:32:32',NULL),(551,14,288,1,0,0,0,'2016-10-19 20:32:40',NULL),(552,15,288,3,0,0,0,'2016-10-19 20:32:44',NULL),(553,16,288,3,0,0,0,'2016-10-19 20:32:50',NULL),(554,17,288,3,0,0,0,'2016-10-19 20:32:59',NULL),(555,18,288,3,0,0,0,'2016-10-19 20:33:04',NULL),(556,19,288,0,0,1,0,'2016-10-19 20:33:31',NULL),(557,20,288,3,0,0,0,'2016-10-19 20:33:40',NULL),(558,21,288,3,0,0,0,'2016-10-19 20:33:44',NULL),(559,22,288,3,0,0,0,'2016-10-19 20:33:48',NULL),(560,23,288,1,0,0,0,'2016-10-19 20:33:53',NULL),(561,24,288,2,0,0,0,'2016-10-19 20:33:58',NULL),(562,25,288,1,0,0,0,'2016-10-19 20:34:02',NULL),(563,26,288,2,0,0,1,'2016-10-19 20:34:07',NULL),(564,27,288,1,0,0,0,'2016-10-19 20:34:13',NULL),(565,28,288,3,0,0,0,'2016-10-19 20:34:19',NULL),(566,29,288,3,0,0,0,'2016-10-19 20:34:26',NULL),(567,30,288,2,0,0,1,'2016-10-19 20:34:31',NULL),(568,31,288,3,0,0,0,'2016-10-19 20:34:37',NULL),(569,7,289,1,0,0,0,'2016-10-20 10:56:51',NULL),(570,1,289,1,0,0,1,'2016-10-20 10:56:58',NULL),(571,2,289,2,0,0,0,'2016-10-20 10:57:05',NULL),(572,3,289,3,0,0,1,'2016-10-20 10:57:13',NULL),(573,4,289,2,0,0,0,'2016-10-20 10:57:19',NULL),(574,5,289,3,0,0,0,'2016-10-20 10:57:26',NULL),(575,6,289,1,0,0,0,'2016-10-20 10:57:33',NULL),(576,8,289,3,0,0,0,'2016-10-20 10:57:40',NULL),(577,9,289,1,0,0,0,'2016-10-20 10:57:51',NULL),(578,10,289,1,0,0,1,'2016-10-20 10:58:00',NULL),(579,11,289,3,0,0,0,'2016-10-20 10:58:05',NULL),(580,12,289,2,0,0,0,'2016-10-20 10:58:11',NULL),(581,13,289,1,0,0,0,'2016-10-20 10:58:18',NULL),(582,14,289,1,0,0,0,'2016-10-20 10:58:27',NULL),(583,15,289,3,0,0,0,'2016-10-20 10:58:32',NULL),(584,16,289,3,0,0,0,'2016-10-20 10:58:38',NULL),(585,17,289,1,0,0,0,'2016-10-20 10:58:46',NULL),(586,18,289,2,0,0,0,'2016-10-20 10:58:51',NULL),(587,19,289,3,0,0,0,'2016-10-20 10:58:59',NULL),(588,20,289,3,0,0,0,'2016-10-20 10:59:08',NULL),(589,21,289,3,0,0,0,'2016-10-20 10:59:17',NULL),(590,22,289,3,0,0,0,'2016-10-20 10:59:24',NULL),(591,23,289,3,0,0,0,'2016-10-20 10:59:31',NULL),(592,24,289,3,0,0,0,'2016-10-20 10:59:38',NULL),(593,25,289,1,0,0,0,'2016-10-20 10:59:45',NULL),(594,26,289,3,0,0,0,'2016-10-20 10:59:52',NULL),(595,27,289,1,0,0,0,'2016-10-20 10:59:58',NULL),(596,28,289,3,0,0,0,'2016-10-20 11:00:06',NULL),(597,29,289,3,0,0,0,'2016-10-20 11:00:12',NULL),(598,30,289,3,0,0,0,'2016-10-20 11:00:21',NULL),(599,31,289,2,0,0,0,'2016-10-20 11:00:30',NULL),(600,7,18,1,8,0,0,'2016-10-21 09:43:38',NULL),(601,8,18,3,7,0,0,'2016-10-21 09:53:40',NULL),(602,27,290,1,23,0,0,'2016-10-21 10:49:26',NULL),(603,1,290,3,5,0,0,'2016-10-21 10:49:31',NULL),(604,2,290,3,6,0,0,'2016-10-21 10:49:37',NULL),(605,3,290,2,9,0,0,'2016-10-21 10:49:47',NULL),(606,4,290,2,6,0,0,'2016-10-21 10:49:53',NULL),(607,5,290,3,7,0,0,'2016-10-21 10:50:00',NULL),(608,6,290,1,5,0,0,'2016-10-21 10:50:06',NULL),(609,7,290,1,6,0,0,'2016-10-21 10:50:12',NULL),(610,8,290,2,5,0,1,'2016-10-21 10:50:17',NULL),(611,9,290,1,7,0,0,'2016-10-21 10:50:24',NULL),(612,10,290,3,8,0,0,'2016-10-21 10:50:32',NULL),(613,11,290,3,5,0,0,'2016-10-21 10:50:37',NULL),(614,12,290,1,3,0,0,'2016-10-21 10:50:41',NULL),(615,13,290,1,4,0,0,'2016-10-21 10:50:46',NULL),(616,14,290,1,5,0,0,'2016-10-21 10:50:51',NULL),(617,15,290,3,4,0,0,'2016-10-21 10:50:55',NULL),(618,16,290,3,7,0,0,'2016-10-21 10:51:02',NULL),(619,17,290,3,5,0,0,'2016-10-21 10:51:07',NULL),(620,18,290,3,6,0,0,'2016-10-21 10:51:14',NULL),(621,19,290,3,5,0,0,'2016-10-21 10:51:19',NULL),(622,20,290,3,4,0,0,'2016-10-21 10:51:23',NULL),(623,21,290,3,5,0,0,'2016-10-21 10:51:28',NULL),(624,22,290,3,4,0,0,'2016-10-21 10:51:32',NULL),(625,23,290,2,6,0,1,'2016-10-21 10:51:38',NULL),(626,24,290,2,6,0,0,'2016-10-21 10:51:44',NULL),(627,25,290,1,6,0,0,'2016-10-21 10:51:50',NULL),(628,26,290,2,5,0,1,'2016-10-21 10:51:55',NULL),(629,28,290,3,6,0,0,'2016-10-21 10:52:01',NULL),(630,29,290,2,6,0,1,'2016-10-21 10:52:07',NULL),(631,30,290,2,9,0,1,'2016-10-21 10:52:17',NULL),(632,31,290,3,5,0,0,'2016-10-21 10:52:23',NULL),(633,29,284,1,54,0,0,'2016-10-21 12:59:12',NULL),(634,1,284,3,5,0,0,'2016-10-21 12:59:17',NULL),(635,2,284,3,4,0,0,'2016-10-21 12:59:21',NULL),(636,3,284,1,5,0,0,'2016-10-21 12:59:26',NULL),(637,4,284,3,4,0,0,'2016-10-21 12:59:30',NULL),(638,5,284,3,5,0,0,'2016-10-21 12:59:35',NULL),(639,6,284,1,4,0,0,'2016-10-21 12:59:39',NULL),(640,7,284,1,7,0,0,'2016-10-21 12:59:46',NULL),(641,8,284,2,5,0,1,'2016-10-21 12:59:51',NULL),(642,9,284,1,7,0,0,'2016-10-21 12:59:58',NULL),(643,10,284,1,21,0,1,'2016-10-21 13:00:19',NULL),(644,11,284,3,7,0,0,'2016-10-21 13:00:26',NULL),(645,12,284,1,4,0,0,'2016-10-21 13:00:30',NULL),(646,13,284,1,8,0,0,'2016-10-21 13:00:38',NULL),(647,14,284,1,6,0,0,'2016-10-21 13:00:44',NULL),(648,15,284,3,6,0,0,'2016-10-21 13:00:50',NULL),(649,16,284,1,9,0,1,'2016-10-21 13:00:59',NULL),(650,17,284,3,6,0,0,'2016-10-21 13:01:05',NULL),(651,18,284,3,4,0,0,'2016-10-21 13:01:09',NULL),(652,19,284,2,6,0,0,'2016-10-21 13:01:15',NULL),(653,20,284,3,15,0,0,'2016-10-21 13:01:30',NULL),(654,21,284,3,5,0,0,'2016-10-21 13:01:35',NULL),(655,22,284,3,4,0,0,'2016-10-21 13:01:39',NULL),(656,23,284,1,7,0,0,'2016-10-21 13:01:46',NULL),(657,24,284,3,5,0,0,'2016-10-21 13:01:52',NULL),(658,25,284,1,7,0,0,'2016-10-21 13:01:59',NULL),(659,26,284,3,4,0,0,'2016-10-21 13:02:03',NULL),(660,27,284,1,7,0,0,'2016-10-21 13:02:10',NULL),(661,28,284,2,6,0,1,'2016-10-21 13:02:16',NULL),(662,30,284,3,10,0,0,'2016-10-21 13:02:26',NULL),(663,31,284,3,5,0,0,'2016-10-21 13:02:31',NULL),(664,8,295,2,13,0,1,'2016-10-21 18:33:48',NULL),(665,1,295,3,5,0,0,'2016-10-21 18:33:53',NULL),(666,2,295,3,5,0,0,'2016-10-21 18:33:58',NULL),(667,3,295,1,4,0,0,'2016-10-21 18:34:02',NULL),(668,4,295,2,3,0,0,'2016-10-21 18:34:05',NULL),(669,5,295,2,3,0,1,'2016-10-21 18:34:08',NULL),(670,6,295,1,6,0,0,'2016-10-21 18:34:15',NULL),(671,7,295,1,5,0,0,'2016-10-21 18:34:20',NULL),(672,9,295,1,5,0,0,'2016-10-21 18:34:25',NULL),(673,10,295,3,6,0,0,'2016-10-21 18:34:31',NULL),(674,11,295,3,7,0,0,'2016-10-21 18:34:38',NULL),(675,12,295,1,4,0,0,'2016-10-21 18:34:42',NULL),(676,13,295,1,6,0,0,'2016-10-21 18:34:48',NULL),(677,14,295,1,5,0,0,'2016-10-21 18:34:53',NULL),(678,15,295,1,3,0,1,'2016-10-21 18:34:56',NULL),(679,16,295,1,6,0,1,'2016-10-21 18:35:02',NULL),(680,17,295,2,5,0,1,'2016-10-21 18:35:07',NULL),(681,18,295,3,4,0,0,'2016-10-21 18:35:11',NULL),(682,19,295,3,9,0,0,'2016-10-21 18:35:20',NULL),(683,20,295,3,4,0,0,'2016-10-21 18:35:24',NULL),(684,21,295,3,4,0,0,'2016-10-21 18:35:28',NULL),(685,22,295,3,5,0,0,'2016-10-21 18:35:33',NULL),(686,23,295,2,6,0,1,'2016-10-21 18:35:39',NULL),(687,24,295,2,4,0,0,'2016-10-21 18:35:43',NULL),(688,25,295,1,4,0,0,'2016-10-21 18:35:47',NULL),(689,26,295,2,5,0,1,'2016-10-21 18:35:52',NULL),(690,27,295,1,6,0,0,'2016-10-21 18:35:58',NULL),(691,28,295,3,5,0,0,'2016-10-21 18:36:03',NULL),(692,29,295,3,4,0,0,'2016-10-21 18:36:07',NULL),(693,30,295,2,4,0,1,'2016-10-21 18:36:12',NULL),(694,31,295,3,5,0,0,'2016-10-21 18:36:18',NULL),(695,13,296,1,6,0,0,'2016-10-21 19:32:34',NULL),(696,1,296,3,4,0,0,'2016-10-21 19:32:38',NULL),(697,2,296,3,3,0,0,'2016-10-21 19:32:41',NULL),(698,3,296,1,3,0,0,'2016-10-21 19:32:44',NULL),(699,4,296,3,5,0,0,'2016-10-21 19:32:49',NULL),(700,5,296,2,4,0,1,'2016-10-21 19:32:53',NULL),(701,6,296,1,4,0,0,'2016-10-21 19:32:57',NULL),(702,7,296,1,4,0,0,'2016-10-21 19:33:01',NULL),(703,8,296,2,3,0,1,'2016-10-21 19:33:04',NULL),(704,9,296,1,6,0,0,'2016-10-21 19:33:11',NULL),(705,10,296,3,9,0,0,'2016-10-21 19:33:20',NULL),(706,11,296,2,5,0,1,'2016-10-21 19:33:26',NULL),(707,12,296,1,6,0,0,'2016-10-21 19:33:33',NULL),(708,14,296,1,5,0,0,'2016-10-21 19:33:38',NULL),(709,15,296,2,7,0,0,'2016-10-21 19:33:45',NULL),(710,16,296,1,4,0,1,'2016-10-21 19:33:49',NULL),(711,17,296,2,8,0,1,'2016-10-21 19:33:57',NULL),(712,18,296,3,5,0,0,'2016-10-21 19:34:02',NULL),(713,19,296,2,6,0,0,'2016-10-21 19:34:08',NULL),(714,20,296,3,4,0,0,'2016-10-21 19:34:12',NULL),(715,21,296,3,4,0,0,'2016-10-21 19:34:16',NULL),(716,22,296,3,14,0,0,'2016-10-21 19:34:30',NULL),(717,23,296,1,6,0,0,'2016-10-21 19:34:36',NULL),(718,24,296,3,8,0,0,'2016-10-21 19:34:44',NULL),(719,25,296,1,3,0,0,'2016-10-21 19:34:47',NULL),(720,26,296,2,3,0,1,'2016-10-21 19:34:50',NULL),(721,27,296,1,7,0,0,'2016-10-21 19:34:57',NULL),(722,28,296,3,6,0,0,'2016-10-21 19:35:03',NULL),(723,29,296,1,6,0,0,'2016-10-21 19:35:09',NULL),(724,30,296,2,6,0,1,'2016-10-21 19:35:15',NULL),(725,31,296,3,4,0,0,'2016-10-21 19:35:20',NULL),(726,27,297,2,15,0,0,'2016-10-22 16:06:23',NULL),(727,1,297,1,4,0,1,'2016-10-22 16:06:27',NULL),(728,2,297,2,6,0,0,'2016-10-22 16:06:33',NULL),(729,3,297,1,18,0,0,'2016-10-22 16:06:51',NULL),(730,4,297,3,3,0,0,'2016-10-22 16:06:54',NULL),(731,5,297,3,5,0,0,'2016-10-22 16:06:59',NULL),(732,6,297,1,5,0,0,'2016-10-22 16:07:04',NULL),(733,7,297,1,7,0,0,'2016-10-22 16:07:11',NULL),(734,8,297,2,3,0,1,'2016-10-22 16:07:14',NULL),(735,9,297,1,6,0,0,'2016-10-22 16:07:20',NULL),(736,10,297,3,7,0,0,'2016-10-22 16:07:27',NULL),(737,11,297,2,7,0,1,'2016-10-22 16:07:34',NULL),(738,12,297,1,4,0,0,'2016-10-22 16:07:38',NULL),(739,3,299,3,8,0,1,'2016-10-23 08:45:10',NULL),(740,1,299,3,7,0,0,'2016-10-23 08:45:17',NULL),(741,2,299,3,5,0,0,'2016-10-23 08:45:23',NULL),(742,4,299,3,16,0,0,'2016-10-23 08:45:39',NULL),(743,5,299,3,5,0,0,'2016-10-23 08:45:44',NULL),(744,6,299,1,6,0,0,'2016-10-23 08:45:50',NULL),(745,7,299,1,5,0,0,'2016-10-23 08:45:56',NULL),(746,8,299,2,5,0,1,'2016-10-23 08:46:01',NULL),(747,9,299,1,8,0,0,'2016-10-23 08:46:09',NULL),(748,10,299,1,12,0,1,'2016-10-23 08:46:29',NULL),(749,11,299,2,5,0,1,'2016-10-23 08:46:34',NULL),(750,30,301,1,2,0,0,'2016-10-23 08:46:36',NULL),(751,1,301,3,3,0,0,'2016-10-23 08:46:39',NULL),(752,12,299,1,2,0,0,'2016-10-23 08:46:41',NULL),(753,2,301,3,1,0,0,'2016-10-23 08:46:42',NULL),(754,3,301,1,7,0,0,'2016-10-23 08:46:49',NULL),(755,4,301,3,4,0,0,'2016-10-23 08:46:53',NULL),(756,5,301,3,4,0,0,'2016-10-23 08:46:57',NULL),(757,13,299,1,1,0,0,'2016-10-23 08:46:58',NULL),(758,6,301,1,3,0,0,'2016-10-23 08:47:01',NULL),(759,7,301,1,4,0,0,'2016-10-23 08:47:05',NULL),(760,8,301,2,9,0,1,'2016-10-23 08:47:15',NULL),(761,14,299,3,2,0,1,'2016-10-23 08:47:17',NULL),(762,9,301,1,2,0,0,'2016-10-23 08:47:20',NULL),(763,15,299,3,4,0,0,'2016-10-23 08:47:24',NULL),(764,10,301,1,12,0,1,'2016-10-23 08:47:36',NULL),(765,16,299,3,2,0,0,'2016-10-23 08:47:38',NULL),(766,11,301,2,3,0,1,'2016-10-23 08:47:41',NULL),(767,12,301,1,3,0,0,'2016-10-23 08:47:44',NULL),(768,17,299,3,3,0,0,'2016-10-23 08:47:47',NULL),(769,13,301,2,3,0,0,'2016-10-23 08:47:51',NULL),(770,18,299,3,3,0,0,'2016-10-23 08:47:54',NULL),(771,19,299,3,5,0,0,'2016-10-23 08:47:59',NULL),(772,14,301,3,0,0,1,'2016-10-23 08:47:59',NULL),(773,15,301,1,2,0,1,'2016-10-23 08:48:02',NULL),(774,20,299,3,6,0,0,'2016-10-23 08:48:08',NULL),(775,16,301,1,3,0,1,'2016-10-23 08:48:11',NULL),(776,21,299,3,3,0,0,'2016-10-23 08:48:14',NULL),(777,17,301,3,0,0,0,'2016-10-23 08:48:15',NULL),(778,18,301,3,2,0,0,'2016-10-23 08:48:17',NULL),(779,22,299,3,3,0,0,'2016-10-23 08:48:20',NULL),(780,19,301,3,3,0,0,'2016-10-23 08:48:23',NULL),(781,23,299,1,3,0,0,'2016-10-23 08:48:26',NULL),(782,20,301,3,2,0,0,'2016-10-23 08:48:28',NULL),(783,21,301,3,4,0,0,'2016-10-23 08:48:32',NULL),(784,24,299,3,1,0,0,'2016-10-23 08:48:33',NULL),(785,22,301,3,1,0,0,'2016-10-23 08:48:34',NULL),(786,25,299,1,5,0,0,'2016-10-23 08:48:40',NULL),(787,23,301,2,1,0,1,'2016-10-23 08:48:42',NULL),(788,24,301,3,5,0,0,'2016-10-23 08:48:47',NULL),(789,26,299,1,1,0,0,'2016-10-23 08:48:48',NULL),(790,27,299,1,5,0,0,'2016-10-23 08:48:54',NULL),(791,25,301,1,5,0,0,'2016-10-23 08:48:54',NULL),(792,28,299,3,6,0,0,'2016-10-23 08:49:01',NULL),(793,26,301,2,6,0,1,'2016-10-23 08:49:01',NULL),(794,27,301,1,5,0,0,'2016-10-23 08:49:06',NULL),(795,28,301,2,14,0,1,'2016-10-23 08:49:20',NULL),(796,29,299,1,14,0,0,'2016-10-23 08:49:20',NULL),(797,29,301,3,6,0,0,'2016-10-23 08:49:27',NULL),(798,30,299,3,3,0,0,'2016-10-23 08:49:30',NULL),(799,31,301,3,2,0,0,'2016-10-23 08:49:32',NULL),(800,31,299,3,10,0,0,'2016-10-23 08:49:42',NULL),(801,17,300,3,15,0,0,'2016-10-23 08:55:19',NULL),(802,1,300,2,6,0,0,'2016-10-23 08:55:25',NULL),(803,2,300,3,6,0,0,'2016-10-23 08:55:31',NULL),(804,3,300,3,4,0,1,'2016-10-23 08:55:35',NULL),(805,4,300,3,6,0,0,'2016-10-23 08:55:41',NULL),(806,5,300,3,4,0,0,'2016-10-23 08:55:45',NULL),(807,6,300,2,11,0,0,'2016-10-23 08:55:56',NULL),(808,7,300,2,6,0,0,'2016-10-23 08:56:02',NULL),(809,8,300,1,4,0,0,'2016-10-23 08:56:07',NULL),(810,9,300,2,16,0,0,'2016-10-23 08:56:23',NULL),(811,10,300,1,14,0,1,'2016-10-23 08:56:37',NULL),(812,11,300,3,6,0,0,'2016-10-23 08:56:43',NULL),(813,12,300,3,5,0,1,'2016-10-23 08:56:48',NULL),(814,13,300,3,6,0,1,'2016-10-23 08:56:54',NULL),(815,14,300,1,6,0,0,'2016-10-23 08:57:00',NULL),(816,15,300,1,6,0,1,'2016-10-23 08:57:06',NULL),(817,16,300,1,6,0,1,'2016-10-23 08:57:12',NULL),(818,18,300,3,4,0,0,'2016-10-23 08:57:17',NULL),(819,19,300,2,6,0,0,'2016-10-23 08:57:23',NULL),(820,20,300,3,7,0,0,'2016-10-23 08:57:30',NULL),(821,21,300,3,8,0,0,'2016-10-23 08:57:38',NULL),(822,22,300,1,5,0,1,'2016-10-23 08:57:44',NULL),(823,23,300,2,7,0,1,'2016-10-23 08:57:51',NULL),(824,24,300,3,4,0,0,'2016-10-23 08:57:55',NULL),(825,25,300,3,5,0,1,'2016-10-23 08:58:01',NULL),(826,26,300,3,4,0,0,'2016-10-23 08:58:05',NULL),(827,27,300,2,5,0,0,'2016-10-23 08:58:11',NULL),(828,28,300,3,6,0,0,'2016-10-23 08:58:17',NULL),(829,29,300,3,12,0,0,'2016-10-23 08:58:29',NULL),(830,30,300,3,7,0,0,'2016-10-23 08:58:36',NULL),(831,31,300,3,7,0,0,'2016-10-23 08:58:43',NULL),(832,17,302,1,8,0,0,'2016-10-23 21:37:51',NULL),(833,1,302,3,5,0,0,'2016-10-23 21:37:56',NULL),(834,2,302,3,3,0,0,'2016-10-23 21:37:59',NULL),(835,3,302,2,6,0,0,'2016-10-23 21:38:05',NULL),(836,4,302,3,2,0,0,'2016-10-23 21:38:07',NULL),(837,5,302,3,2,0,0,'2016-10-23 21:38:09',NULL),(838,6,302,1,3,0,0,'2016-10-23 21:38:12',NULL),(839,7,302,1,3,0,0,'2016-10-23 21:38:16',NULL),(840,8,302,2,7,0,1,'2016-10-23 21:38:23',NULL),(841,9,302,1,7,0,0,'2016-10-23 21:38:30',NULL),(842,10,302,1,8,0,1,'2016-10-23 21:38:38',NULL),(843,11,302,2,4,0,1,'2016-10-23 21:38:42',NULL),(844,12,302,1,2,0,0,'2016-10-23 21:38:45',NULL),(845,13,302,3,9,0,1,'2016-10-23 21:38:54',NULL),(846,14,302,1,5,0,0,'2016-10-23 21:38:59',NULL),(847,15,302,1,8,0,1,'2016-10-23 21:39:07',NULL),(848,16,302,1,8,0,1,'2016-10-23 21:39:15',NULL),(849,18,302,3,2,0,0,'2016-10-23 21:39:17',NULL),(850,19,302,3,3,0,0,'2016-10-23 21:39:20',NULL),(851,20,302,3,3,0,0,'2016-10-23 21:39:23',NULL),(852,21,302,3,3,0,0,'2016-10-23 21:39:26',NULL),(853,22,302,3,3,0,0,'2016-10-23 21:39:29',NULL),(854,23,302,1,9,0,0,'2016-10-23 21:39:38',NULL),(855,24,302,3,3,0,0,'2016-10-23 21:39:41',NULL),(856,25,302,1,42,0,0,'2016-10-23 21:40:23',NULL),(857,26,302,2,7,0,1,'2016-10-23 21:40:30',NULL),(858,27,302,1,4,0,0,'2016-10-23 21:40:34',NULL),(859,28,302,1,5,0,0,'2016-10-23 21:40:39',NULL),(860,29,302,3,5,0,0,'2016-10-23 21:40:44',NULL),(861,30,302,2,6,0,1,'2016-10-23 21:40:50',NULL),(862,31,302,3,4,0,0,'2016-10-23 21:40:54',NULL),(863,3,304,2,16,0,0,'2016-10-24 11:49:32',NULL),(864,1,304,3,2,0,0,'2016-10-24 11:49:34',NULL),(865,2,304,3,2,0,0,'2016-10-24 11:49:37',NULL),(866,4,304,3,3,0,0,'2016-10-24 11:49:40',NULL),(867,5,304,3,2,0,0,'2016-10-24 11:49:42',NULL),(868,6,304,1,3,0,0,'2016-10-24 11:49:45',NULL),(869,7,304,1,3,0,0,'2016-10-24 11:49:48',NULL),(870,8,304,2,3,0,1,'2016-10-24 11:49:51',NULL),(871,9,304,1,3,0,0,'2016-10-24 11:49:54',NULL),(872,10,304,3,12,0,0,'2016-10-24 11:50:09',NULL),(873,11,304,3,7,0,0,'2016-10-24 11:50:16',NULL),(874,21,291,3,8,0,0,'2016-10-24 11:52:26',NULL),(875,1,291,3,3,0,0,'2016-10-24 11:52:29',NULL),(876,2,291,3,11,0,0,'2016-10-24 11:52:40',NULL),(877,3,291,1,13,0,0,'2016-10-24 11:52:53',NULL),(878,4,291,2,6,0,0,'2016-10-24 11:52:59',NULL),(879,5,291,2,6,0,1,'2016-10-24 11:53:06',NULL),(880,6,291,1,3,0,0,'2016-10-24 11:53:09',NULL),(881,7,291,1,3,0,0,'2016-10-24 11:53:12',NULL),(882,8,291,2,2,0,1,'2016-10-24 11:53:14',NULL),(883,9,291,1,3,0,0,'2016-10-24 11:53:17',NULL),(884,10,291,3,4,0,0,'2016-10-24 11:53:21',NULL),(885,11,291,3,4,0,0,'2016-10-24 11:53:25',NULL),(886,12,291,1,3,0,0,'2016-10-24 11:53:28',NULL),(887,13,291,1,4,0,0,'2016-10-24 11:53:33',NULL),(888,14,291,1,6,0,0,'2016-10-24 11:53:39',NULL),(889,15,291,1,5,0,1,'2016-10-24 11:53:44',NULL),(890,16,291,1,4,0,1,'2016-10-24 11:53:48',NULL),(891,17,291,3,3,0,0,'2016-10-24 11:53:51',NULL),(892,18,291,3,9,0,0,'2016-10-24 11:54:00',NULL),(893,19,291,2,7,0,0,'2016-10-24 11:54:07',NULL),(894,20,291,3,2,0,0,'2016-10-24 11:54:10',NULL),(895,22,291,3,15,0,0,'2016-10-24 11:54:25',NULL),(896,23,291,1,22,0,0,'2016-10-24 11:54:47',NULL),(897,24,291,3,32,0,0,'2016-10-24 11:55:19',NULL),(898,25,291,1,11,0,0,'2016-10-24 11:55:30',NULL),(899,26,291,1,4,0,0,'2016-10-24 11:55:34',NULL),(900,27,291,1,4,0,0,'2016-10-24 11:55:38',NULL),(901,28,291,3,9,0,0,'2016-10-24 11:55:47',NULL),(902,29,291,3,10,0,0,'2016-10-24 11:55:57',NULL),(903,30,291,2,18,0,1,'2016-10-24 11:56:15',NULL),(904,31,291,3,6,0,0,'2016-10-24 11:56:21',NULL),(905,28,305,3,10,0,0,'2016-10-24 12:00:35',NULL),(906,1,305,2,2,0,0,'2016-10-24 12:00:38',NULL),(907,2,305,1,2,0,1,'2016-10-24 12:00:40',NULL),(908,3,305,3,2,0,1,'2016-10-24 12:00:42',NULL),(909,4,305,1,2,0,1,'2016-10-24 12:00:44',NULL),(910,5,305,2,1,0,1,'2016-10-24 12:00:45',NULL),(911,6,305,2,3,0,0,'2016-10-24 12:00:48',NULL),(912,7,305,2,2,0,0,'2016-10-24 12:00:50',NULL),(913,8,305,1,2,0,0,'2016-10-24 12:00:52',NULL),(914,9,305,3,3,0,1,'2016-10-24 12:00:55',NULL),(915,10,305,3,2,0,0,'2016-10-24 12:00:58',NULL),(916,11,305,1,2,0,0,'2016-10-24 12:01:00',NULL),(917,12,305,2,3,0,0,'2016-10-24 12:01:03',NULL),(918,13,305,1,1,0,0,'2016-10-24 12:01:04',NULL),(919,14,305,1,2,0,0,'2016-10-24 12:01:06',NULL),(920,15,305,1,3,0,1,'2016-10-24 12:01:09',NULL),(921,16,305,3,2,0,0,'2016-10-24 12:01:11',NULL),(922,17,305,1,2,0,0,'2016-10-24 12:01:13',NULL),(923,18,305,3,2,0,0,'2016-10-24 12:01:15',NULL),(924,19,305,3,8,0,0,'2016-10-24 12:01:23',NULL),(925,20,305,2,3,0,0,'2016-10-24 12:01:26',NULL),(926,21,305,3,2,0,0,'2016-10-24 12:01:28',NULL),(927,22,305,2,2,0,0,'2016-10-24 12:01:30',NULL),(928,23,305,1,3,0,0,'2016-10-24 12:01:33',NULL),(929,8,306,2,6,0,1,'2016-10-24 12:15:21',NULL),(930,1,306,3,5,0,0,'2016-10-24 12:15:27',NULL),(931,2,306,3,5,0,0,'2016-10-24 12:15:32',NULL),(932,3,306,1,47,0,0,'2016-10-24 12:16:19',NULL),(933,4,306,3,5,0,0,'2016-10-24 12:16:25',NULL),(934,5,306,3,5,0,0,'2016-10-24 12:16:31',NULL),(935,6,306,1,26,0,0,'2016-10-24 12:16:57',NULL),(936,7,306,1,7,0,0,'2016-10-24 12:17:04',NULL),(937,9,306,1,9,0,0,'2016-10-24 12:17:13',NULL),(938,10,306,1,9,0,1,'2016-10-24 12:17:22',NULL),(939,11,306,3,10,0,0,'2016-10-24 12:17:32',NULL),(940,12,306,1,46,0,0,'2016-10-24 12:18:18',NULL),(941,13,306,1,5,0,0,'2016-10-24 12:18:23',NULL),(942,14,306,1,8,0,0,'2016-10-24 12:18:32',NULL),(943,15,306,3,4,0,0,'2016-10-24 12:18:36',NULL),(944,16,306,1,10,0,1,'2016-10-24 12:18:46',NULL),(945,17,306,3,6,0,0,'2016-10-24 12:18:52',NULL),(946,18,306,3,6,0,0,'2016-10-24 12:18:58',NULL),(947,19,306,2,7,0,0,'2016-10-24 12:19:05',NULL),(948,20,306,3,8,0,0,'2016-10-24 12:19:13',NULL),(949,21,306,3,6,0,0,'2016-10-24 12:19:19',NULL),(950,22,306,3,4,0,0,'2016-10-24 12:19:24',NULL),(951,23,306,1,7,0,0,'2016-10-24 12:19:31',NULL),(952,24,306,3,5,0,0,'2016-10-24 12:19:36',NULL),(953,25,306,1,6,0,0,'2016-10-24 12:19:42',NULL),(954,26,306,2,7,0,1,'2016-10-24 12:19:49',NULL),(955,27,306,1,11,0,0,'2016-10-24 12:20:01',NULL),(956,28,306,2,7,0,1,'2016-10-24 12:20:08',NULL),(957,29,306,2,7,0,1,'2016-10-24 12:20:15',NULL),(958,30,306,2,9,0,1,'2016-10-24 12:20:24',NULL),(959,31,306,3,7,0,0,'2016-10-24 12:20:31',NULL),(960,13,307,1,9,0,0,'2016-10-24 20:41:01',NULL),(961,26,292,3,9,0,0,'2016-10-25 13:19:19',NULL),(962,1,292,3,3,0,0,'2016-10-25 13:19:22',NULL),(963,2,292,2,3,0,0,'2016-10-25 13:19:25',NULL),(964,3,292,3,5,0,1,'2016-10-25 13:19:30',NULL),(965,4,292,3,5,0,0,'2016-10-25 13:19:35',NULL),(966,5,292,2,4,0,1,'2016-10-25 13:19:39',NULL),(967,6,292,1,6,0,0,'2016-10-25 13:19:45',NULL),(968,7,292,2,4,0,0,'2016-10-25 13:19:49',NULL),(969,8,292,3,3,0,0,'2016-10-25 13:19:52',NULL),(970,9,292,1,8,0,0,'2016-10-25 13:20:00',NULL),(971,10,292,3,6,0,0,'2016-10-25 13:20:06',NULL),(972,11,292,2,4,0,1,'2016-10-25 13:20:10',NULL),(973,12,292,2,7,0,0,'2016-10-25 13:20:17',NULL),(974,13,292,1,6,0,0,'2016-10-25 13:20:23',NULL),(975,14,292,1,7,0,0,'2016-10-25 13:20:30',NULL),(976,15,292,2,5,0,0,'2016-10-25 13:20:36',NULL),(977,16,292,2,4,0,0,'2016-10-25 13:20:40',NULL),(978,17,292,3,4,0,0,'2016-10-25 13:20:44',NULL),(979,18,292,3,4,0,0,'2016-10-25 13:20:48',NULL),(980,19,292,2,4,0,0,'2016-10-25 13:20:52',NULL),(981,20,292,3,3,0,0,'2016-10-25 13:20:55',NULL),(982,21,292,3,3,0,0,'2016-10-25 13:20:58',NULL),(983,22,292,3,4,0,0,'2016-10-25 13:21:02',NULL),(984,23,292,2,6,0,1,'2016-10-25 13:21:08',NULL),(985,24,292,3,2,0,0,'2016-10-25 13:21:10',NULL),(986,25,292,3,3,0,1,'2016-10-25 13:21:14',NULL),(987,27,292,3,5,0,1,'2016-10-25 13:21:19',NULL),(988,28,292,1,7,0,0,'2016-10-25 13:21:26',NULL),(989,29,292,3,5,0,0,'2016-10-25 13:21:31',NULL),(990,30,292,2,5,0,1,'2016-10-25 13:21:36',NULL),(991,31,292,3,6,0,0,'2016-10-25 13:21:43',NULL),(992,5,309,2,3,0,1,'2016-10-25 14:09:52',NULL),(993,1,309,3,1,0,0,'2016-10-25 14:09:54',NULL),(994,2,309,3,2,0,0,'2016-10-25 14:09:57',NULL),(995,3,309,2,5,0,0,'2016-10-25 14:10:02',NULL),(996,4,309,3,2,0,0,'2016-10-25 14:10:04',NULL),(997,6,309,1,1,0,0,'2016-10-25 14:10:05',NULL),(998,7,309,1,3,0,0,'2016-10-25 14:10:09',NULL),(999,8,309,2,1,0,1,'2016-10-25 14:10:10',NULL),(1000,9,309,1,2,0,0,'2016-10-25 14:10:12',NULL),(1001,10,309,3,3,0,0,'2016-10-25 14:10:15',NULL),(1002,11,309,2,2,0,1,'2016-10-25 14:10:17',NULL),(1003,12,309,2,4,0,0,'2016-10-25 14:10:21',NULL),(1004,13,309,1,3,0,0,'2016-10-25 14:10:24',NULL),(1005,14,309,1,2,0,0,'2016-10-25 14:10:26',NULL),(1006,15,309,3,3,0,0,'2016-10-25 14:10:29',NULL),(1007,16,309,3,2,0,0,'2016-10-25 14:10:31',NULL),(1008,17,309,2,6,0,1,'2016-10-25 14:10:37',NULL),(1009,18,309,3,2,0,0,'2016-10-25 14:10:39',NULL),(1010,19,309,3,3,0,0,'2016-10-25 14:10:42',NULL),(1011,20,309,3,3,0,0,'2016-10-25 14:10:45',NULL),(1012,21,309,3,3,0,0,'2016-10-25 14:10:48',NULL),(1013,22,309,3,2,0,0,'2016-10-25 14:10:50',NULL),(1014,23,309,2,2,0,1,'2016-10-25 14:10:52',NULL),(1015,24,309,2,2,0,0,'2016-10-25 14:10:54',NULL),(1016,25,309,2,2,0,0,'2016-10-25 14:10:56',NULL),(1017,26,309,2,2,0,1,'2016-10-25 14:10:58',NULL),(1018,27,309,1,2,0,0,'2016-10-25 14:11:00',NULL),(1019,28,309,2,2,0,1,'2016-10-25 14:11:02',NULL),(1020,29,309,2,2,0,1,'2016-10-25 14:11:05',NULL),(1021,30,309,2,3,0,1,'2016-10-25 14:11:08',NULL),(1022,31,309,3,3,0,0,'2016-10-25 14:11:11',NULL),(1023,19,310,1,81,0,1,'2016-10-25 17:26:49',NULL),(1024,1,310,2,5,0,0,'2016-10-25 17:26:54',NULL),(1025,2,310,3,5,0,0,'2016-10-25 17:26:59',NULL),(1026,3,310,1,8,0,0,'2016-10-25 17:27:07',NULL),(1027,4,310,1,4,0,1,'2016-10-25 17:27:11',NULL),(1028,5,310,2,4,0,1,'2016-10-25 17:27:15',NULL),(1029,6,310,2,6,0,0,'2016-10-25 17:27:21',NULL),(1030,7,310,3,4,0,1,'2016-10-25 17:27:25',NULL),(1031,8,310,2,4,0,1,'2016-10-25 17:27:29',NULL),(1032,9,310,2,5,0,0,'2016-10-25 17:27:34',NULL),(1033,10,310,1,6,0,1,'2016-10-25 17:27:40',NULL),(1034,11,310,1,4,0,0,'2016-10-25 17:27:44',NULL),(1035,12,310,2,4,0,0,'2016-10-25 17:27:48',NULL),(1036,13,310,1,3,0,0,'2016-10-25 17:27:51',NULL),(1037,14,310,1,4,0,0,'2016-10-25 17:27:56',NULL),(1038,15,310,1,3,0,1,'2016-10-25 17:27:59',NULL),(1039,16,310,2,7,0,0,'2016-10-25 17:28:06',NULL),(1040,17,310,3,3,0,0,'2016-10-25 17:28:09',NULL),(1041,18,310,2,3,0,0,'2016-10-25 17:28:12',NULL),(1042,20,310,3,3,0,0,'2016-10-25 17:28:16',NULL),(1043,21,310,3,4,0,0,'2016-10-25 17:28:20',NULL),(1044,22,310,3,3,0,0,'2016-10-25 17:28:23',NULL),(1045,23,310,1,5,0,0,'2016-10-25 17:28:28',NULL),(1046,24,310,1,4,0,1,'2016-10-25 17:28:32',NULL),(1047,25,310,1,6,0,0,'2016-10-25 17:28:38',NULL),(1048,26,310,2,3,0,1,'2016-10-25 17:28:41',NULL),(1049,27,310,1,4,0,0,'2016-10-25 17:28:45',NULL),(1050,28,310,1,5,0,0,'2016-10-25 17:28:50',NULL),(1051,29,310,1,6,0,0,'2016-10-25 17:28:56',NULL),(1052,30,310,1,6,0,0,'2016-10-25 17:29:02',NULL),(1053,31,310,2,6,0,0,'2016-10-25 17:29:08',NULL),(1054,21,311,3,68,0,0,'2016-10-25 20:24:34',NULL),(1055,1,311,3,4,0,0,'2016-10-25 20:24:38',NULL),(1056,2,311,3,4,0,0,'2016-10-25 20:24:42',NULL),(1057,3,311,2,5,0,0,'2016-10-25 20:24:47',NULL),(1058,4,311,3,3,0,0,'2016-10-25 20:24:50',NULL),(1059,5,311,3,3,0,0,'2016-10-25 20:24:53',NULL),(1060,6,311,1,4,0,0,'2016-10-25 20:24:57',NULL),(1061,7,311,1,3,0,0,'2016-10-25 20:25:00',NULL),(1062,8,311,3,3,0,0,'2016-10-25 20:25:03',NULL),(1063,9,311,1,8,0,0,'2016-10-25 20:25:11',NULL),(1064,10,311,3,6,0,0,'2016-10-25 20:25:17',NULL),(1065,11,311,3,10,0,0,'2016-10-25 20:25:27',NULL),(1066,12,311,2,6,0,0,'2016-10-25 20:25:33',NULL),(1067,13,311,1,17,0,0,'2016-10-25 20:25:50',NULL),(1068,14,311,2,7,0,0,'2016-10-25 20:25:57',NULL),(1069,15,311,3,4,0,0,'2016-10-25 20:26:01',NULL),(1070,16,311,2,6,0,0,'2016-10-25 20:26:07',NULL),(1071,17,311,3,5,0,0,'2016-10-25 20:26:12',NULL),(1072,18,311,3,2,0,0,'2016-10-25 20:26:14',NULL),(1073,19,311,3,4,0,0,'2016-10-25 20:26:19',NULL),(1074,20,311,3,4,0,0,'2016-10-25 20:26:23',NULL),(1075,22,311,3,3,0,0,'2016-10-25 20:26:26',NULL),(1076,23,311,1,6,0,0,'2016-10-25 20:26:32',NULL),(1077,24,311,3,3,0,0,'2016-10-25 20:26:35',NULL),(1078,25,311,2,5,0,0,'2016-10-25 20:26:40',NULL),(1079,26,311,2,5,0,1,'2016-10-25 20:26:45',NULL),(1080,27,311,1,4,0,0,'2016-10-25 20:26:49',NULL),(1081,28,311,2,4,0,1,'2016-10-25 20:26:53',NULL),(1082,29,311,2,5,0,1,'2016-10-25 20:26:58',NULL),(1083,30,311,2,6,0,1,'2016-10-25 20:27:04',NULL),(1084,31,311,3,5,0,0,'2016-10-25 20:27:09',NULL),(1085,19,313,3,11,0,0,'2016-10-25 21:11:37',NULL),(1086,1,313,3,5,0,0,'2016-10-25 21:11:42',NULL),(1087,2,313,3,3,0,0,'2016-10-25 21:11:45',NULL),(1088,3,313,3,6,0,1,'2016-10-25 21:11:51',NULL),(1089,4,313,2,4,0,0,'2016-10-25 21:11:55',NULL),(1090,5,313,3,3,0,0,'2016-10-25 21:11:58',NULL),(1091,6,313,2,6,0,0,'2016-10-25 21:12:04',NULL),(1092,7,313,3,6,0,1,'2016-10-25 21:12:10',NULL),(1093,8,313,2,2,0,1,'2016-10-25 21:12:12',NULL),(1094,9,313,1,6,0,0,'2016-10-25 21:12:18',NULL),(1095,10,313,2,5,0,0,'2016-10-25 21:12:23',NULL),(1096,11,313,1,8,0,0,'2016-10-25 21:12:31',NULL),(1097,12,313,1,3,0,0,'2016-10-25 21:12:34',NULL),(1098,13,313,1,4,0,0,'2016-10-25 21:12:38',NULL),(1099,14,313,2,2,0,0,'2016-10-25 21:12:41',NULL),(1100,15,313,1,3,0,1,'2016-10-25 21:12:44',NULL),(1101,16,313,2,2,0,0,'2016-10-25 21:12:46',NULL),(1102,17,313,2,2,0,1,'2016-10-25 21:12:48',NULL),(1103,18,313,2,2,0,0,'2016-10-25 21:12:50',NULL),(1104,20,313,3,1,0,0,'2016-10-25 21:12:52',NULL),(1105,21,313,1,2,0,1,'2016-10-25 21:12:54',NULL),(1106,22,313,3,2,0,0,'2016-10-25 21:12:56',NULL),(1107,23,313,1,2,0,0,'2016-10-25 21:12:58',NULL),(1108,24,313,2,3,0,0,'2016-10-25 21:13:01',NULL),(1109,25,313,1,4,0,0,'2016-10-25 21:13:05',NULL),(1110,26,313,3,2,0,0,'2016-10-25 21:13:07',NULL),(1111,27,313,2,2,0,0,'2016-10-25 21:13:09',NULL),(1112,28,313,1,2,0,0,'2016-10-25 21:13:11',NULL),(1113,29,313,3,2,0,0,'2016-10-25 21:13:13',NULL),(1114,30,313,2,1,0,1,'2016-10-25 21:13:14',NULL),(1115,31,313,1,1,0,1,'2016-10-25 21:13:16',NULL),(1116,12,312,1,18,0,0,'2016-10-27 01:03:41',NULL),(1117,1,312,3,3,0,0,'2016-10-27 01:03:44',NULL),(1118,2,312,3,5,0,0,'2016-10-27 01:03:49',NULL),(1119,3,312,1,5,0,0,'2016-10-27 01:03:54',NULL),(1120,4,312,2,9,0,0,'2016-10-27 01:04:03',NULL),(1121,5,312,3,8,0,0,'2016-10-27 01:04:11',NULL),(1122,6,312,1,3,0,0,'2016-10-27 01:04:15',NULL),(1123,7,312,1,3,0,0,'2016-10-27 01:04:19',NULL),(1124,8,312,2,3,0,1,'2016-10-27 01:04:22',NULL),(1125,9,312,1,10,0,0,'2016-10-27 01:04:32',NULL),(1126,10,312,3,8,0,0,'2016-10-27 01:04:40',NULL),(1127,11,312,2,10,0,1,'2016-10-27 01:04:50',NULL),(1128,13,312,1,8,0,0,'2016-10-27 01:04:58',NULL),(1129,14,312,1,6,0,0,'2016-10-27 01:05:04',NULL),(1130,15,312,1,7,0,1,'2016-10-27 01:05:11',NULL),(1131,16,312,1,8,0,1,'2016-10-27 01:05:19',NULL),(1132,17,312,2,8,0,1,'2016-10-27 01:05:27',NULL),(1133,18,312,3,4,0,0,'2016-10-27 01:05:31',NULL),(1134,19,312,3,16,0,0,'2016-10-27 01:05:47',NULL),(1135,20,312,3,6,0,0,'2016-10-27 01:05:53',NULL),(1136,21,312,3,5,0,0,'2016-10-27 01:05:58',NULL),(1137,22,312,3,5,0,0,'2016-10-27 01:06:03',NULL),(1138,23,312,1,7,0,0,'2016-10-27 01:06:10',NULL),(1139,24,312,3,5,0,0,'2016-10-27 01:06:15',NULL),(1140,25,312,2,13,0,0,'2016-10-27 01:06:28',NULL),(1141,26,312,2,5,0,1,'2016-10-27 01:06:33',NULL),(1142,27,312,1,9,0,0,'2016-10-27 01:06:42',NULL),(1143,28,312,3,7,0,0,'2016-10-27 01:06:49',NULL),(1144,29,312,3,10,0,0,'2016-10-27 01:06:59',NULL),(1145,30,312,3,8,0,0,'2016-10-27 01:07:07',NULL),(1146,31,312,3,6,0,0,'2016-10-27 01:07:13',NULL),(1147,30,317,3,13,0,0,'2016-10-27 12:14:47',NULL),(1148,1,317,1,6,0,1,'2016-10-27 12:14:53',NULL),(1149,2,317,1,5,0,1,'2016-10-27 12:14:58',NULL),(1150,3,317,2,10,0,0,'2016-10-27 12:15:08',NULL),(1151,4,317,2,5,0,0,'2016-10-27 12:15:13',NULL),(1152,5,317,2,3,0,1,'2016-10-27 12:15:16',NULL),(1153,6,317,1,11,0,0,'2016-10-27 12:15:27',NULL),(1154,7,317,1,5,0,0,'2016-10-27 12:15:32',NULL),(1155,8,317,2,5,0,1,'2016-10-27 12:15:37',NULL),(1156,9,317,1,6,0,0,'2016-10-27 12:15:43',NULL),(1157,10,317,3,6,0,0,'2016-10-27 12:15:49',NULL),(1158,11,317,2,4,0,1,'2016-10-27 12:18:45',NULL),(1159,12,317,1,6,0,0,'2016-10-27 12:18:51',NULL),(1160,13,317,1,5,0,0,'2016-10-27 12:18:56',NULL),(1161,14,317,1,5,0,0,'2016-10-27 12:19:01',NULL),(1162,15,317,3,4,0,0,'2016-10-27 12:19:05',NULL),(1163,16,317,3,6,0,0,'2016-10-27 12:19:11',NULL),(1164,17,317,2,6,0,1,'2016-10-27 12:19:17',NULL),(1165,18,317,3,5,0,0,'2016-10-27 12:19:22',NULL),(1166,19,317,3,6,0,0,'2016-10-27 12:19:28',NULL),(1167,20,317,3,6,0,0,'2016-10-27 12:19:34',NULL),(1168,21,317,3,6,0,0,'2016-10-27 12:19:40',NULL),(1169,22,317,3,3,0,0,'2016-10-27 12:19:43',NULL),(1170,23,317,2,4,0,1,'2016-10-27 12:19:48',NULL),(1171,24,317,2,6,0,0,'2016-10-27 12:19:54',NULL),(1172,25,317,1,5,0,0,'2016-10-27 12:19:59',NULL),(1173,26,317,1,3,0,0,'2016-10-27 12:20:02',NULL),(1174,27,317,1,3,0,0,'2016-10-27 12:20:06',NULL),(1175,28,317,3,7,0,0,'2016-10-27 12:20:13',NULL),(1176,29,317,3,8,0,0,'2016-10-27 12:20:21',NULL),(1177,31,317,3,5,0,0,'2016-10-27 12:20:26',NULL),(1178,16,318,3,6,0,0,'2016-10-28 11:29:42',NULL),(1179,1,318,3,2,0,0,'2016-10-28 11:29:44',NULL),(1180,2,318,3,1,0,0,'2016-10-28 11:29:45',NULL),(1181,3,318,1,9,0,0,'2016-10-28 11:29:54',NULL),(1182,4,318,3,2,0,0,'2016-10-28 11:29:56',NULL),(1183,5,318,2,2,0,1,'2016-10-28 11:29:58',NULL),(1184,6,318,1,2,0,0,'2016-10-28 11:30:00',NULL),(1185,7,318,1,3,0,0,'2016-10-28 11:30:03',NULL),(1186,8,318,2,2,0,1,'2016-10-28 11:30:05',NULL),(1187,9,318,1,3,0,0,'2016-10-28 11:30:08',NULL),(1188,10,318,3,3,0,0,'2016-10-28 11:30:11',NULL),(1189,11,318,2,2,0,1,'2016-10-28 11:30:13',NULL),(1190,12,318,2,2,0,0,'2016-10-28 11:30:15',NULL),(1191,13,318,1,5,0,0,'2016-10-28 11:30:20',NULL),(1192,14,318,1,3,0,0,'2016-10-28 11:30:23',NULL),(1193,15,318,3,2,0,0,'2016-10-28 11:30:25',NULL),(1194,17,318,3,4,0,0,'2016-10-28 11:30:29',NULL),(1195,18,318,3,1,0,0,'2016-10-28 11:30:30',NULL),(1196,19,318,2,3,0,0,'2016-10-28 11:30:33',NULL),(1197,20,318,3,2,0,0,'2016-10-28 11:30:35',NULL),(1198,21,318,2,2,0,0,'2016-10-28 11:30:37',NULL),(1199,22,318,3,3,0,0,'2016-10-28 11:30:40',NULL),(1200,23,318,2,2,0,1,'2016-10-28 11:30:42',NULL),(1201,24,318,2,2,0,0,'2016-10-28 11:30:44',NULL),(1202,25,318,2,2,0,0,'2016-10-28 11:30:46',NULL),(1203,26,318,2,2,0,1,'2016-10-28 11:30:48',NULL),(1204,27,318,1,2,0,0,'2016-10-28 11:30:50',NULL),(1205,28,318,2,2,0,1,'2016-10-28 11:30:52',NULL),(1206,29,318,2,2,0,1,'2016-10-28 11:30:55',NULL),(1207,30,318,2,5,0,1,'2016-10-28 11:31:00',NULL),(1208,31,318,3,3,0,0,'2016-10-28 11:31:03',NULL),(1209,2,320,3,5,0,0,'2016-10-31 13:27:03',NULL),(1210,1,320,3,3,0,0,'2016-10-31 13:27:07',NULL),(1211,3,320,2,5,0,0,'2016-10-31 13:27:12',NULL),(1212,4,320,3,3,0,0,'2016-10-31 13:27:15',NULL),(1213,5,320,2,2,0,1,'2016-10-31 13:27:17',NULL),(1214,6,320,1,4,0,0,'2016-10-31 13:27:21',NULL),(1215,7,320,1,2,0,0,'2016-10-31 13:27:23',NULL),(1216,8,320,2,2,0,1,'2016-10-31 13:27:26',NULL),(1217,9,320,1,4,0,0,'2016-10-31 13:27:30',NULL),(1218,10,320,3,9,0,0,'2016-10-31 13:27:39',NULL),(1219,11,320,2,5,0,1,'2016-10-31 13:27:44',NULL),(1220,12,320,1,3,0,0,'2016-10-31 13:27:47',NULL),(1221,13,320,1,4,0,0,'2016-10-31 13:27:51',NULL),(1222,14,320,1,4,0,0,'2016-10-31 13:27:55',NULL),(1223,15,320,3,3,0,0,'2016-10-31 13:27:58',NULL),(1224,16,320,3,5,0,0,'2016-10-31 13:28:03',NULL),(1225,17,320,2,8,0,1,'2016-10-31 13:28:11',NULL),(1226,18,320,3,3,0,0,'2016-10-31 13:28:14',NULL),(1227,19,320,2,6,0,0,'2016-10-31 13:28:20',NULL),(1228,20,320,3,3,0,0,'2016-10-31 13:28:23',NULL),(1229,21,320,2,6,0,0,'2016-10-31 13:28:29',NULL),(1230,22,320,3,3,0,0,'2016-10-31 13:28:32',NULL),(1231,23,320,1,4,0,0,'2016-10-31 13:28:36',NULL),(1232,24,320,3,4,0,0,'2016-10-31 13:28:40',NULL),(1233,25,320,1,4,0,0,'2016-10-31 13:28:44',NULL),(1234,26,320,1,3,0,0,'2016-10-31 13:28:47',NULL),(1235,27,320,1,7,0,0,'2016-10-31 13:28:54',NULL),(1236,28,320,3,4,0,0,'2016-10-31 13:28:58',NULL),(1237,29,320,2,5,0,1,'2016-10-31 13:29:03',NULL),(1238,30,320,2,4,0,1,'2016-10-31 13:29:07',NULL),(1239,31,320,3,3,0,0,'2016-10-31 13:29:11',NULL),(1240,12,304,1,9,0,0,'2016-10-31 13:39:59',NULL),(1241,13,304,1,5,0,0,'2016-10-31 13:40:07',NULL),(1242,14,304,1,17,0,0,'2016-10-31 13:40:25',NULL),(1243,15,304,3,15,0,0,'2016-10-31 13:40:40',NULL),(1244,29,321,0,8,1,0,'2016-11-01 12:32:19',NULL),(1245,12,322,2,4,0,0,'2016-11-01 14:20:05',NULL),(1246,1,322,2,1,0,0,'2016-11-01 14:20:06',NULL),(1247,2,322,2,1,0,0,'2016-11-01 14:20:07',NULL),(1248,3,322,1,2,0,0,'2016-11-01 14:20:09',NULL),(1249,4,322,3,1,0,0,'2016-11-01 14:20:10',NULL),(1250,5,322,1,1,0,0,'2016-11-01 14:20:11',NULL),(1251,6,322,2,1,0,0,'2016-11-01 14:20:12',NULL),(1252,7,322,1,0,0,0,'2016-11-01 14:20:13',NULL),(1253,8,322,1,0,0,0,'2016-11-01 14:20:14',NULL),(1254,9,322,3,1,0,1,'2016-11-01 14:20:16',NULL),(1255,10,322,3,1,0,0,'2016-11-01 14:20:17',NULL),(1256,11,322,0,29,1,0,'2016-11-01 14:20:47',NULL),(1257,13,322,2,2,0,0,'2016-11-01 14:20:49',NULL),(1258,14,322,2,1,0,0,'2016-11-01 14:20:50',NULL),(1259,15,322,2,2,0,0,'2016-11-01 14:20:52',NULL),(1260,16,322,1,1,0,1,'2016-11-01 14:20:53',NULL),(1261,17,322,3,1,0,0,'2016-11-01 14:20:54',NULL),(1262,18,322,2,1,0,0,'2016-11-01 14:20:55',NULL),(1263,19,322,3,1,0,0,'2016-11-01 14:20:57',NULL),(1264,20,322,2,1,0,0,'2016-11-01 14:20:58',NULL),(1265,21,322,2,1,0,0,'2016-11-01 14:20:59',NULL),(1266,22,322,3,2,0,0,'2016-11-01 14:21:01',NULL),(1267,23,322,3,1,0,0,'2016-11-01 14:21:02',NULL),(1268,24,322,2,2,0,0,'2016-11-01 14:21:04',NULL),(1269,25,322,3,1,0,1,'2016-11-01 14:21:05',NULL),(1270,26,322,2,1,0,1,'2016-11-01 14:21:06',NULL),(1271,27,322,1,3,0,0,'2016-11-01 14:21:09',NULL),(1272,28,322,3,1,0,0,'2016-11-01 14:21:10',NULL),(1273,29,322,2,2,0,1,'2016-11-01 14:21:12',NULL),(1274,30,322,1,1,0,0,'2016-11-01 14:21:13',NULL),(1275,31,322,3,2,0,0,'2016-11-01 14:21:15',NULL),(1276,30,323,3,15,0,0,'2016-11-01 17:04:56',NULL),(1277,1,323,3,4,0,0,'2016-11-01 17:05:00',NULL),(1278,2,323,3,3,0,0,'2016-11-01 17:05:03',NULL),(1279,3,323,1,10,0,0,'2016-11-01 17:05:13',NULL),(1280,4,323,3,4,0,0,'2016-11-01 17:05:17',NULL),(1281,5,323,3,3,0,0,'2016-11-01 17:05:20',NULL),(1282,6,323,1,5,0,0,'2016-11-01 17:05:25',NULL),(1283,7,323,1,3,0,0,'2016-11-01 17:05:28',NULL),(1284,8,323,3,5,0,0,'2016-11-01 17:05:33',NULL),(1285,9,323,1,6,0,0,'2016-11-01 17:05:39',NULL),(1286,10,323,3,8,0,0,'2016-11-01 17:05:47',NULL),(1287,11,323,2,5,0,1,'2016-11-01 17:05:52',NULL),(1288,12,323,1,4,0,0,'2016-11-01 17:05:56',NULL),(1289,13,323,1,7,0,0,'2016-11-01 17:06:03',NULL),(1290,14,323,1,4,0,0,'2016-11-01 17:06:07',NULL),(1291,15,323,1,4,0,1,'2016-11-01 17:06:11',NULL),(1292,16,323,1,6,0,1,'2016-11-01 17:06:17',NULL),(1293,17,323,2,5,0,1,'2016-11-01 17:06:22',NULL),(1294,18,323,3,3,0,0,'2016-11-01 17:06:25',NULL),(1295,19,323,3,6,0,0,'2016-11-01 17:06:31',NULL),(1296,20,323,3,4,0,0,'2016-11-01 17:06:35',NULL),(1297,21,323,3,4,0,0,'2016-11-01 17:06:39',NULL),(1298,22,323,3,4,0,0,'2016-11-01 17:06:43',NULL),(1299,31,324,3,26,0,0,'2016-11-01 17:07:50',NULL),(1300,1,324,3,3,0,0,'2016-11-01 17:07:53',NULL),(1301,2,324,3,3,0,0,'2016-11-01 17:07:57',NULL),(1302,3,324,1,8,0,0,'2016-11-01 17:08:05',NULL),(1303,4,324,3,5,0,0,'2016-11-01 17:08:11',NULL),(1304,5,324,3,6,0,0,'2016-11-01 17:08:17',NULL),(1305,6,324,1,6,0,0,'2016-11-01 17:08:23',NULL),(1306,7,324,1,9,0,0,'2016-11-01 17:08:32',NULL),(1307,8,324,2,6,0,1,'2016-11-01 17:08:38',NULL),(1308,9,324,1,9,0,0,'2016-11-01 17:08:47',NULL),(1309,10,324,2,9,0,0,'2016-11-01 17:08:56',NULL),(1310,11,324,3,6,0,0,'2016-11-01 17:09:02',NULL),(1311,12,324,1,6,0,0,'2016-11-01 17:09:08',NULL),(1312,13,324,3,18,0,1,'2016-11-01 17:09:27',NULL),(1313,14,324,1,6,0,0,'2016-11-01 17:09:33',NULL),(1314,15,324,1,8,0,1,'2016-11-01 17:09:41',NULL),(1315,16,324,1,10,0,1,'2016-11-01 17:09:51',NULL),(1316,17,324,3,8,0,0,'2016-11-01 17:09:59',NULL),(1317,18,324,3,4,0,0,'2016-11-01 17:10:03',NULL),(1318,19,324,3,4,0,0,'2016-11-01 17:10:07',NULL),(1319,20,324,3,9,0,0,'2016-11-01 17:10:16',NULL),(1320,21,324,3,11,0,0,'2016-11-01 17:10:27',NULL),(1321,22,324,3,4,0,0,'2016-11-01 17:10:31',NULL),(1322,23,324,1,8,0,0,'2016-11-01 17:10:40',NULL),(1323,24,324,3,4,0,0,'2016-11-01 17:10:44',NULL),(1324,25,324,1,3,0,0,'2016-11-01 17:10:47',NULL),(1325,26,324,3,4,0,0,'2016-11-01 17:10:51',NULL),(1326,27,324,1,8,0,0,'2016-11-01 17:10:59',NULL),(1327,28,324,1,32,0,0,'2016-11-01 17:11:31',NULL),(1328,29,324,3,9,0,0,'2016-11-01 17:11:40',NULL),(1329,30,324,3,14,0,0,'2016-11-01 17:11:54',NULL);
/*!40000 ALTER TABLE `aw_sentiment_deliverables` ENABLE KEYS */;
UNLOCK TABLES;

--
-- Table structure for table `aw_sentiment_resources`
--

DROP TABLE IF EXISTS `aw_sentiment_resources`;
/*!40101 SET @saved_cs_client     = @@character_set_client */;
/*!40101 SET character_set_client = utf8 */;
CREATE TABLE `aw_sentiment_resources` (
  `resource_id` int(255) unsigned NOT NULL AUTO_INCREMENT,
  `sentence` text NOT NULL,
  `ground_truth` int(1) NOT NULL DEFAULT '0',
  `created` datetime DEFAULT '0000-00-00 00:00:00',
  `updated` datetime DEFAULT '0000-00-00 00:00:00',
  PRIMARY KEY (`resource_id`)
) ENGINE=InnoDB AUTO_INCREMENT=32 DEFAULT CHARSET=latin1 COMMENT='This table contains the sentences and the ground truths of the sentiment analysis tasks.';
/*!40101 SET character_set_client = @saved_cs_client */;

--
-- Dumping data for table `aw_sentiment_resources`
--

LOCK TABLES `aw_sentiment_resources` WRITE;
/*!40000 ALTER TABLE `aw_sentiment_resources` DISABLE KEYS */;
INSERT INTO `aw_sentiment_resources` VALUES (1,'The weather is great today!',1,'2016-07-04 14:00:44','2016-07-04 14:00:44'),(2,'The lecture was very informative.',1,'2016-07-04 14:00:44','2016-07-04 14:00:44'),(3,'My friends think the price is too expensive.',3,'2016-07-04 14:00:44','2016-07-04 14:00:44'),(4,'I am loving it so far.',1,'2016-07-04 14:00:44','2016-07-04 14:00:44'),(5,'I have just finished my work.',2,'2016-07-04 14:00:44','2016-07-04 14:00:44'),(6,'He has been useless to the team so far.',3,'2016-07-04 14:00:44','2016-07-04 14:00:44'),(7,'I hate it when she acts like that.',3,'2016-07-04 14:00:44','2016-07-04 14:00:44'),(8,'The keys are on the table.',2,'2016-07-04 14:00:44','2016-07-04 14:00:44'),(9,'My internet provider does a great job when it comes to stealing money from me',3,'2016-07-04 14:00:44','2016-07-04 14:00:44'),(10,'The only downside of this restaurant is that it charges me too little for its service.',1,'2016-07-04 14:00:44','2016-07-04 14:00:44'),(11,'Can you recommend a good tool I could use?',2,'2016-07-04 14:00:44','2016-07-04 14:00:44'),(12,'This browser uses a lot of memory',3,'2016-07-04 14:00:44','2016-07-04 14:00:44'),(13,'Absolutely adore it when my bus is late.',3,'2016-07-04 14:00:44','2016-07-04 14:00:44'),(14,'I am so pleased road construction woke me up with a bang.',3,'2016-07-04 14:00:44','2016-07-04 14:00:44'),(15,'The new album is so sick.',1,'2016-07-04 14:00:44','2016-07-04 14:00:44'),(16,'That was such a wicked performance by him on the field.',1,'2016-07-04 14:00:44','2016-07-04 14:00:44'),(17,'I am responsible for me, my acting and my life!',2,'2016-09-01 20:08:14','2016-09-01 20:08:14'),(18,'I am happy and thankful for every day of my life!',1,'2016-09-01 20:08:14','2016-09-01 20:08:14'),(19,'Every defeat has got two winnings!',1,'2016-09-01 20:08:14','2016-09-01 20:08:14'),(20,'I like me and I am loved!',1,'2016-09-01 20:08:14','2016-09-01 20:08:14'),(21,'Thanks to my parents, they did all that was possible.',1,'2016-09-01 20:08:14','2016-09-01 20:08:14'),(22,'I enjoy the dancing with all my heart!',1,'2016-09-01 20:08:14','2016-09-01 20:08:14'),(23,'It is not possible in this short span of time',2,'2016-09-01 20:09:54','2016-09-01 20:09:54'),(24,'I will try my best to complete this task by today',1,'2016-09-01 20:09:54','2016-09-01 20:09:54'),(25,'This is not my problem as it is not my job',3,'2016-09-01 20:09:54','2016-09-01 20:09:54'),(26,'This is all what I can do for now',2,'2016-09-01 20:09:54','2016-09-01 20:09:54'),(27,'I hate this company for that unfair they are doing to me',3,'2016-09-01 20:09:54','2016-09-01 20:09:54'),(28,'Well, I thought this would be a lot more challenging',2,'2016-09-01 20:11:21','2016-09-01 20:11:21'),(29,'Oh, no, of course, not. Everything was very clear',2,'2016-09-01 20:11:21','2016-09-01 20:11:21'),(30,'How about we just take a minute to talk about the price a little bit more?',2,'2016-09-01 20:11:21','2016-09-01 20:11:21'),(31,'I am impressed how easily we could find a common language.',1,'2016-09-01 20:11:21','2016-09-01 20:11:21');
/*!40000 ALTER TABLE `aw_sentiment_resources` ENABLE KEYS */;
UNLOCK TABLES;

--
-- Table structure for table `aw_visual_deliverables`
--

DROP TABLE IF EXISTS `aw_visual_deliverables`;
/*!40101 SET @saved_cs_client     = @@character_set_client */;
/*!40101 SET character_set_client = utf8 */;
CREATE TABLE `aw_visual_deliverables` (
  `deliverable_id` int(11) unsigned NOT NULL AUTO_INCREMENT,
  `resource_id` int(11) unsigned NOT NULL DEFAULT '0',
  `fk_user_id` int(11) unsigned NOT NULL DEFAULT '0',
  `answer` varchar(5) DEFAULT '0',
  `time_taken` int(11) unsigned NOT NULL DEFAULT '0',
  `skipped` int(1) unsigned NOT NULL DEFAULT '0',
  `is_correct` int(1) unsigned DEFAULT '0',
  `created` datetime DEFAULT NULL,
  `updated` datetime DEFAULT NULL,
  PRIMARY KEY (`deliverable_id`),
  KEY `FK_VISUAL_RESOURCE` (`resource_id`),
  KEY `FK_VISUAL_USERS` (`fk_user_id`),
  CONSTRAINT `FK_VISUAL_RESOURCE` FOREIGN KEY (`resource_id`) REFERENCES `aw_visual_resources` (`resource_id`),
  CONSTRAINT `FK_VISUAL_USERS` FOREIGN KEY (`fk_user_id`) REFERENCES `users` (`id`)
) ENGINE=InnoDB AUTO_INCREMENT=1189 DEFAULT CHARSET=latin1 COMMENT='This task contains the deliverables for the visual task (anywhere)';
/*!40101 SET character_set_client = @saved_cs_client */;

--
-- Dumping data for table `aw_visual_deliverables`
--

LOCK TABLES `aw_visual_deliverables` WRITE;
/*!40000 ALTER TABLE `aw_visual_deliverables` DISABLE KEYS */;
INSERT INTO `aw_visual_deliverables` VALUES (9,25,18,'',5,1,0,'2016-08-11 21:50:21',NULL),(10,7,18,'1',22,0,0,'2016-08-11 21:50:55',NULL),(11,1,18,'1',6,0,0,'2016-08-18 18:34:05',NULL),(12,2,18,'',0,1,0,'2016-08-21 00:54:09',NULL),(13,3,18,'1',9,0,0,'2016-08-21 00:54:27',NULL),(14,5,241,'1',53,0,0,'2016-08-22 16:19:34',NULL),(15,4,18,'',4,1,0,'2016-08-23 22:25:51',NULL),(18,5,18,'1',9,0,0,'2016-08-30 23:06:24',NULL),(19,6,18,'',7,1,0,'2016-08-30 23:07:48',NULL),(20,8,18,'1',20,0,1,'2016-08-30 23:08:08',NULL),(21,24,245,'1',9,0,0,'2016-09-25 11:36:56',NULL),(22,1,245,'1',5,0,1,'2016-09-25 11:37:01',NULL),(23,2,245,'1',4,0,1,'2016-09-25 11:37:05',NULL),(24,3,245,'1',3,0,1,'2016-09-25 11:37:08',NULL),(25,26,244,'1',10,0,0,'2016-09-25 11:39:49',NULL),(26,1,244,'1',5,0,1,'2016-09-25 11:39:54',NULL),(27,2,244,'1',4,0,1,'2016-09-25 11:39:59',NULL),(28,4,245,'1',30,0,1,'2016-09-25 12:02:24',NULL),(29,5,245,'1',47,0,1,'2016-09-25 12:03:11',NULL),(30,6,245,'1',3,0,0,'2016-09-25 12:03:14',NULL),(31,7,245,'1',3,0,0,'2016-09-25 12:03:17',NULL),(32,8,245,'1',10,0,1,'2016-09-25 12:03:27',NULL),(33,9,245,'1',71,0,0,'2016-09-25 12:04:38',NULL),(34,10,245,'1',12,0,0,'2016-09-25 12:04:50',NULL),(35,11,245,'1',6,0,0,'2016-09-25 12:04:56',NULL),(36,12,245,'1',4,0,1,'2016-09-25 12:05:00',NULL),(37,13,245,'1',41,0,0,'2016-09-25 12:05:41',NULL),(38,14,245,'1',6,0,0,'2016-09-25 12:05:47',NULL),(39,15,245,'1',4,0,0,'2016-09-25 12:05:51',NULL),(40,16,245,'',4,1,0,'2016-09-25 12:05:55',NULL),(41,17,245,'1',5,0,0,'2016-09-25 12:06:00',NULL),(42,18,245,'1',5,0,1,'2016-09-25 12:06:06',NULL),(43,19,245,'1',18,0,0,'2016-09-25 12:06:24',NULL),(44,20,245,'1',3,0,1,'2016-09-25 12:06:27',NULL),(45,9,18,'1',13,0,0,'2016-09-25 16:43:14',NULL),(46,10,18,'1',4,0,0,'2016-10-05 12:59:42',NULL),(47,11,18,'',27,1,0,'2016-10-05 13:00:11',NULL),(67,26,258,'2',0,0,1,'2016-10-07 18:12:31',NULL),(68,1,258,'1',0,0,1,'2016-10-07 18:12:48',NULL),(69,26,259,'2',0,0,1,'2016-10-07 18:13:50',NULL),(70,1,259,'1',0,0,1,'2016-10-07 18:14:05',NULL),(71,2,259,'1',0,0,1,'2016-10-07 18:14:47',NULL),(72,3,259,'1',0,0,1,'2016-10-07 18:14:54',NULL),(73,4,259,'1',0,0,1,'2016-10-07 18:15:03',NULL),(74,5,259,'2',0,0,0,'2016-10-07 18:15:07',NULL),(75,6,259,'2',0,0,1,'2016-10-07 18:15:12',NULL),(76,7,259,'2',0,0,1,'2016-10-07 18:15:18',NULL),(77,8,259,'1',0,0,1,'2016-10-07 18:15:22',NULL),(78,9,259,'2',0,0,1,'2016-10-07 18:15:25',NULL),(79,10,259,'1',0,0,0,'2016-10-07 18:15:28',NULL),(80,11,259,'2',0,0,1,'2016-10-07 18:15:31',NULL),(81,12,259,'1',0,0,1,'2016-10-07 18:15:35',NULL),(82,13,259,'2',0,0,1,'2016-10-07 18:15:38',NULL),(83,14,259,'1',0,0,0,'2016-10-07 18:15:46',NULL),(84,15,259,'2',0,0,1,'2016-10-07 18:15:52',NULL),(85,16,259,'1',0,0,1,'2016-10-07 18:15:56',NULL),(86,17,259,'2',0,0,1,'2016-10-07 18:16:02',NULL),(87,18,259,'1',0,0,1,'2016-10-07 18:16:09',NULL),(88,19,259,'2',0,0,1,'2016-10-07 18:16:16',NULL),(89,20,259,'1',0,0,1,'2016-10-07 18:16:19',NULL),(90,21,259,'2',0,0,1,'2016-10-07 18:16:25',NULL),(91,22,259,'2',0,0,1,'2016-10-07 18:16:32',NULL),(92,23,259,'2',0,0,0,'2016-10-07 18:16:39',NULL),(93,24,259,'2',0,0,1,'2016-10-07 18:16:44',NULL),(94,25,259,'2',0,0,1,'2016-10-07 18:16:50',NULL),(95,27,259,'1',0,0,0,'2016-10-07 18:16:56',NULL),(96,28,259,'2',0,0,1,'2016-10-07 18:17:03',NULL),(97,29,259,'1',0,0,0,'2016-10-07 18:17:10',NULL),(98,2,258,'2',0,0,0,'2016-10-07 18:19:35',NULL),(99,3,258,'1',0,0,1,'2016-10-07 18:19:52',NULL),(100,4,258,'1',0,0,1,'2016-10-07 18:20:04',NULL),(101,5,258,'2',0,0,0,'2016-10-07 18:20:25',NULL),(102,6,258,'2',0,0,1,'2016-10-07 18:20:34',NULL),(103,7,258,'2',0,0,1,'2016-10-07 18:20:44',NULL),(104,8,258,'1',0,0,1,'2016-10-07 18:20:54',NULL),(105,9,258,'2',0,0,1,'2016-10-07 18:21:04',NULL),(106,10,258,'1',0,0,0,'2016-10-07 18:21:27',NULL),(107,11,258,'2',0,0,1,'2016-10-07 18:21:35',NULL),(108,12,258,'1',0,0,1,'2016-10-07 18:21:50',NULL),(109,13,258,'2',0,0,1,'2016-10-07 18:21:57',NULL),(110,14,258,'2',0,0,1,'2016-10-07 18:22:11',NULL),(111,15,258,'2',0,0,1,'2016-10-07 18:22:23',NULL),(112,16,258,'1',0,0,1,'2016-10-07 18:22:46',NULL),(113,17,258,'1',0,0,0,'2016-10-07 18:22:55',NULL),(114,18,258,'2',0,0,0,'2016-10-07 18:23:17',NULL),(115,9,264,'2',0,0,1,'2016-10-12 14:26:06',NULL),(116,1,264,'1',0,0,1,'2016-10-12 14:26:16',NULL),(117,2,264,'1',0,0,1,'2016-10-12 14:26:24',NULL),(118,3,264,'1',0,0,1,'2016-10-12 14:26:38',NULL),(119,4,264,'1',0,0,1,'2016-10-12 14:26:46',NULL),(120,5,264,'2',0,0,0,'2016-10-12 14:26:51',NULL),(121,6,264,'1',0,0,0,'2016-10-12 14:26:56',NULL),(122,7,264,'2',0,0,1,'2016-10-12 14:27:05',NULL),(123,8,264,'1',0,0,1,'2016-10-12 14:27:32',NULL),(124,8,261,'1',0,0,1,'2016-10-12 14:31:14',NULL),(125,1,261,'2',0,0,0,'2016-10-12 14:31:24',NULL),(126,2,261,'2',0,0,0,'2016-10-12 14:31:31',NULL),(127,3,261,'1',0,0,1,'2016-10-12 14:31:36',NULL),(128,4,261,'1',0,0,1,'2016-10-12 14:31:41',NULL),(129,5,261,'1',0,0,1,'2016-10-12 14:31:52',NULL),(130,6,261,'2',0,0,1,'2016-10-12 14:31:59',NULL),(131,19,263,'2',0,0,1,'2016-10-12 14:40:03',NULL),(132,1,263,'1',0,0,1,'2016-10-12 14:40:10',NULL),(133,2,263,'1',0,0,1,'2016-10-12 14:40:15',NULL),(134,3,263,'2',0,0,0,'2016-10-12 14:40:20',NULL),(135,4,263,'1',0,0,1,'2016-10-12 14:40:24',NULL),(136,5,263,'2',0,0,0,'2016-10-12 14:40:28',NULL),(137,6,263,'2',0,0,1,'2016-10-12 14:40:31',NULL),(138,7,263,'2',0,0,1,'2016-10-12 14:40:36',NULL),(139,8,263,'1',0,0,1,'2016-10-12 14:40:40',NULL),(140,9,263,'2',0,0,1,'2016-10-12 14:40:43',NULL),(141,10,263,'2',0,0,1,'2016-10-12 14:40:47',NULL),(142,11,263,'2',0,0,1,'2016-10-12 14:40:50',NULL),(143,12,263,'1',0,0,1,'2016-10-12 14:40:54',NULL),(144,13,263,'2',0,0,1,'2016-10-12 14:40:58',NULL),(145,14,263,'2',0,0,1,'2016-10-12 14:41:01',NULL),(146,15,263,'2',0,0,1,'2016-10-12 14:41:04',NULL),(147,16,263,'1',0,0,1,'2016-10-12 14:41:07',NULL),(148,17,263,'2',0,0,1,'2016-10-12 14:41:12',NULL),(149,18,263,'2',0,0,0,'2016-10-12 14:41:17',NULL),(150,20,263,'1',0,0,1,'2016-10-12 14:41:59',NULL),(151,21,263,'2',0,0,1,'2016-10-12 14:42:03',NULL),(152,22,263,'2',0,0,1,'2016-10-12 14:42:06',NULL),(153,23,263,'2',0,0,0,'2016-10-12 14:42:09',NULL),(154,24,263,'2',0,0,1,'2016-10-12 14:42:15',NULL),(155,25,263,'2',0,0,1,'2016-10-12 14:42:18',NULL),(156,26,263,'2',0,0,1,'2016-10-12 14:42:22',NULL),(157,27,263,'2',0,0,1,'2016-10-12 14:42:26',NULL),(158,28,263,'2',0,0,1,'2016-10-12 14:42:30',NULL),(159,29,263,'2',0,0,1,'2016-10-12 14:42:33',NULL),(160,9,265,'2',0,0,1,'2016-10-12 14:48:26',NULL),(161,1,265,'2',0,0,0,'2016-10-12 14:49:32',NULL),(162,2,265,'1',0,0,1,'2016-10-12 14:49:46',NULL),(163,3,265,'1',0,0,1,'2016-10-12 14:49:59',NULL),(164,4,265,'1',0,0,1,'2016-10-12 14:50:14',NULL),(165,5,265,'2',0,0,0,'2016-10-12 14:50:36',NULL),(166,6,265,'2',0,0,1,'2016-10-12 14:50:48',NULL),(167,7,265,'2',0,0,1,'2016-10-12 14:51:47',NULL),(168,8,265,'1',0,0,1,'2016-10-12 14:51:59',NULL),(169,10,264,'2',0,0,1,'2016-10-12 14:53:22',NULL),(170,11,264,'2',0,0,1,'2016-10-12 14:53:26',NULL),(171,12,264,'1',0,0,1,'2016-10-12 14:53:32',NULL),(172,13,264,'2',0,0,1,'2016-10-12 14:53:36',NULL),(173,14,264,'2',0,0,1,'2016-10-12 14:53:42',NULL),(174,15,264,'2',0,0,1,'2016-10-12 14:53:45',NULL),(175,16,264,'2',0,0,0,'2016-10-12 14:53:51',NULL),(176,17,264,'2',0,0,1,'2016-10-12 14:54:07',NULL),(177,18,264,'2',0,0,0,'2016-10-12 14:54:12',NULL),(178,19,264,'1',0,0,0,'2016-10-12 14:54:20',NULL),(179,20,264,'1',0,0,1,'2016-10-12 14:54:28',NULL),(180,6,262,'2',0,0,1,'2016-10-12 14:56:48',NULL),(181,1,262,'2',0,0,0,'2016-10-12 14:56:55',NULL),(182,2,262,'2',0,0,0,'2016-10-12 14:57:00',NULL),(183,3,262,'2',0,0,0,'2016-10-12 14:57:04',NULL),(184,4,262,'2',0,0,0,'2016-10-12 14:57:09',NULL),(185,5,262,'2',0,0,0,'2016-10-12 14:57:13',NULL),(186,7,262,'2',0,0,1,'2016-10-12 14:57:16',NULL),(187,8,262,'2',0,0,0,'2016-10-12 14:57:20',NULL),(188,9,262,'2',0,0,1,'2016-10-12 14:57:24',NULL),(189,10,262,'2',0,0,1,'2016-10-12 14:57:27',NULL),(190,11,262,'2',0,0,1,'2016-10-12 14:57:31',NULL),(191,12,262,'2',0,0,0,'2016-10-12 14:57:35',NULL),(192,13,262,'2',0,0,1,'2016-10-12 14:57:39',NULL),(193,14,262,'2',0,0,1,'2016-10-12 14:57:43',NULL),(194,15,262,'2',0,0,1,'2016-10-12 14:57:46',NULL),(195,16,262,'2',0,0,0,'2016-10-12 14:57:49',NULL),(196,17,262,'2',0,0,1,'2016-10-12 14:57:52',NULL),(197,18,262,'2',0,0,0,'2016-10-12 14:57:58',NULL),(198,19,262,'2',0,0,1,'2016-10-12 14:58:03',NULL),(199,20,262,'1',0,0,1,'2016-10-12 14:58:09',NULL),(200,21,262,'2',0,0,1,'2016-10-12 14:58:21',NULL),(201,22,262,'2',0,0,1,'2016-10-12 14:58:27',NULL),(202,23,262,'2',0,0,0,'2016-10-12 14:58:41',NULL),(203,24,262,'1',0,0,0,'2016-10-12 14:58:58',NULL),(204,25,262,'2',0,0,1,'2016-10-12 14:59:06',NULL),(205,26,262,'2',0,0,1,'2016-10-12 14:59:14',NULL),(206,27,262,'1',0,0,0,'2016-10-12 14:59:26',NULL),(207,28,262,'2',0,0,1,'2016-10-12 14:59:47',NULL),(208,29,262,'1',0,0,0,'2016-10-12 15:00:23',NULL),(209,12,270,'1',0,0,1,'2016-10-12 18:01:47',NULL),(210,1,270,'2',0,0,0,'2016-10-12 18:01:58',NULL),(211,2,270,'2',0,0,0,'2016-10-12 18:02:07',NULL),(212,3,270,'1',0,0,1,'2016-10-12 18:03:18',NULL),(213,25,271,'2',0,0,1,'2016-10-12 18:23:53',NULL),(214,1,271,'2',0,0,0,'2016-10-12 18:24:01',NULL),(215,10,265,'2',0,0,1,'2016-10-12 18:59:58',NULL),(216,11,265,'2',0,0,1,'2016-10-12 19:00:10',NULL),(217,12,265,'1',0,0,1,'2016-10-12 19:00:24',NULL),(218,13,265,'2',0,0,1,'2016-10-12 19:00:37',NULL),(219,14,265,'2',0,0,1,'2016-10-12 19:00:46',NULL),(220,15,265,'2',0,0,1,'2016-10-12 19:00:55',NULL),(221,16,265,'1',0,0,1,'2016-10-12 19:01:07',NULL),(222,17,265,'2',0,0,1,'2016-10-12 19:01:19',NULL),(223,18,265,'2',0,0,0,'2016-10-12 19:01:37',NULL),(224,19,265,'1',0,0,0,'2016-10-12 19:01:52',NULL),(225,20,265,'2',0,0,0,'2016-10-12 19:02:26',NULL),(226,21,265,'1',0,0,0,'2016-10-12 19:02:34',NULL),(227,22,265,'2',0,0,1,'2016-10-12 19:02:40',NULL),(228,23,265,'2',0,0,0,'2016-10-12 19:02:48',NULL),(229,24,265,'2',0,0,1,'2016-10-12 19:02:59',NULL),(230,25,265,'2',0,0,1,'2016-10-12 19:03:04',NULL),(231,26,265,'2',0,0,1,'2016-10-12 19:03:12',NULL),(232,27,265,'2',0,0,1,'2016-10-12 19:03:21',NULL),(233,28,265,'2',0,0,1,'2016-10-12 19:03:28',NULL),(234,29,265,'1',0,0,0,'2016-10-12 19:03:36',NULL),(235,2,271,'2',0,0,0,'2016-10-12 19:35:49',NULL),(236,3,271,'1',0,0,1,'2016-10-12 19:36:01',NULL),(237,4,271,'1',0,0,1,'2016-10-12 19:36:09',NULL),(238,5,271,'2',0,0,0,'2016-10-12 19:36:19',NULL),(239,6,271,'2',0,0,1,'2016-10-12 19:36:29',NULL),(240,7,271,'2',0,0,1,'2016-10-12 19:36:36',NULL),(241,8,271,'1',0,0,1,'2016-10-12 19:36:45',NULL),(242,9,271,'2',0,0,1,'2016-10-12 19:36:53',NULL),(243,10,271,'2',0,0,1,'2016-10-12 19:37:04',NULL),(244,11,271,'2',0,0,1,'2016-10-12 19:37:10',NULL),(245,12,271,'1',0,0,1,'2016-10-12 19:37:18',NULL),(246,13,271,'2',0,0,1,'2016-10-12 19:37:27',NULL),(247,14,271,'2',0,0,1,'2016-10-12 19:37:34',NULL),(248,15,271,'2',0,0,1,'2016-10-12 19:37:39',NULL),(249,16,271,'1',0,0,1,'2016-10-12 19:37:46',NULL),(250,17,271,'2',0,0,1,'2016-10-12 19:37:56',NULL),(251,18,271,'2',0,0,0,'2016-10-12 19:38:05',NULL),(252,19,271,'2',0,0,1,'2016-10-12 19:38:12',NULL),(253,20,271,'1',0,0,1,'2016-10-12 19:38:19',NULL),(254,21,271,'1',0,0,0,'2016-10-12 19:38:27',NULL),(255,22,271,'2',0,0,1,'2016-10-12 19:38:34',NULL),(256,23,271,'2',0,0,0,'2016-10-12 19:38:41',NULL),(257,24,271,'2',0,0,1,'2016-10-12 19:38:48',NULL),(258,26,271,'2',0,0,1,'2016-10-12 19:38:54',NULL),(259,27,271,'2',0,0,1,'2016-10-12 19:39:02',NULL),(260,28,271,'2',0,0,1,'2016-10-12 19:39:08',NULL),(261,29,271,'1',0,0,0,'2016-10-12 19:39:16',NULL),(262,21,264,'2',0,0,1,'2016-10-13 09:38:35',NULL),(263,22,264,'2',0,0,1,'2016-10-13 09:38:43',NULL),(264,23,264,'2',0,0,0,'2016-10-13 09:38:51',NULL),(265,24,264,'1',0,0,0,'2016-10-13 09:38:57',NULL),(266,25,264,'1',0,0,0,'2016-10-13 09:39:02',NULL),(267,26,264,'2',0,0,1,'2016-10-13 09:39:11',NULL),(268,27,264,'1',0,0,0,'2016-10-13 09:39:20',NULL),(269,28,264,'2',0,0,1,'2016-10-13 09:39:28',NULL),(270,29,264,'1',0,0,0,'2016-10-13 09:39:37',NULL),(271,11,266,'2',0,0,1,'2016-10-13 13:02:02',NULL),(272,1,266,'2',0,0,0,'2016-10-13 13:02:13',NULL),(273,2,266,'2',0,0,0,'2016-10-13 13:02:20',NULL),(274,3,266,'1',0,0,1,'2016-10-13 13:02:27',NULL),(275,4,266,'1',0,0,1,'2016-10-13 13:02:35',NULL),(276,5,266,'1',0,0,1,'2016-10-13 13:02:46',NULL),(277,6,266,'2',0,0,1,'2016-10-13 13:02:51',NULL),(278,7,266,'2',0,0,1,'2016-10-13 13:02:56',NULL),(279,8,266,'1',0,0,1,'2016-10-13 13:03:02',NULL),(280,9,266,'2',0,0,1,'2016-10-13 13:03:07',NULL),(281,10,266,'2',0,0,1,'2016-10-13 13:03:11',NULL),(282,12,266,'1',0,0,1,'2016-10-13 13:03:16',NULL),(283,13,266,'2',0,0,1,'2016-10-13 13:03:21',NULL),(284,14,266,'2',0,0,1,'2016-10-13 13:03:25',NULL),(285,15,266,'2',0,0,1,'2016-10-13 13:03:30',NULL),(286,16,266,'1',0,0,1,'2016-10-13 13:03:38',NULL),(287,17,266,'2',0,0,1,'2016-10-13 13:03:46',NULL),(288,18,266,'2',0,0,0,'2016-10-13 13:03:57',NULL),(289,19,266,'2',0,0,1,'2016-10-13 13:04:07',NULL),(290,20,266,'2',0,0,0,'2016-10-13 13:04:13',NULL),(291,21,266,'1',0,0,0,'2016-10-13 13:04:22',NULL),(292,22,266,'2',0,0,1,'2016-10-13 13:04:27',NULL),(293,23,266,'1',0,0,1,'2016-10-13 13:04:34',NULL),(294,24,266,'1',0,0,0,'2016-10-13 13:04:41',NULL),(295,25,266,'2',0,0,1,'2016-10-13 13:04:52',NULL),(296,26,266,'2',0,0,1,'2016-10-13 13:04:57',NULL),(297,27,266,'1',0,0,0,'2016-10-13 13:05:03',NULL),(298,28,266,'1',0,0,0,'2016-10-13 13:05:09',NULL),(299,29,266,'1',0,0,0,'2016-10-13 13:05:17',NULL),(300,19,273,'2',0,0,1,'2016-10-16 14:22:19',NULL),(301,1,273,'2',0,0,0,'2016-10-16 14:22:25',NULL),(302,2,273,'1',0,0,1,'2016-10-16 14:22:28',NULL),(303,3,273,'1',0,0,1,'2016-10-16 14:22:32',NULL),(304,4,273,'1',0,0,1,'2016-10-16 14:22:35',NULL),(305,5,273,'2',0,0,0,'2016-10-16 14:22:39',NULL),(306,6,273,'2',0,0,1,'2016-10-16 14:22:43',NULL),(307,7,273,'2',0,0,1,'2016-10-16 14:22:48',NULL),(308,8,273,'1',0,0,1,'2016-10-16 14:22:51',NULL),(309,9,273,'2',0,0,1,'2016-10-16 14:22:56',NULL),(310,10,273,'2',0,0,1,'2016-10-16 14:23:00',NULL),(311,11,273,'2',0,0,1,'2016-10-16 14:23:04',NULL),(312,12,273,'1',0,0,1,'2016-10-16 14:23:10',NULL),(313,13,273,'2',0,0,1,'2016-10-16 14:23:15',NULL),(314,14,273,'2',0,0,1,'2016-10-16 14:23:21',NULL),(315,15,273,'2',0,0,1,'2016-10-16 14:23:27',NULL),(316,16,273,'1',0,0,1,'2016-10-16 14:23:30',NULL),(317,17,273,'2',0,0,1,'2016-10-16 14:23:35',NULL),(318,18,273,'1',0,0,1,'2016-10-16 14:23:40',NULL),(319,20,273,'1',0,0,1,'2016-10-16 14:23:44',NULL),(320,21,273,'2',0,0,1,'2016-10-16 14:23:49',NULL),(321,22,273,'2',0,0,1,'2016-10-16 14:23:53',NULL),(322,23,273,'2',0,0,0,'2016-10-16 14:23:57',NULL),(323,24,273,'1',0,0,0,'2016-10-16 14:24:00',NULL),(324,25,273,'2',0,0,1,'2016-10-16 14:24:03',NULL),(325,26,273,'2',0,0,1,'2016-10-16 14:24:06',NULL),(326,27,273,'1',0,0,0,'2016-10-16 14:24:11',NULL),(327,28,273,'2',0,0,1,'2016-10-16 14:24:17',NULL),(328,29,273,'1',0,0,0,'2016-10-16 14:24:21',NULL),(329,27,272,'2',0,0,1,'2016-10-16 17:38:29',NULL),(330,1,272,'2',0,0,0,'2016-10-16 17:38:45',NULL),(331,2,272,'1',0,0,1,'2016-10-16 17:39:00',NULL),(332,3,272,'1',0,0,1,'2016-10-16 17:39:07',NULL),(333,4,272,'1',0,0,1,'2016-10-16 17:39:17',NULL),(334,5,272,'1',0,0,1,'2016-10-16 17:39:38',NULL),(335,6,272,'2',0,0,1,'2016-10-16 17:39:44',NULL),(336,7,272,'2',0,0,1,'2016-10-16 17:39:52',NULL),(337,8,272,'1',0,0,1,'2016-10-16 17:44:01',NULL),(338,9,272,'2',0,0,1,'2016-10-16 17:44:07',NULL),(339,10,272,'2',0,0,1,'2016-10-16 17:46:32',NULL),(340,11,272,'2',0,0,1,'2016-10-16 17:46:46',NULL),(341,12,272,'1',0,0,1,'2016-10-16 17:47:19',NULL),(342,13,272,'2',0,0,1,'2016-10-16 17:47:29',NULL),(343,14,272,'1',0,0,0,'2016-10-16 17:47:41',NULL),(344,15,272,'2',0,0,1,'2016-10-16 17:47:54',NULL),(345,16,272,'2',0,0,0,'2016-10-16 17:48:00',NULL),(346,17,272,'1',0,0,0,'2016-10-16 17:48:11',NULL),(347,18,272,'2',0,0,0,'2016-10-16 17:48:18',NULL),(348,19,272,'2',0,0,1,'2016-10-16 17:48:30',NULL),(349,20,272,'1',0,0,1,'2016-10-16 17:48:39',NULL),(350,21,272,'2',0,0,1,'2016-10-16 17:48:49',NULL),(351,22,272,'2',0,0,1,'2016-10-16 17:48:56',NULL),(352,23,272,'2',0,0,0,'2016-10-16 17:49:06',NULL),(353,24,272,'2',0,0,1,'2016-10-16 17:49:52',NULL),(354,25,272,'2',0,0,1,'2016-10-16 17:50:00',NULL),(355,26,272,'2',0,0,1,'2016-10-16 17:50:09',NULL),(356,28,272,'2',0,0,1,'2016-10-16 17:50:19',NULL),(357,29,272,'1',0,0,0,'2016-10-16 17:50:33',NULL),(358,3,275,'1',0,0,1,'2016-10-17 13:24:35',NULL),(359,1,275,'2',0,0,0,'2016-10-17 13:24:41',NULL),(360,2,275,'1',0,0,1,'2016-10-17 13:32:21',NULL),(361,4,275,'1',0,0,1,'2016-10-17 13:32:27',NULL),(362,5,275,'2',0,0,0,'2016-10-17 13:32:35',NULL),(363,6,275,'2',0,0,1,'2016-10-17 13:32:39',NULL),(364,7,275,'2',0,0,1,'2016-10-17 13:32:44',NULL),(365,8,275,'1',0,0,1,'2016-10-17 13:32:48',NULL),(366,9,275,'2',0,0,1,'2016-10-17 13:32:52',NULL),(367,10,275,'2',0,0,1,'2016-10-17 13:32:56',NULL),(368,11,275,'2',0,0,1,'2016-10-17 13:33:00',NULL),(369,12,275,'1',0,0,1,'2016-10-17 13:33:05',NULL),(370,13,275,'2',0,0,1,'2016-10-17 13:33:10',NULL),(371,14,275,'2',0,0,1,'2016-10-17 13:33:15',NULL),(372,15,275,'2',0,0,1,'2016-10-17 13:33:19',NULL),(373,16,275,'1',0,0,1,'2016-10-17 13:33:26',NULL),(374,17,275,'2',0,0,1,'2016-10-17 13:33:33',NULL),(375,18,275,'2',0,0,0,'2016-10-17 13:33:37',NULL),(376,19,275,'2',0,0,1,'2016-10-17 13:33:43',NULL),(377,20,275,'1',0,0,1,'2016-10-17 13:33:49',NULL),(378,21,275,'1',0,0,0,'2016-10-17 13:33:57',NULL),(379,22,275,'2',0,0,1,'2016-10-17 13:34:03',NULL),(380,23,275,'2',0,0,0,'2016-10-17 13:34:09',NULL),(381,24,275,'1',0,0,0,'2016-10-17 13:34:15',NULL),(382,25,275,'2',0,0,1,'2016-10-17 13:34:19',NULL),(383,26,275,'2',0,0,1,'2016-10-17 13:34:24',NULL),(384,27,275,'1',0,0,0,'2016-10-17 13:34:30',NULL),(385,28,275,'2',0,0,1,'2016-10-17 13:34:36',NULL),(386,29,275,'1',0,0,0,'2016-10-17 13:34:43',NULL),(387,11,276,'2',0,0,1,'2016-10-17 14:14:09',NULL),(388,1,276,'2',0,0,0,'2016-10-17 14:14:17',NULL),(389,2,276,'2',0,0,0,'2016-10-17 14:14:24',NULL),(390,3,276,'1',0,0,1,'2016-10-17 14:14:29',NULL),(391,4,276,'1',0,0,1,'2016-10-17 14:14:36',NULL),(392,5,276,'2',0,0,0,'2016-10-17 14:14:41',NULL),(393,6,276,'2',0,0,1,'2016-10-17 14:14:45',NULL),(394,7,276,'2',0,0,1,'2016-10-17 14:14:49',NULL),(395,8,276,'1',0,0,1,'2016-10-17 14:14:54',NULL),(396,9,276,'2',0,0,1,'2016-10-17 14:14:58',NULL),(397,10,276,'2',0,0,1,'2016-10-17 14:15:03',NULL),(398,12,276,'1',0,0,1,'2016-10-17 14:15:08',NULL),(399,13,276,'2',0,0,1,'2016-10-17 14:15:12',NULL),(400,14,276,'2',0,0,1,'2016-10-17 14:15:16',NULL),(401,15,276,'2',0,0,1,'2016-10-17 14:15:20',NULL),(402,16,276,'2',0,0,0,'2016-10-17 14:15:29',NULL),(403,17,276,'2',0,0,1,'2016-10-17 14:15:42',NULL),(404,18,276,'2',0,0,0,'2016-10-17 14:15:48',NULL),(405,19,276,'2',0,0,1,'2016-10-17 14:15:56',NULL),(406,20,276,'1',0,0,1,'2016-10-17 14:16:02',NULL),(407,21,276,'2',0,0,1,'2016-10-17 14:16:12',NULL),(408,22,276,'2',0,0,1,'2016-10-17 14:16:18',NULL),(409,23,276,'2',0,0,0,'2016-10-17 14:16:23',NULL),(410,24,276,'1',0,0,0,'2016-10-17 14:16:27',NULL),(411,25,276,'2',0,0,1,'2016-10-17 14:16:30',NULL),(412,26,276,'2',0,0,1,'2016-10-17 14:16:34',NULL),(413,27,276,'1',0,0,0,'2016-10-17 14:16:38',NULL),(414,28,276,'1',0,0,0,'2016-10-17 14:16:43',NULL),(415,29,276,'1',0,0,0,'2016-10-17 14:16:48',NULL),(416,15,281,'2',0,0,1,'2016-10-18 12:47:36',NULL),(417,1,281,'2',0,0,0,'2016-10-18 12:47:40',NULL),(418,2,281,'1',0,0,1,'2016-10-18 12:47:46',NULL),(419,3,281,'1',0,0,1,'2016-10-18 12:47:52',NULL),(420,4,281,'1',0,0,1,'2016-10-18 12:47:56',NULL),(421,5,281,'2',0,0,0,'2016-10-18 12:48:00',NULL),(422,6,281,'2',0,0,1,'2016-10-18 12:48:03',NULL),(423,7,281,'1',0,0,0,'2016-10-18 12:48:07',NULL),(424,8,281,'1',0,0,1,'2016-10-18 12:49:38',NULL),(425,9,281,'2',0,0,1,'2016-10-18 12:49:41',NULL),(426,10,281,'2',0,0,1,'2016-10-18 12:49:47',NULL),(427,11,281,'2',0,0,1,'2016-10-18 12:50:07',NULL),(428,12,281,'1',0,0,1,'2016-10-18 12:50:14',NULL),(429,13,281,'2',0,0,1,'2016-10-18 12:50:20',NULL),(430,14,281,'2',0,0,1,'2016-10-18 13:21:35',NULL),(431,16,281,'1',0,0,1,'2016-10-18 13:21:40',NULL),(432,17,281,'2',0,0,1,'2016-10-18 13:21:56',NULL),(433,18,281,'2',0,0,0,'2016-10-18 13:22:07',NULL),(434,19,281,'2',0,0,1,'2016-10-18 13:22:15',NULL),(435,20,281,'2',0,0,0,'2016-10-18 13:22:48',NULL),(436,21,281,'2',0,0,1,'2016-10-18 13:22:55',NULL),(437,22,281,'2',0,0,1,'2016-10-18 13:22:59',NULL),(438,23,281,'2',0,0,0,'2016-10-18 13:23:01',NULL),(439,24,281,'2',0,0,1,'2016-10-18 13:23:04',NULL),(440,25,281,'2',0,0,1,'2016-10-18 13:23:07',NULL),(441,26,281,'2',0,0,1,'2016-10-18 13:23:10',NULL),(442,27,281,'2',0,0,1,'2016-10-18 13:23:13',NULL),(443,2,280,'2',0,0,0,'2016-10-18 13:41:29',NULL),(444,1,280,'2',0,0,0,'2016-10-18 13:41:36',NULL),(445,3,280,'1',0,0,1,'2016-10-18 13:41:45',NULL),(446,4,280,'1',0,0,1,'2016-10-18 13:41:50',NULL),(447,5,280,'2',0,0,0,'2016-10-18 13:41:56',NULL),(448,6,280,'2',0,0,1,'2016-10-18 13:42:00',NULL),(449,7,280,'2',0,0,1,'2016-10-18 13:42:05',NULL),(450,8,280,'1',0,0,1,'2016-10-18 13:42:09',NULL),(451,9,280,'2',0,0,1,'2016-10-18 13:42:13',NULL),(452,10,280,'2',0,0,1,'2016-10-18 13:42:18',NULL),(453,11,280,'2',0,0,1,'2016-10-18 13:42:24',NULL),(454,12,280,'1',0,0,1,'2016-10-18 13:42:31',NULL),(455,13,280,'2',0,0,1,'2016-10-18 13:42:35',NULL),(456,14,280,'2',0,0,1,'2016-10-18 13:42:46',NULL),(457,15,280,'2',0,0,1,'2016-10-18 13:42:50',NULL),(458,16,280,'1',0,0,1,'2016-10-18 13:42:58',NULL),(459,17,280,'2',0,0,1,'2016-10-18 13:43:03',NULL),(460,18,280,'2',0,0,0,'2016-10-18 13:43:09',NULL),(461,19,280,'2',0,0,1,'2016-10-18 13:43:16',NULL),(462,20,280,'1',0,0,1,'2016-10-18 13:43:23',NULL),(463,21,280,'1',0,0,0,'2016-10-18 13:43:30',NULL),(464,22,280,'2',0,0,1,'2016-10-18 13:43:34',NULL),(465,23,280,'2',0,0,0,'2016-10-18 13:43:38',NULL),(466,24,280,'2',0,0,1,'2016-10-18 13:43:41',NULL),(467,25,280,'2',0,0,1,'2016-10-18 13:43:44',NULL),(468,26,280,'2',0,0,1,'2016-10-18 13:43:50',NULL),(469,27,280,'2',0,0,1,'2016-10-18 13:43:54',NULL),(470,28,280,'2',0,0,1,'2016-10-18 13:43:59',NULL),(471,29,280,'1',0,0,0,'2016-10-18 13:44:05',NULL),(472,28,281,'2',0,0,1,'2016-10-18 13:50:45',NULL),(473,29,281,'1',0,0,0,'2016-10-18 13:50:49',NULL),(474,14,279,'2',0,0,1,'2016-10-18 14:03:05',NULL),(475,1,279,'2',0,0,0,'2016-10-18 14:03:11',NULL),(476,2,279,'2',0,0,0,'2016-10-18 14:03:15',NULL),(477,3,279,'1',0,0,1,'2016-10-18 14:03:18',NULL),(478,4,279,'1',0,0,1,'2016-10-18 14:03:21',NULL),(479,5,279,'1',0,0,1,'2016-10-18 14:03:26',NULL),(480,6,279,'2',0,0,1,'2016-10-18 14:03:32',NULL),(481,7,279,'2',0,0,1,'2016-10-18 14:03:37',NULL),(482,8,279,'1',0,0,1,'2016-10-18 14:03:40',NULL),(483,9,279,'2',0,0,1,'2016-10-18 14:03:43',NULL),(484,10,279,'2',0,0,1,'2016-10-18 14:03:55',NULL),(485,11,279,'1',0,0,0,'2016-10-18 14:04:04',NULL),(486,12,279,'1',0,0,1,'2016-10-18 14:04:08',NULL),(487,13,279,'2',0,0,1,'2016-10-18 14:04:11',NULL),(488,15,279,'2',0,0,1,'2016-10-18 14:04:16',NULL),(489,16,279,'1',0,0,1,'2016-10-18 14:04:20',NULL),(490,17,279,'2',0,0,1,'2016-10-18 14:04:27',NULL),(491,18,279,'2',0,0,0,'2016-10-18 14:04:31',NULL),(492,19,279,'2',0,0,1,'2016-10-18 14:04:40',NULL),(493,20,279,'1',0,0,1,'2016-10-18 14:04:44',NULL),(494,21,279,'2',0,0,1,'2016-10-18 14:04:55',NULL),(495,22,279,'2',0,0,1,'2016-10-18 14:04:57',NULL),(496,23,279,'2',0,0,0,'2016-10-18 14:05:04',NULL),(497,24,279,'2',0,0,1,'2016-10-18 14:05:08',NULL),(498,25,279,'2',0,0,1,'2016-10-18 14:05:11',NULL),(499,26,279,'2',0,0,1,'2016-10-18 14:05:16',NULL),(500,27,279,'2',0,0,1,'2016-10-18 14:05:21',NULL),(501,28,279,'2',0,0,1,'2016-10-18 14:05:24',NULL),(502,29,279,'1',0,0,0,'2016-10-18 14:05:33',NULL),(503,12,286,'2',0,0,0,'2016-10-19 12:37:32',NULL),(504,1,286,'1',0,0,1,'2016-10-19 12:37:59',NULL),(505,2,286,'2',0,0,0,'2016-10-19 12:38:13',NULL),(506,3,286,'2',0,0,0,'2016-10-19 12:38:28',NULL),(507,4,286,'1',0,0,1,'2016-10-19 12:39:02',NULL),(508,5,286,'2',0,0,0,'2016-10-19 12:39:11',NULL),(509,6,286,'2',0,0,1,'2016-10-19 12:39:36',NULL),(510,7,286,'2',0,0,1,'2016-10-19 12:39:47',NULL),(511,8,286,'1',0,0,1,'2016-10-19 12:39:56',NULL),(512,9,286,'2',0,0,1,'2016-10-19 12:40:07',NULL),(513,10,286,'1',0,0,0,'2016-10-19 12:40:18',NULL),(514,11,286,'2',0,0,1,'2016-10-19 12:40:29',NULL),(515,13,286,'2',0,0,1,'2016-10-19 12:40:35',NULL),(516,14,286,'2',0,0,1,'2016-10-19 12:40:41',NULL),(517,15,286,'2',0,0,1,'2016-10-19 12:40:48',NULL),(518,16,286,'1',0,0,1,'2016-10-19 12:40:52',NULL),(519,17,286,'2',0,0,1,'2016-10-19 12:41:06',NULL),(520,18,286,'1',0,0,1,'2016-10-19 12:41:13',NULL),(521,19,286,'1',0,0,0,'2016-10-19 12:41:21',NULL),(522,20,286,'1',0,0,1,'2016-10-19 12:41:33',NULL),(523,21,286,'1',0,0,0,'2016-10-19 12:41:42',NULL),(524,22,286,'2',0,0,1,'2016-10-19 12:41:52',NULL),(525,23,286,'2',0,0,0,'2016-10-19 12:42:02',NULL),(526,24,286,'2',0,0,1,'2016-10-19 12:42:06',NULL),(527,25,286,'1',0,0,0,'2016-10-19 12:42:10',NULL),(528,26,286,'1',0,0,0,'2016-10-19 12:42:24',NULL),(529,27,286,'1',0,0,0,'2016-10-19 12:42:29',NULL),(530,16,285,'2',0,0,0,'2016-10-19 13:02:11',NULL),(531,1,285,'1',0,0,1,'2016-10-19 13:02:26',NULL),(532,2,285,'1',0,0,1,'2016-10-19 13:02:29',NULL),(533,3,285,'1',0,0,1,'2016-10-19 13:02:36',NULL),(534,4,285,'1',0,0,1,'2016-10-19 13:02:42',NULL),(535,5,285,'2',0,0,0,'2016-10-19 13:02:47',NULL),(536,6,285,'2',0,0,1,'2016-10-19 13:02:50',NULL),(537,7,285,'2',0,0,1,'2016-10-19 13:03:32',NULL),(538,8,285,'1',0,0,1,'2016-10-19 13:03:37',NULL),(539,9,285,'2',0,0,1,'2016-10-19 13:03:40',NULL),(540,10,285,'2',0,0,1,'2016-10-19 13:03:44',NULL),(541,11,285,'2',0,0,1,'2016-10-19 13:03:47',NULL),(542,12,285,'1',0,0,1,'2016-10-19 13:03:51',NULL),(543,13,285,'2',0,0,1,'2016-10-19 13:03:54',NULL),(544,14,285,'2',0,0,1,'2016-10-19 13:03:58',NULL),(545,15,285,'2',0,0,1,'2016-10-19 13:04:02',NULL),(546,17,285,'2',0,0,1,'2016-10-19 13:04:09',NULL),(547,18,285,'2',0,0,0,'2016-10-19 13:04:15',NULL),(548,19,285,'2',0,0,1,'2016-10-19 13:04:20',NULL),(549,20,285,'1',0,0,1,'2016-10-19 13:04:23',NULL),(550,21,285,'2',0,0,1,'2016-10-19 13:04:30',NULL),(551,22,285,'2',0,0,1,'2016-10-19 13:04:34',NULL),(552,23,285,'2',0,0,0,'2016-10-19 13:04:38',NULL),(553,24,285,'2',0,0,1,'2016-10-19 13:04:45',NULL),(554,25,285,'2',0,0,1,'2016-10-19 13:04:48',NULL),(555,26,285,'2',0,0,1,'2016-10-19 13:04:53',NULL),(556,27,285,'2',0,0,1,'2016-10-19 13:04:59',NULL),(557,28,285,'2',0,0,1,'2016-10-19 13:05:02',NULL),(558,29,285,'2',0,0,1,'2016-10-19 13:05:06',NULL),(559,28,289,'1',0,0,0,'2016-10-20 11:01:30',NULL),(560,1,289,'2',0,0,0,'2016-10-20 11:01:45',NULL),(561,2,289,'2',0,0,0,'2016-10-20 11:02:02',NULL),(562,3,289,'1',0,0,1,'2016-10-20 11:02:25',NULL),(563,4,289,'1',0,0,1,'2016-10-20 11:02:35',NULL),(564,5,289,'1',0,0,1,'2016-10-20 11:02:49',NULL),(565,6,289,'2',0,0,1,'2016-10-20 11:03:02',NULL),(566,7,289,'1',0,0,0,'2016-10-20 11:03:13',NULL),(567,8,289,'2',0,0,0,'2016-10-20 11:03:25',NULL),(568,9,289,'2',0,0,1,'2016-10-20 11:03:37',NULL),(569,10,289,'1',0,0,0,'2016-10-20 11:03:49',NULL),(570,11,289,'2',0,0,1,'2016-10-20 11:04:02',NULL),(571,12,289,'2',0,0,0,'2016-10-20 11:04:14',NULL),(572,13,289,'2',0,0,1,'2016-10-20 11:04:37',NULL),(573,14,289,'1',0,0,0,'2016-10-20 11:04:49',NULL),(574,15,289,'2',0,0,1,'2016-10-20 11:05:03',NULL),(575,16,289,'1',0,0,1,'2016-10-20 11:05:17',NULL),(576,17,289,'1',0,0,0,'2016-10-20 11:05:35',NULL),(577,18,289,'2',0,0,0,'2016-10-20 11:05:49',NULL),(578,19,289,'2',0,0,1,'2016-10-20 11:06:04',NULL),(579,20,289,'1',0,0,1,'2016-10-20 11:06:15',NULL),(580,21,289,'2',0,0,1,'2016-10-20 11:06:43',NULL),(581,22,289,'1',0,0,0,'2016-10-20 11:06:58',NULL),(582,23,289,'1',0,0,1,'2016-10-20 11:07:16',NULL),(583,24,289,'2',0,0,1,'2016-10-20 11:07:25',NULL),(584,25,289,'2',0,0,1,'2016-10-20 11:07:35',NULL),(585,26,289,'1',0,0,0,'2016-10-20 11:07:51',NULL),(586,27,289,'2',0,0,1,'2016-10-20 11:08:11',NULL),(587,29,289,'1',0,0,0,'2016-10-20 11:08:24',NULL),(588,12,18,'1',10,0,1,'2016-10-21 09:43:54',NULL),(589,12,290,'1',11,0,1,'2016-10-21 10:53:16',NULL),(590,1,290,'2',6,0,0,'2016-10-21 10:53:22',NULL),(591,2,290,'1',3,0,1,'2016-10-21 10:53:25',NULL),(592,3,290,'1',4,0,1,'2016-10-21 10:53:29',NULL),(593,4,290,'1',4,0,1,'2016-10-21 10:53:33',NULL),(594,5,290,'1',5,0,1,'2016-10-21 10:53:38',NULL),(595,6,290,'2',3,0,1,'2016-10-21 10:53:42',NULL),(596,7,290,'2',3,0,1,'2016-10-21 10:53:46',NULL),(597,8,290,'1',3,0,1,'2016-10-21 10:53:49',NULL),(598,9,290,'2',4,0,1,'2016-10-21 10:53:53',NULL),(599,10,290,'2',3,0,1,'2016-10-21 10:53:56',NULL),(600,11,290,'2',2,0,1,'2016-10-21 10:53:58',NULL),(601,13,290,'2',3,0,1,'2016-10-21 10:54:01',NULL),(602,14,290,'2',3,0,1,'2016-10-21 10:54:04',NULL),(603,15,290,'2',3,0,1,'2016-10-21 10:54:07',NULL),(604,16,290,'2',4,0,0,'2016-10-21 10:54:11',NULL),(605,17,290,'2',5,0,1,'2016-10-21 10:54:16',NULL),(606,18,290,'2',7,0,0,'2016-10-21 10:54:23',NULL),(607,19,290,'2',122,0,1,'2016-10-21 10:56:25',NULL),(608,20,290,'1',3,0,1,'2016-10-21 10:56:28',NULL),(609,21,290,'2',9,0,1,'2016-10-21 10:56:38',NULL),(610,22,290,'2',5,0,1,'2016-10-21 10:56:43',NULL),(611,23,290,'2',6,0,0,'2016-10-21 10:56:49',NULL),(612,24,290,'1',4,0,0,'2016-10-21 10:56:53',NULL),(613,25,290,'2',6,0,1,'2016-10-21 10:56:59',NULL),(614,26,290,'2',6,0,1,'2016-10-21 10:57:05',NULL),(615,27,290,'1',6,0,0,'2016-10-21 10:57:11',NULL),(616,28,290,'1',9,0,0,'2016-10-21 10:57:21',NULL),(617,29,290,'1',7,0,0,'2016-10-21 10:57:28',NULL),(618,5,284,'2',9,0,0,'2016-10-21 13:04:02',NULL),(619,1,284,'2',9,0,0,'2016-10-21 13:04:11',NULL),(620,2,284,'1',10,0,1,'2016-10-21 13:04:21',NULL),(621,3,284,'1',8,0,1,'2016-10-21 13:04:29',NULL),(622,4,284,'1',9,0,1,'2016-10-21 13:04:38',NULL),(623,6,284,'2',11,0,1,'2016-10-21 13:04:49',NULL),(624,7,284,'2',22,0,1,'2016-10-21 13:05:11',NULL),(625,8,284,'1',4,0,1,'2016-10-21 13:05:15',NULL),(626,9,284,'2',6,0,1,'2016-10-21 13:05:21',NULL),(627,10,284,'2',14,0,1,'2016-10-21 13:05:35',NULL),(628,11,284,'2',6,0,1,'2016-10-21 13:05:41',NULL),(629,12,284,'1',3,0,1,'2016-10-21 13:05:44',NULL),(630,13,284,'2',4,0,1,'2016-10-21 13:05:49',NULL),(631,14,284,'2',5,0,1,'2016-10-21 13:05:54',NULL),(632,15,284,'2',5,0,1,'2016-10-21 13:05:59',NULL),(633,16,284,'2',14,0,0,'2016-10-21 13:06:13',NULL),(634,17,284,'2',13,0,1,'2016-10-21 13:06:26',NULL),(635,18,284,'2',7,0,0,'2016-10-21 13:06:33',NULL),(636,19,284,'2',7,0,1,'2016-10-21 13:06:40',NULL),(637,20,284,'1',5,0,1,'2016-10-21 13:06:45',NULL),(638,21,284,'1',18,0,0,'2016-10-21 13:07:03',NULL),(639,22,284,'2',9,0,1,'2016-10-21 13:07:12',NULL),(640,23,284,'2',10,0,0,'2016-10-21 13:07:22',NULL),(641,24,284,'1',8,0,0,'2016-10-21 13:07:30',NULL),(642,25,284,'2',7,0,1,'2016-10-21 13:07:37',NULL),(643,26,284,'1',13,0,0,'2016-10-21 13:07:50',NULL),(644,27,284,'2',9,0,1,'2016-10-21 13:07:59',NULL),(645,28,284,'2',5,0,1,'2016-10-21 13:08:05',NULL),(646,29,284,'1',27,0,0,'2016-10-21 13:08:32',NULL),(647,4,295,'2',61,0,0,'2016-10-21 18:37:27',NULL),(648,1,295,'2',11,0,0,'2016-10-21 18:37:38',NULL),(649,2,295,'2',10,0,0,'2016-10-21 18:37:48',NULL),(650,3,295,'1',10,0,1,'2016-10-21 18:37:58',NULL),(651,5,295,'1',30,0,1,'2016-10-21 18:38:28',NULL),(652,6,295,'2',9,0,1,'2016-10-21 18:38:37',NULL),(653,7,295,'1',20,0,0,'2016-10-21 18:38:57',NULL),(654,8,295,'1',6,0,1,'2016-10-21 18:39:03',NULL),(655,9,295,'2',8,0,1,'2016-10-21 18:39:11',NULL),(656,10,295,'2',10,0,1,'2016-10-21 18:39:21',NULL),(657,11,295,'2',10,0,1,'2016-10-21 18:39:31',NULL),(658,12,295,'1',12,0,1,'2016-10-21 18:39:43',NULL),(659,13,295,'2',8,0,1,'2016-10-21 18:39:51',NULL),(660,14,295,'1',22,0,0,'2016-10-21 18:40:13',NULL),(661,15,295,'2',8,0,1,'2016-10-21 18:40:21',NULL),(662,16,295,'1',9,0,1,'2016-10-21 18:40:30',NULL),(663,17,295,'2',15,0,1,'2016-10-21 18:40:45',NULL),(664,18,295,'2',8,0,0,'2016-10-21 18:40:53',NULL),(665,19,295,'2',13,0,1,'2016-10-21 18:41:06',NULL),(666,20,295,'1',8,0,1,'2016-10-21 18:41:14',NULL),(667,21,295,'2',8,0,1,'2016-10-21 18:41:23',NULL),(668,22,295,'2',4,0,1,'2016-10-21 18:41:27',NULL),(669,23,295,'2',6,0,0,'2016-10-21 18:41:34',NULL),(670,24,295,'1',8,0,0,'2016-10-21 18:41:42',NULL),(671,25,295,'2',6,0,1,'2016-10-21 18:41:48',NULL),(672,26,295,'2',6,0,1,'2016-10-21 18:41:54',NULL),(673,27,295,'1',9,0,0,'2016-10-21 18:42:03',NULL),(674,28,295,'2',5,0,1,'2016-10-21 18:42:08',NULL),(675,29,295,'2',10,0,1,'2016-10-21 18:42:18',NULL),(676,10,296,'2',32,0,1,'2016-10-21 19:36:03',NULL),(677,1,296,'1',29,0,1,'2016-10-21 19:36:32',NULL),(678,2,296,'2',13,0,0,'2016-10-21 19:36:45',NULL),(679,3,296,'1',12,0,1,'2016-10-21 19:36:57',NULL),(680,4,296,'1',32,0,1,'2016-10-21 19:37:29',NULL),(681,5,296,'1',11,0,1,'2016-10-21 19:37:40',NULL),(682,6,296,'2',8,0,1,'2016-10-21 19:37:48',NULL),(683,7,296,'1',8,0,0,'2016-10-21 19:37:56',NULL),(684,8,296,'1',6,0,1,'2016-10-21 19:38:02',NULL),(685,9,296,'2',21,0,1,'2016-10-21 19:38:23',NULL),(686,11,296,'2',6,0,1,'2016-10-21 19:38:29',NULL),(687,12,296,'1',8,0,1,'2016-10-21 19:38:37',NULL),(688,13,296,'2',12,0,1,'2016-10-21 19:38:49',NULL),(689,14,296,'1',8,0,0,'2016-10-21 19:38:57',NULL),(690,15,296,'2',6,0,1,'2016-10-21 19:39:03',NULL),(691,16,296,'1',6,0,1,'2016-10-21 19:39:09',NULL),(692,17,296,'2',6,0,1,'2016-10-21 19:39:16',NULL),(693,18,296,'2',9,0,0,'2016-10-21 19:39:25',NULL),(694,19,296,'2',6,0,1,'2016-10-21 19:39:31',NULL),(695,20,296,'2',10,0,0,'2016-10-21 19:39:41',NULL),(696,21,296,'2',7,0,1,'2016-10-21 19:39:48',NULL),(697,22,296,'2',5,0,1,'2016-10-21 19:39:53',NULL),(698,23,296,'2',5,0,0,'2016-10-21 19:39:59',NULL),(699,24,296,'1',5,0,0,'2016-10-21 19:40:04',NULL),(700,25,296,'2',5,0,1,'2016-10-21 19:40:10',NULL),(701,26,296,'2',7,0,1,'2016-10-21 19:40:17',NULL),(702,27,296,'1',9,0,0,'2016-10-21 19:40:26',NULL),(703,28,296,'2',5,0,1,'2016-10-21 19:40:31',NULL),(704,29,296,'2',7,0,1,'2016-10-21 19:40:38',NULL),(705,12,301,'1',11,0,1,'2016-10-23 08:26:26',NULL),(706,1,301,'2',7,0,0,'2016-10-23 08:26:34',NULL),(707,16,299,'1',9,0,1,'2016-10-23 08:26:43',NULL),(708,2,301,'2',18,0,0,'2016-10-23 08:27:02',NULL),(709,3,301,'1',3,0,1,'2016-10-23 08:27:05',NULL),(710,1,299,'1',3,0,1,'2016-10-23 08:27:08',NULL),(711,4,301,'1',1,0,1,'2016-10-23 08:27:09',NULL),(712,5,301,'2',4,0,0,'2016-10-23 08:27:13',NULL),(713,2,299,'2',2,0,0,'2016-10-23 08:27:15',NULL),(714,6,301,'2',1,0,1,'2016-10-23 08:27:16',NULL),(715,7,301,'2',4,0,1,'2016-10-23 08:27:20',NULL),(716,3,299,'2',2,0,0,'2016-10-23 08:27:22',NULL),(717,8,301,'1',2,0,1,'2016-10-23 08:27:24',NULL),(718,9,301,'2',3,0,1,'2016-10-23 08:27:27',NULL),(719,10,301,'2',3,0,1,'2016-10-23 08:27:30',NULL),(720,4,299,'1',2,0,1,'2016-10-23 08:27:32',NULL),(721,5,299,'1',6,0,1,'2016-10-23 08:27:38',NULL),(722,11,301,'2',1,0,1,'2016-10-23 08:27:39',NULL),(723,13,301,'2',16,0,1,'2016-10-23 08:27:55',NULL),(724,6,299,'2',4,0,1,'2016-10-23 08:27:59',NULL),(725,14,301,'2',2,0,1,'2016-10-23 08:28:01',NULL),(726,7,299,'2',3,0,1,'2016-10-23 08:28:04',NULL),(727,15,301,'2',2,0,1,'2016-10-23 08:28:07',NULL),(728,8,299,'1',2,0,1,'2016-10-23 08:28:09',NULL),(729,16,301,'2',3,0,0,'2016-10-23 08:28:13',NULL),(730,9,299,'2',1,0,1,'2016-10-23 08:28:14',NULL),(731,10,299,'2',4,0,1,'2016-10-23 08:28:19',NULL),(732,17,301,'2',2,0,1,'2016-10-23 08:28:22',NULL),(733,11,299,'2',2,0,1,'2016-10-23 08:28:24',NULL),(734,12,299,'1',6,0,1,'2016-10-23 08:28:30',NULL),(735,18,301,'2',6,0,0,'2016-10-23 08:28:30',NULL),(736,13,299,'2',5,0,1,'2016-10-23 08:28:35',NULL),(737,19,301,'2',2,0,1,'2016-10-23 08:28:37',NULL),(738,14,299,'2',4,0,1,'2016-10-23 08:28:41',NULL),(739,20,301,'1',2,0,1,'2016-10-23 08:28:44',NULL),(740,15,299,'2',2,0,1,'2016-10-23 08:28:46',NULL),(741,21,301,'1',2,0,0,'2016-10-23 08:28:49',NULL),(742,22,301,'2',6,0,1,'2016-10-23 08:28:55',NULL),(743,23,301,'2',5,0,0,'2016-10-23 08:29:00',NULL),(744,17,299,'2',1,0,1,'2016-10-23 08:29:01',NULL),(745,18,299,'2',6,0,0,'2016-10-23 08:29:07',NULL),(746,24,301,'2',6,0,1,'2016-10-23 08:29:07',NULL),(747,25,301,'1',4,0,0,'2016-10-23 08:29:11',NULL),(748,19,299,'2',3,0,1,'2016-10-23 08:29:14',NULL),(749,26,301,'2',2,0,1,'2016-10-23 08:29:17',NULL),(750,20,299,'1',2,0,1,'2016-10-23 08:29:21',NULL),(751,21,299,'1',16,0,0,'2016-10-23 08:29:37',NULL),(752,22,299,'2',5,0,1,'2016-10-23 08:29:43',NULL),(753,27,301,'1',8,0,0,'2016-10-23 08:49:56',NULL),(754,28,301,'2',9,0,1,'2016-10-23 08:50:05',NULL),(755,29,301,'1',7,0,0,'2016-10-23 08:50:13',NULL),(756,23,299,'2',6,0,0,'2016-10-23 08:50:21',NULL),(757,24,299,'2',6,0,1,'2016-10-23 08:50:27',NULL),(758,25,299,'2',5,0,1,'2016-10-23 08:50:32',NULL),(759,26,299,'2',4,0,1,'2016-10-23 08:50:36',NULL),(760,27,299,'2',4,0,1,'2016-10-23 08:50:41',NULL),(761,28,299,'2',4,0,1,'2016-10-23 08:50:46',NULL),(762,29,299,'1',5,0,0,'2016-10-23 08:50:52',NULL),(763,18,300,'',20,1,0,'2016-10-23 08:59:51',NULL),(764,1,300,'2',14,0,0,'2016-10-23 09:00:05',NULL),(765,2,300,'2',11,0,0,'2016-10-23 09:00:16',NULL),(766,3,300,'1',13,0,1,'2016-10-23 09:00:29',NULL),(767,4,300,'1',8,0,1,'2016-10-23 09:00:37',NULL),(768,5,300,'1',12,0,1,'2016-10-23 09:00:49',NULL),(769,6,300,'2',9,0,1,'2016-10-23 09:00:58',NULL),(770,7,300,'1',10,0,0,'2016-10-23 09:01:08',NULL),(771,8,300,'1',7,0,1,'2016-10-23 09:01:16',NULL),(772,9,300,'2',9,0,1,'2016-10-23 09:01:25',NULL),(773,10,300,'2',8,0,1,'2016-10-23 09:01:34',NULL),(774,11,300,'2',7,0,1,'2016-10-23 09:01:41',NULL),(775,12,300,'1',4,0,1,'2016-10-23 09:01:45',NULL),(776,13,300,'2',5,0,1,'2016-10-23 09:01:50',NULL),(777,14,300,'2',6,0,1,'2016-10-23 09:01:56',NULL),(778,15,300,'1',9,0,0,'2016-10-23 09:02:05',NULL),(779,16,300,'2',6,0,0,'2016-10-23 09:02:11',NULL),(780,17,300,'2',13,0,1,'2016-10-23 09:02:24',NULL),(781,19,300,'2',12,0,1,'2016-10-23 09:02:36',NULL),(782,20,300,'1',14,0,1,'2016-10-23 09:02:50',NULL),(783,21,300,'2',14,0,1,'2016-10-23 09:03:04',NULL),(784,22,302,'2',33,0,1,'2016-10-23 22:05:14',NULL),(785,1,302,'1',35,0,1,'2016-10-23 22:05:49',NULL),(786,2,302,'1',13,0,1,'2016-10-23 22:06:02',NULL),(787,3,302,'1',3,0,1,'2016-10-23 22:06:05',NULL),(788,4,302,'1',4,0,1,'2016-10-23 22:06:09',NULL),(789,5,302,'2',4,0,0,'2016-10-23 22:06:13',NULL),(790,6,302,'2',4,0,1,'2016-10-23 22:06:17',NULL),(791,7,302,'2',8,0,1,'2016-10-23 22:06:25',NULL),(792,8,302,'1',3,0,1,'2016-10-23 22:06:28',NULL),(793,9,302,'2',4,0,1,'2016-10-23 22:06:32',NULL),(794,10,302,'2',4,0,1,'2016-10-23 22:06:36',NULL),(795,11,302,'2',6,0,1,'2016-10-23 22:06:42',NULL),(796,12,302,'1',4,0,1,'2016-10-23 22:06:46',NULL),(797,13,302,'2',4,0,1,'2016-10-23 22:06:50',NULL),(798,14,302,'2',8,0,1,'2016-10-23 22:06:58',NULL),(799,15,302,'2',3,0,1,'2016-10-23 22:07:01',NULL),(800,16,302,'2',5,0,0,'2016-10-23 22:07:06',NULL),(801,17,302,'2',6,0,1,'2016-10-23 22:07:12',NULL),(802,18,302,'2',10,0,0,'2016-10-23 22:07:22',NULL),(803,19,302,'1',5,0,0,'2016-10-23 22:07:27',NULL),(804,20,302,'1',5,0,1,'2016-10-23 22:07:32',NULL),(805,21,302,'2',7,0,1,'2016-10-23 22:07:39',NULL),(806,23,302,'2',4,0,0,'2016-10-23 22:07:43',NULL),(807,24,302,'2',2,0,1,'2016-10-23 22:07:45',NULL),(808,25,302,'2',4,0,1,'2016-10-23 22:07:50',NULL),(809,26,302,'2',3,0,1,'2016-10-23 22:07:53',NULL),(810,27,302,'2',6,0,1,'2016-10-23 22:07:59',NULL),(811,28,302,'2',5,0,1,'2016-10-23 22:08:04',NULL),(812,9,291,'2',5,0,1,'2016-10-24 11:56:36',NULL),(813,1,291,'1',11,0,1,'2016-10-24 11:56:47',NULL),(814,2,291,'2',21,0,0,'2016-10-24 11:57:08',NULL),(815,3,291,'1',4,0,1,'2016-10-24 11:57:12',NULL),(816,4,291,'1',6,0,1,'2016-10-24 11:57:18',NULL),(817,5,291,'1',3,0,1,'2016-10-24 11:57:21',NULL),(818,6,291,'2',3,0,1,'2016-10-24 11:57:24',NULL),(819,7,291,'1',4,0,0,'2016-10-24 11:57:28',NULL),(820,8,291,'1',4,0,1,'2016-10-24 11:57:32',NULL),(821,10,291,'2',7,0,1,'2016-10-24 11:57:39',NULL),(822,11,291,'2',4,0,1,'2016-10-24 11:57:43',NULL),(823,12,291,'1',4,0,1,'2016-10-24 11:57:47',NULL),(824,13,291,'2',5,0,1,'2016-10-24 11:57:52',NULL),(825,14,291,'1',5,0,0,'2016-10-24 11:57:57',NULL),(826,15,291,'2',2,0,1,'2016-10-24 11:58:00',NULL),(827,16,291,'1',4,0,1,'2016-10-24 11:58:04',NULL),(828,17,291,'2',4,0,1,'2016-10-24 11:58:08',NULL),(829,18,291,'2',4,0,0,'2016-10-24 11:58:12',NULL),(830,19,291,'2',3,0,1,'2016-10-24 11:58:15',NULL),(831,20,291,'2',4,0,0,'2016-10-24 11:58:19',NULL),(832,21,291,'2',3,0,1,'2016-10-24 11:58:22',NULL),(833,22,291,'2',3,0,1,'2016-10-24 11:58:25',NULL),(834,23,291,'2',5,0,0,'2016-10-24 11:58:30',NULL),(835,24,291,'1',3,0,0,'2016-10-24 11:58:34',NULL),(836,25,291,'2',3,0,1,'2016-10-24 11:58:37',NULL),(837,26,291,'1',11,0,0,'2016-10-24 11:58:48',NULL),(838,27,291,'1',5,0,0,'2016-10-24 11:58:53',NULL),(839,28,291,'2',20,0,1,'2016-10-24 11:59:13',NULL),(840,29,291,'2',3,0,1,'2016-10-24 11:59:16',NULL),(841,13,306,'2',12,0,1,'2016-10-24 12:21:19',NULL),(842,1,306,'2',11,0,0,'2016-10-24 12:21:30',NULL),(843,2,306,'1',8,0,1,'2016-10-24 12:21:38',NULL),(844,3,306,'1',8,0,1,'2016-10-24 12:21:46',NULL),(845,4,306,'1',8,0,1,'2016-10-24 12:21:55',NULL),(846,5,306,'2',7,0,0,'2016-10-24 12:22:02',NULL),(847,6,306,'2',7,0,1,'2016-10-24 12:22:09',NULL),(848,7,306,'2',9,0,1,'2016-10-24 12:22:18',NULL),(849,8,306,'1',6,0,1,'2016-10-24 12:22:24',NULL),(850,9,306,'2',8,0,1,'2016-10-24 12:22:32',NULL),(851,10,306,'2',6,0,1,'2016-10-24 12:22:39',NULL),(852,11,306,'2',5,0,1,'2016-10-24 12:22:45',NULL),(853,12,306,'1',6,0,1,'2016-10-24 12:22:51',NULL),(854,14,306,'2',11,0,1,'2016-10-24 12:23:02',NULL),(855,15,306,'2',35,0,1,'2016-10-24 12:23:37',NULL),(856,16,306,'2',6,0,0,'2016-10-24 12:23:43',NULL),(857,17,306,'2',9,0,1,'2016-10-24 12:23:52',NULL),(858,18,306,'1',9,0,1,'2016-10-24 12:24:01',NULL),(859,19,306,'2',11,0,1,'2016-10-24 12:24:12',NULL),(860,20,306,'2',10,0,0,'2016-10-24 12:24:22',NULL),(861,21,306,'2',9,0,1,'2016-10-24 12:24:31',NULL),(862,22,306,'2',8,0,1,'2016-10-24 12:24:39',NULL),(863,23,306,'2',8,0,0,'2016-10-24 12:24:47',NULL),(864,24,306,'1',90,0,0,'2016-10-24 12:26:17',NULL),(865,25,306,'2',7,0,1,'2016-10-24 12:26:24',NULL),(866,26,306,'2',8,0,1,'2016-10-24 12:26:32',NULL),(867,27,306,'2',13,0,1,'2016-10-24 12:26:45',NULL),(868,28,306,'2',7,0,1,'2016-10-24 12:26:52',NULL),(869,29,306,'1',12,0,0,'2016-10-24 12:27:04',NULL),(870,20,307,'1',16,0,1,'2016-10-24 20:47:41',NULL),(871,1,307,'1',6,0,1,'2016-10-24 20:47:47',NULL),(872,2,307,'1',4,0,1,'2016-10-24 20:47:51',NULL),(873,3,307,'1',4,0,1,'2016-10-24 20:47:55',NULL),(874,4,307,'1',3,0,1,'2016-10-24 20:47:58',NULL),(875,5,307,'2',4,0,0,'2016-10-24 20:48:02',NULL),(876,6,307,'2',3,0,1,'2016-10-24 20:48:05',NULL),(877,7,307,'1',3,0,0,'2016-10-24 20:48:08',NULL),(878,8,307,'1',3,0,1,'2016-10-24 20:48:11',NULL),(879,9,307,'2',2,0,1,'2016-10-24 20:48:13',NULL),(880,10,307,'2',3,0,1,'2016-10-24 20:48:16',NULL),(881,11,307,'2',2,0,1,'2016-10-24 20:48:18',NULL),(882,12,307,'1',2,0,1,'2016-10-24 20:48:20',NULL),(883,13,307,'2',2,0,1,'2016-10-24 20:48:22',NULL),(884,14,307,'1',142,0,0,'2016-10-24 20:50:44',NULL),(885,15,307,'2',4,0,1,'2016-10-24 20:50:48',NULL),(886,16,307,'1',2,0,1,'2016-10-24 20:50:50',NULL),(887,17,307,'2',2,0,1,'2016-10-24 20:50:53',NULL),(888,18,307,'1',2,0,1,'2016-10-24 20:50:56',NULL),(889,19,307,'2',4,0,1,'2016-10-24 20:51:01',NULL),(890,21,307,'2',2,0,1,'2016-10-24 20:51:03',NULL),(891,22,307,'1',3,0,0,'2016-10-24 20:51:06',NULL),(892,23,307,'2',3,0,0,'2016-10-24 20:51:09',NULL),(893,24,307,'1',2,0,0,'2016-10-24 20:51:11',NULL),(894,25,307,'2',3,0,1,'2016-10-24 20:51:14',NULL),(895,26,307,'2',5,0,1,'2016-10-24 20:51:19',NULL),(896,27,307,'1',2,0,0,'2016-10-24 20:51:22',NULL),(897,28,307,'1',3,0,0,'2016-10-24 20:51:25',NULL),(898,29,307,'2',3,0,1,'2016-10-24 20:51:28',NULL),(899,13,292,'1',10,0,0,'2016-10-25 13:22:03',NULL),(900,1,292,'2',5,0,0,'2016-10-25 13:22:08',NULL),(901,2,292,'2',2,0,0,'2016-10-25 13:22:10',NULL),(902,3,292,'2',3,0,0,'2016-10-25 13:22:13',NULL),(903,4,292,'1',2,0,1,'2016-10-25 13:22:15',NULL),(904,5,292,'2',3,0,0,'2016-10-25 13:22:18',NULL),(905,6,292,'2',3,0,1,'2016-10-25 13:22:21',NULL),(906,7,292,'1',4,0,0,'2016-10-25 13:22:25',NULL),(907,8,292,'1',3,0,1,'2016-10-25 13:22:28',NULL),(908,9,292,'1',4,0,0,'2016-10-25 13:22:32',NULL),(909,10,292,'2',2,0,1,'2016-10-25 13:22:34',NULL),(910,11,292,'2',2,0,1,'2016-10-25 13:22:36',NULL),(911,12,292,'1',2,0,1,'2016-10-25 13:22:38',NULL),(912,14,292,'1',4,0,0,'2016-10-25 13:22:42',NULL),(913,15,292,'2',3,0,1,'2016-10-25 13:22:45',NULL),(914,16,292,'1',2,0,1,'2016-10-25 13:22:47',NULL),(915,17,292,'2',17,0,1,'2016-10-25 13:23:04',NULL),(916,18,292,'2',12,0,0,'2016-10-25 13:23:16',NULL),(917,19,292,'2',4,0,1,'2016-10-25 13:23:20',NULL),(918,20,292,'1',4,0,1,'2016-10-25 13:23:25',NULL),(919,21,292,'2',4,0,1,'2016-10-25 13:23:29',NULL),(920,22,292,'2',4,0,1,'2016-10-25 13:23:33',NULL),(921,23,292,'1',9,0,1,'2016-10-25 13:23:42',NULL),(922,24,292,'2',3,0,1,'2016-10-25 13:23:45',NULL),(923,25,292,'1',7,0,0,'2016-10-25 13:23:52',NULL),(924,26,292,'1',2,0,0,'2016-10-25 13:23:54',NULL),(925,27,292,'2',9,0,1,'2016-10-25 13:24:04',NULL),(926,28,292,'1',6,0,0,'2016-10-25 13:24:10',NULL),(927,29,292,'1',3,0,0,'2016-10-25 13:24:13',NULL),(928,2,309,'2',6,0,0,'2016-10-25 14:11:22',NULL),(929,1,309,'2',8,0,0,'2016-10-25 14:11:30',NULL),(930,3,309,'1',3,0,1,'2016-10-25 14:11:33',NULL),(931,4,309,'1',3,0,1,'2016-10-25 14:11:36',NULL),(932,5,309,'2',4,0,0,'2016-10-25 14:11:40',NULL),(933,6,309,'2',4,0,1,'2016-10-25 14:11:44',NULL),(934,7,309,'2',3,0,1,'2016-10-25 14:11:48',NULL),(935,8,309,'1',3,0,1,'2016-10-25 14:11:51',NULL),(936,9,309,'2',6,0,1,'2016-10-25 14:11:57',NULL),(937,10,309,'2',5,0,1,'2016-10-25 14:12:02',NULL),(938,11,309,'1',3,0,0,'2016-10-25 14:12:05',NULL),(939,12,309,'1',3,0,1,'2016-10-25 14:12:08',NULL),(940,13,309,'2',3,0,1,'2016-10-25 14:12:11',NULL),(941,14,309,'2',3,0,1,'2016-10-25 14:12:14',NULL),(942,15,309,'2',3,0,1,'2016-10-25 14:12:17',NULL),(943,16,309,'1',3,0,1,'2016-10-25 14:12:20',NULL),(944,17,309,'2',4,0,1,'2016-10-25 14:12:24',NULL),(945,18,309,'2',3,0,0,'2016-10-25 14:12:27',NULL),(946,19,309,'2',3,0,1,'2016-10-25 14:12:30',NULL),(947,20,309,'2',5,0,0,'2016-10-25 14:12:35',NULL),(948,21,309,'1',6,0,0,'2016-10-25 14:12:41',NULL),(949,22,309,'2',5,0,1,'2016-10-25 14:12:46',NULL),(950,23,309,'2',6,0,0,'2016-10-25 14:12:52',NULL),(951,24,309,'1',4,0,0,'2016-10-25 14:12:56',NULL),(952,25,309,'2',2,0,1,'2016-10-25 14:12:58',NULL),(953,26,309,'2',9,0,1,'2016-10-25 14:13:07',NULL),(954,27,309,'2',6,0,1,'2016-10-25 14:13:13',NULL),(955,28,309,'2',3,0,1,'2016-10-25 14:13:16',NULL),(956,29,309,'2',5,0,1,'2016-10-25 14:13:21',NULL),(957,18,310,'2',17,0,0,'2016-10-25 17:30:14',NULL),(958,1,310,'2',9,0,0,'2016-10-25 17:30:23',NULL),(959,2,310,'2',7,0,0,'2016-10-25 17:30:30',NULL),(960,3,310,'1',6,0,1,'2016-10-25 17:30:36',NULL),(961,4,310,'1',6,0,1,'2016-10-25 17:30:42',NULL),(962,5,310,'1',9,0,1,'2016-10-25 17:30:51',NULL),(963,6,310,'2',5,0,1,'2016-10-25 17:30:56',NULL),(964,7,310,'2',9,0,1,'2016-10-25 17:31:06',NULL),(965,8,310,'1',4,0,1,'2016-10-25 17:31:10',NULL),(966,9,310,'2',9,0,1,'2016-10-25 17:31:19',NULL),(967,10,310,'2',27,0,1,'2016-10-25 17:31:46',NULL),(968,11,310,'2',5,0,1,'2016-10-25 17:31:51',NULL),(969,12,310,'1',5,0,1,'2016-10-25 17:31:56',NULL),(970,13,310,'2',5,0,1,'2016-10-25 17:32:01',NULL),(971,14,310,'1',6,0,0,'2016-10-25 17:32:07',NULL),(972,15,310,'2',7,0,1,'2016-10-25 17:32:14',NULL),(973,16,310,'2',5,0,0,'2016-10-25 17:32:19',NULL),(974,17,310,'2',8,0,1,'2016-10-25 17:32:27',NULL),(975,19,310,'2',9,0,1,'2016-10-25 17:32:37',NULL),(976,20,310,'1',5,0,1,'2016-10-25 17:32:42',NULL),(977,21,310,'1',8,0,0,'2016-10-25 17:32:50',NULL),(978,22,310,'2',16,0,1,'2016-10-25 17:33:06',NULL),(979,23,310,'2',4,0,0,'2016-10-25 17:33:10',NULL),(980,24,310,'2',3,0,1,'2016-10-25 17:33:13',NULL),(981,25,310,'2',3,0,1,'2016-10-25 17:33:16',NULL),(982,26,310,'2',5,0,1,'2016-10-25 17:33:21',NULL),(983,27,310,'2',7,0,1,'2016-10-25 17:33:28',NULL),(984,28,310,'2',3,0,1,'2016-10-25 17:33:31',NULL),(985,29,310,'2',3,0,1,'2016-10-25 17:33:34',NULL),(986,20,311,'1',21,0,1,'2016-10-25 19:12:41',NULL),(987,1,311,'2',12,0,0,'2016-10-25 19:12:53',NULL),(988,2,311,'1',6,0,1,'2016-10-25 19:12:59',NULL),(989,3,311,'1',10,0,1,'2016-10-25 19:13:09',NULL),(990,4,311,'1',5,0,1,'2016-10-25 19:13:14',NULL),(991,5,311,'2',10,0,0,'2016-10-25 19:13:24',NULL),(992,6,311,'2',4,0,1,'2016-10-25 19:13:28',NULL),(993,7,311,'2',5,0,1,'2016-10-25 19:13:33',NULL),(994,8,311,'1',6,0,1,'2016-10-25 19:13:39',NULL),(995,9,311,'2',4,0,1,'2016-10-25 19:13:43',NULL),(996,10,311,'2',5,0,1,'2016-10-25 19:13:49',NULL),(997,11,311,'1',6,0,0,'2016-10-25 19:13:55',NULL),(998,12,311,'1',6,0,1,'2016-10-25 19:14:01',NULL),(999,13,311,'2',4,0,1,'2016-10-25 19:14:05',NULL),(1000,14,311,'2',6,0,1,'2016-10-25 19:14:11',NULL),(1001,15,311,'2',5,0,1,'2016-10-25 19:14:16',NULL),(1002,16,311,'2',4,0,0,'2016-10-25 19:14:20',NULL),(1003,17,311,'1',8,0,0,'2016-10-25 19:14:28',NULL),(1004,18,311,'2',5,0,0,'2016-10-25 19:14:33',NULL),(1005,19,311,'1',5,0,0,'2016-10-25 19:14:38',NULL),(1006,21,311,'1',6,0,0,'2016-10-25 19:14:44',NULL),(1007,22,311,'2',4,0,1,'2016-10-25 19:14:49',NULL),(1008,23,311,'2',5,0,0,'2016-10-25 19:14:54',NULL),(1009,24,311,'2',4,0,1,'2016-10-25 19:14:58',NULL),(1010,25,311,'2',4,0,1,'2016-10-25 19:15:02',NULL),(1011,26,311,'2',7,0,1,'2016-10-25 19:15:09',NULL),(1012,27,311,'2',7,0,1,'2016-10-25 19:15:16',NULL),(1013,28,311,'2',5,0,1,'2016-10-25 19:15:22',NULL),(1014,29,311,'1',8,0,0,'2016-10-25 19:15:31',NULL),(1015,23,313,'',24,1,0,'2016-10-25 20:21:06',NULL),(1016,1,313,'2',24,0,0,'2016-10-25 20:21:30',NULL),(1017,2,313,'2',60,0,0,'2016-10-25 20:22:30',NULL),(1018,3,313,'1',8,0,1,'2016-10-25 20:22:38',NULL),(1019,4,313,'1',9,0,1,'2016-10-25 20:22:47',NULL),(1020,5,313,'2',7,0,0,'2016-10-25 20:22:54',NULL),(1021,6,313,'2',4,0,1,'2016-10-25 20:22:58',NULL),(1022,7,313,'2',4,0,1,'2016-10-25 20:23:03',NULL),(1023,8,313,'1',4,0,1,'2016-10-25 20:23:07',NULL),(1024,9,313,'2',5,0,1,'2016-10-25 20:23:12',NULL),(1025,10,313,'2',4,0,1,'2016-10-25 20:23:16',NULL),(1026,11,313,'2',7,0,1,'2016-10-25 20:23:23',NULL),(1027,12,313,'1',4,0,1,'2016-10-25 20:23:27',NULL),(1028,13,313,'2',4,0,1,'2016-10-25 20:23:32',NULL),(1029,14,313,'2',3,0,1,'2016-10-25 20:23:36',NULL),(1030,15,313,'2',4,0,1,'2016-10-25 20:23:40',NULL),(1031,16,313,'1',5,0,1,'2016-10-25 20:23:46',NULL),(1032,17,313,'2',8,0,1,'2016-10-25 20:23:54',NULL),(1033,18,313,'2',14,0,0,'2016-10-25 20:24:08',NULL),(1034,19,313,'2',19,0,1,'2016-10-25 20:24:27',NULL),(1035,20,313,'1',4,0,1,'2016-10-25 20:24:31',NULL),(1036,21,313,'1',6,0,0,'2016-10-25 20:24:37',NULL),(1037,22,313,'2',4,0,1,'2016-10-25 20:24:41',NULL),(1038,24,313,'2',3,0,1,'2016-10-25 20:24:44',NULL),(1039,25,313,'2',4,0,1,'2016-10-25 20:24:48',NULL),(1040,26,313,'2',3,0,1,'2016-10-25 20:24:51',NULL),(1041,27,313,'2',4,0,1,'2016-10-25 20:24:55',NULL),(1042,28,313,'2',3,0,1,'2016-10-25 20:24:58',NULL),(1043,29,313,'2',4,0,1,'2016-10-25 20:25:02',NULL),(1044,2,316,'2',15,0,0,'2016-10-26 15:48:50',NULL),(1045,1,316,'1',38,0,1,'2016-10-26 15:49:29',NULL),(1046,3,316,'1',4,0,1,'2016-10-26 15:49:33',NULL),(1047,4,316,'1',10,0,1,'2016-10-26 15:49:44',NULL),(1048,5,316,'1',5,0,1,'2016-10-26 15:49:49',NULL),(1049,29,302,'1',24,0,0,'2016-10-27 11:14:28',NULL),(1050,19,317,'2',23,0,1,'2016-10-27 12:27:42',NULL),(1051,1,317,'2',7,0,0,'2016-10-27 12:27:50',NULL),(1052,2,317,'2',8,0,0,'2016-10-27 12:27:58',NULL),(1053,3,317,'1',5,0,1,'2016-10-27 12:28:03',NULL),(1054,4,317,'1',5,0,1,'2016-10-27 12:28:08',NULL),(1055,5,317,'1',14,0,1,'2016-10-27 12:28:22',NULL),(1056,6,317,'2',6,0,1,'2016-10-27 12:28:28',NULL),(1057,7,317,'2',6,0,1,'2016-10-27 12:28:34',NULL),(1058,8,317,'1',4,0,1,'2016-10-27 12:28:38',NULL),(1059,9,317,'2',4,0,1,'2016-10-27 12:28:42',NULL),(1060,10,317,'2',4,0,1,'2016-10-27 12:28:46',NULL),(1061,11,317,'2',4,0,1,'2016-10-27 12:28:50',NULL),(1062,12,317,'1',6,0,1,'2016-10-27 12:28:56',NULL),(1063,13,317,'2',3,0,1,'2016-10-27 12:28:59',NULL),(1064,14,317,'2',7,0,1,'2016-10-27 12:29:06',NULL),(1065,15,317,'2',4,0,1,'2016-10-27 12:29:10',NULL),(1066,16,317,'1',3,0,1,'2016-10-27 12:29:13',NULL),(1067,17,317,'2',13,0,1,'2016-10-27 12:29:26',NULL),(1068,18,317,'2',7,0,0,'2016-10-27 12:29:33',NULL),(1069,20,317,'1',4,0,1,'2016-10-27 12:29:37',NULL),(1070,21,317,'1',5,0,0,'2016-10-27 12:29:43',NULL),(1071,22,317,'2',3,0,1,'2016-10-27 12:29:46',NULL),(1072,23,317,'2',9,0,0,'2016-10-27 12:29:55',NULL),(1073,24,317,'1',5,0,0,'2016-10-27 12:30:01',NULL),(1074,25,317,'2',6,0,1,'2016-10-27 12:30:07',NULL),(1075,26,317,'2',5,0,1,'2016-10-27 12:30:12',NULL),(1076,27,317,'1',7,0,0,'2016-10-27 12:30:19',NULL),(1077,28,317,'1',6,0,0,'2016-10-27 12:30:26',NULL),(1078,29,317,'1',8,0,0,'2016-10-27 12:30:34',NULL),(1079,18,318,'2',6,0,0,'2016-10-28 11:31:16',NULL),(1080,1,318,'2',5,0,0,'2016-10-28 11:31:21',NULL),(1081,2,318,'2',3,0,0,'2016-10-28 11:31:25',NULL),(1082,3,318,'1',3,0,1,'2016-10-28 11:31:28',NULL),(1083,4,318,'1',2,0,1,'2016-10-28 11:31:31',NULL),(1084,5,318,'2',3,0,0,'2016-10-28 11:31:34',NULL),(1085,6,318,'2',4,0,1,'2016-10-28 11:31:38',NULL),(1086,7,318,'2',3,0,1,'2016-10-28 11:31:41',NULL),(1087,8,318,'1',3,0,1,'2016-10-28 11:31:44',NULL),(1088,9,318,'2',3,0,1,'2016-10-28 11:31:47',NULL),(1089,10,318,'2',3,0,1,'2016-10-28 11:31:50',NULL),(1090,11,318,'1',5,0,0,'2016-10-28 11:31:55',NULL),(1091,12,318,'1',3,0,1,'2016-10-28 11:31:58',NULL),(1092,13,318,'2',3,0,1,'2016-10-28 11:32:01',NULL),(1093,14,318,'1',4,0,0,'2016-10-28 11:32:06',NULL),(1094,15,318,'2',3,0,1,'2016-10-28 11:32:09',NULL),(1095,16,318,'1',3,0,1,'2016-10-28 11:32:12',NULL),(1096,17,318,'2',4,0,1,'2016-10-28 11:32:16',NULL),(1097,19,318,'2',3,0,1,'2016-10-28 11:32:19',NULL),(1098,20,318,'1',3,0,1,'2016-10-28 11:32:22',NULL),(1099,21,318,'2',3,0,1,'2016-10-28 11:32:25',NULL),(1100,22,318,'2',4,0,1,'2016-10-28 11:32:29',NULL),(1101,23,318,'2',3,0,0,'2016-10-28 11:32:32',NULL),(1102,24,318,'1',6,0,0,'2016-10-28 11:32:38',NULL),(1103,25,318,'2',3,0,1,'2016-10-28 11:32:41',NULL),(1104,26,318,'2',4,0,1,'2016-10-28 11:32:45',NULL),(1105,27,318,'2',4,0,1,'2016-10-28 11:32:49',NULL),(1106,28,318,'2',4,0,1,'2016-10-28 11:32:53',NULL),(1107,29,318,'2',3,0,1,'2016-10-28 11:32:56',NULL),(1108,23,320,'2',11,0,0,'2016-10-31 13:38:19',NULL),(1109,1,320,'2',4,0,0,'2016-10-31 13:38:23',NULL),(1110,2,320,'2',4,0,0,'2016-10-31 13:38:28',NULL),(1111,3,320,'2',4,0,0,'2016-10-31 13:38:32',NULL),(1112,4,320,'1',6,0,1,'2016-10-31 13:38:38',NULL),(1113,5,320,'1',5,0,1,'2016-10-31 13:38:43',NULL),(1114,6,320,'2',4,0,1,'2016-10-31 13:38:47',NULL),(1115,7,320,'2',6,0,1,'2016-10-31 13:38:53',NULL),(1116,8,320,'1',3,0,1,'2016-10-31 13:38:56',NULL),(1117,9,320,'2',4,0,1,'2016-10-31 13:39:00',NULL),(1118,10,320,'2',2,0,1,'2016-10-31 13:39:02',NULL),(1119,11,320,'2',6,0,1,'2016-10-31 13:39:09',NULL),(1120,12,320,'1',5,0,1,'2016-10-31 13:39:14',NULL),(1121,13,320,'2',2,0,1,'2016-10-31 13:39:16',NULL),(1122,14,320,'2',5,0,1,'2016-10-31 13:39:21',NULL),(1123,15,320,'2',3,0,1,'2016-10-31 13:39:25',NULL),(1124,16,320,'1',9,0,1,'2016-10-31 13:39:35',NULL),(1125,17,320,'2',9,0,1,'2016-10-31 13:39:44',NULL),(1126,18,320,'2',4,0,0,'2016-10-31 13:39:48',NULL),(1127,19,320,'2',4,0,1,'2016-10-31 13:39:52',NULL),(1128,20,320,'1',7,0,1,'2016-10-31 13:40:00',NULL),(1129,21,320,'1',4,0,0,'2016-10-31 13:40:04',NULL),(1130,22,320,'2',5,0,1,'2016-10-31 13:40:09',NULL),(1131,24,320,'1',4,0,0,'2016-10-31 13:40:13',NULL),(1132,25,320,'2',4,0,1,'2016-10-31 13:40:17',NULL),(1133,26,320,'2',3,0,1,'2016-10-31 13:40:20',NULL),(1134,27,320,'1',4,0,0,'2016-10-31 13:40:24',NULL),(1135,28,320,'1',5,0,0,'2016-10-31 13:40:29',NULL),(1136,29,320,'1',4,0,0,'2016-10-31 13:40:33',NULL),(1137,3,322,'1',7,0,1,'2016-11-01 14:21:28',NULL),(1138,1,322,'2',7,0,0,'2016-11-01 14:21:35',NULL),(1139,2,322,'1',3,0,1,'2016-11-01 14:21:38',NULL),(1140,4,322,'1',3,0,1,'2016-11-01 14:21:42',NULL),(1141,5,322,'2',4,0,0,'2016-11-01 14:21:46',NULL),(1142,6,322,'2',2,0,1,'2016-11-01 14:21:48',NULL),(1143,7,322,'2',3,0,1,'2016-11-01 14:21:52',NULL),(1144,8,322,'1',4,0,1,'2016-11-01 14:21:56',NULL),(1145,9,322,'2',4,0,1,'2016-11-01 14:22:00',NULL),(1146,10,322,'1',4,0,0,'2016-11-01 14:22:04',NULL),(1147,11,322,'2',6,0,1,'2016-11-01 14:22:10',NULL),(1148,12,322,'1',4,0,1,'2016-11-01 14:22:14',NULL),(1149,13,322,'2',3,0,1,'2016-11-01 14:22:18',NULL),(1150,14,322,'2',3,0,1,'2016-11-01 14:22:21',NULL),(1151,15,322,'2',3,0,1,'2016-11-01 14:22:24',NULL),(1152,16,322,'1',3,0,1,'2016-11-01 14:22:27',NULL),(1153,17,322,'1',5,0,0,'2016-11-01 14:22:33',NULL),(1154,18,322,'2',3,0,0,'2016-11-01 14:22:36',NULL),(1155,19,322,'1',2,0,0,'2016-11-01 14:22:39',NULL),(1156,20,322,'1',3,0,1,'2016-11-01 14:22:42',NULL),(1157,21,322,'1',5,0,0,'2016-11-01 14:22:47',NULL),(1158,22,322,'2',2,0,1,'2016-11-01 14:22:49',NULL),(1159,23,322,'1',1,0,1,'2016-11-01 14:22:50',NULL),(1160,24,322,'2',2,0,1,'2016-11-01 14:22:52',NULL),(1161,25,322,'2',2,0,1,'2016-11-01 14:22:54',NULL),(1162,26,322,'2',2,0,1,'2016-11-01 14:22:56',NULL),(1163,27,322,'2',2,0,1,'2016-11-01 14:22:58',NULL),(1164,28,322,'1',3,0,0,'2016-11-01 14:23:01',NULL),(1165,29,322,'1',2,0,0,'2016-11-01 14:23:04',NULL),(1166,8,323,'1',20,0,1,'2016-11-01 17:07:12',NULL),(1167,1,323,'2',10,0,0,'2016-11-01 17:07:22',NULL),(1168,2,323,'2',8,0,0,'2016-11-01 17:07:30',NULL),(1169,3,323,'1',11,0,1,'2016-11-01 17:07:42',NULL),(1170,4,323,'1',6,0,1,'2016-11-01 17:07:48',NULL),(1171,5,323,'2',6,0,0,'2016-11-01 17:07:54',NULL),(1172,6,323,'2',4,0,1,'2016-11-01 17:07:58',NULL),(1173,7,323,'2',8,0,1,'2016-11-01 17:08:06',NULL),(1174,9,323,'2',3,0,1,'2016-11-01 17:08:09',NULL),(1175,10,323,'2',5,0,1,'2016-11-01 17:08:14',NULL),(1176,11,323,'2',4,0,1,'2016-11-01 17:08:18',NULL),(1177,12,323,'1',4,0,1,'2016-11-01 17:08:22',NULL),(1178,13,323,'2',3,0,1,'2016-11-01 17:08:25',NULL),(1179,14,323,'2',4,0,1,'2016-11-01 17:08:29',NULL),(1180,15,323,'2',4,0,1,'2016-11-01 17:08:33',NULL),(1181,16,323,'1',4,0,1,'2016-11-01 17:08:37',NULL),(1182,17,323,'2',9,0,1,'2016-11-01 17:08:46',NULL),(1183,18,323,'2',4,0,0,'2016-11-01 17:08:50',NULL),(1184,19,323,'2',6,0,1,'2016-11-01 17:08:56',NULL),(1185,20,323,'1',3,0,1,'2016-11-01 17:08:59',NULL),(1186,21,323,'1',4,0,0,'2016-11-01 17:09:03',NULL),(1187,22,323,'2',3,0,1,'2016-11-01 17:09:06',NULL),(1188,23,323,'2',6,0,0,'2016-11-01 17:09:12',NULL);
/*!40000 ALTER TABLE `aw_visual_deliverables` ENABLE KEYS */;
UNLOCK TABLES;

--
-- Table structure for table `aw_visual_resources`
--

DROP TABLE IF EXISTS `aw_visual_resources`;
/*!40101 SET @saved_cs_client     = @@character_set_client */;
/*!40101 SET character_set_client = utf8 */;
CREATE TABLE `aw_visual_resources` (
  `resource_id` int(11) unsigned NOT NULL AUTO_INCREMENT,
  `image_path` text NOT NULL,
  `ground_truth` int(1) NOT NULL,
  `created` timestamp NULL DEFAULT NULL,
  `updated` timestamp NULL DEFAULT CURRENT_TIMESTAMP,
  PRIMARY KEY (`resource_id`)
) ENGINE=InnoDB AUTO_INCREMENT=30 DEFAULT CHARSET=latin1 COMMENT='This table contains the visual task resources.';
/*!40101 SET character_set_client = @saved_cs_client */;

--
-- Dumping data for table `aw_visual_resources`
--

LOCK TABLES `aw_visual_resources` WRITE;
/*!40000 ALTER TABLE `aw_visual_resources` DISABLE KEYS */;
INSERT INTO `aw_visual_resources` VALUES (1,'images/1.png',1,'2016-07-02 13:34:48','2016-07-02 13:34:46'),(2,'images/2.png',1,'2016-07-02 13:35:01','2016-07-02 13:35:00'),(3,'images/3.png',1,'2016-07-02 13:35:13','2016-07-02 13:35:12'),(4,'images/4.png',1,'2016-07-02 13:35:26','2016-07-02 13:35:24'),(5,'images/5.png',1,'2016-07-02 13:35:38','2016-07-02 13:35:33'),(6,'images/6.png',2,'2016-07-02 13:36:01','2016-07-02 13:35:58'),(7,'images/7.png',2,'2016-07-02 13:36:12','2016-07-02 13:36:10'),(8,'images/8.png',1,'2016-07-02 13:36:28','2016-07-02 13:36:27'),(9,'images/9.png',2,'2016-07-02 13:36:46','2016-07-02 13:36:45'),(10,'images/10.png',2,'2016-07-02 13:36:57','2016-07-02 13:36:56'),(11,'images/11.png',2,'2016-07-02 13:37:07','2016-07-02 13:37:06'),(12,'images/12.png',1,'2016-07-02 13:37:23','2016-07-02 13:37:22'),(13,'images/13.png',2,'2016-07-02 13:37:43','2016-07-02 13:37:42'),(14,'images/14.png',2,'2016-07-02 13:37:57','2016-07-02 13:37:56'),(15,'images/15.png',2,'2016-07-02 13:38:08','2016-07-02 13:38:07'),(16,'images/16.png',1,'2016-07-02 13:38:26','2016-07-02 13:38:27'),(17,'images/17.png',2,'2016-07-02 13:38:41','2016-07-02 13:38:41'),(18,'images/18.png',1,'2016-07-02 13:38:54','2016-07-02 13:38:55'),(19,'images/19.png',2,'2016-07-02 13:39:07','2016-07-02 13:39:07'),(20,'images/20.png',1,'2016-07-02 13:39:53','2016-07-02 13:39:53'),(21,'images/21.png',2,'2016-07-02 13:40:18','2016-07-02 13:40:18'),(22,'images/22.png',2,'2016-07-02 13:40:29','2016-07-02 13:40:29'),(23,'images/23.png',1,'2016-07-02 13:40:45','2016-07-02 13:40:45'),(24,'images/24.png',2,'2016-07-02 13:43:58','2016-07-02 13:43:58'),(25,'images/25.png',2,'2016-07-02 13:43:58','2016-07-02 13:43:58'),(26,'images/26.png',2,'2016-07-02 13:43:58','2016-07-02 13:43:58'),(27,'images/27.png',2,'2016-07-02 13:43:58','2016-07-02 13:43:58'),(28,'images/28.png',2,'2016-07-02 13:43:58','2016-07-02 13:43:58'),(29,'images/29.png',2,'2016-07-02 13:43:58','2016-07-02 13:43:58');
/*!40000 ALTER TABLE `aw_visual_resources` ENABLE KEYS */;
UNLOCK TABLES;

--
-- Table structure for table `aw_word_relevancy_deliverables`
--

DROP TABLE IF EXISTS `aw_word_relevancy_deliverables`;
/*!40101 SET @saved_cs_client     = @@character_set_client */;
/*!40101 SET character_set_client = utf8 */;
CREATE TABLE `aw_word_relevancy_deliverables` (
  `deliverable_id` int(50) unsigned NOT NULL AUTO_INCREMENT,
  `fk_user_id` int(50) unsigned NOT NULL DEFAULT '0',
  `fk_sentence_id` int(50) unsigned NOT NULL DEFAULT '0',
  `fk_word_id` int(50) unsigned DEFAULT '0',
  `time_taken` int(50) unsigned NOT NULL DEFAULT '0',
  `skipped` int(50) unsigned NOT NULL DEFAULT '0',
  `is_correct` int(1) unsigned DEFAULT '0',
  `created` datetime DEFAULT NULL,
  `updated` datetime DEFAULT NULL,
  PRIMARY KEY (`deliverable_id`),
  KEY `FK_USER_ID` (`fk_user_id`),
  KEY `FK_DELIVERABLE_SENTENCE_ID` (`fk_sentence_id`),
  KEY `FK_DELIVERABLE_WORD_ID` (`fk_word_id`),
  CONSTRAINT `FK_DELIVERABLE_SENTENCE_ID` FOREIGN KEY (`fk_sentence_id`) REFERENCES `aw_word_relevancy_sentences` (`sentence_id`),
  CONSTRAINT `FK_DELIVERABLE_WORD_ID` FOREIGN KEY (`fk_word_id`) REFERENCES `aw_word_relevancy_words` (`word_id`),
  CONSTRAINT `FK_USER_ID` FOREIGN KEY (`fk_user_id`) REFERENCES `users` (`id`)
) ENGINE=InnoDB AUTO_INCREMENT=777 DEFAULT CHARSET=latin1 COMMENT='This table contains the word relevancy task deliverables';
/*!40101 SET character_set_client = @saved_cs_client */;

--
-- Dumping data for table `aw_word_relevancy_deliverables`
--

LOCK TABLES `aw_word_relevancy_deliverables` WRITE;
/*!40000 ALTER TABLE `aw_word_relevancy_deliverables` DISABLE KEYS */;
INSERT INTO `aw_word_relevancy_deliverables` VALUES (1,18,26,76,0,0,0,'2016-10-06 10:02:56',NULL),(12,259,11,32,0,0,0,'2016-10-07 18:18:20',NULL),(13,259,1,1,0,0,0,'2016-10-07 18:18:41',NULL),(14,259,2,6,0,0,1,'2016-10-07 18:18:57',NULL),(15,259,3,8,0,0,1,'2016-10-07 18:19:23',NULL),(16,259,4,9,0,0,1,'2016-10-07 18:19:37',NULL),(17,259,5,13,0,0,0,'2016-10-07 18:19:46',NULL),(18,259,6,15,0,0,1,'2016-10-07 18:20:04',NULL),(19,259,7,18,0,0,1,'2016-10-07 18:20:16',NULL),(20,259,8,21,0,0,1,'2016-10-07 18:20:32',NULL),(21,259,9,25,0,0,0,'2016-10-07 18:20:44',NULL),(22,259,10,27,0,0,1,'2016-10-07 18:20:56',NULL),(23,259,12,35,0,0,0,'2016-10-07 18:21:06',NULL),(24,259,13,36,0,0,1,'2016-10-07 18:21:28',NULL),(25,259,14,40,0,0,0,'2016-10-07 18:21:36',NULL),(26,259,15,42,0,0,1,'2016-10-07 18:21:45',NULL),(27,259,16,47,0,0,0,'2016-10-07 18:21:55',NULL),(28,259,17,NULL,0,1,0,'2016-10-07 18:22:03',NULL),(29,259,18,NULL,0,1,0,'2016-10-07 18:22:10',NULL),(30,259,19,56,0,0,0,'2016-10-07 18:22:30',NULL),(31,259,20,57,0,0,1,'2016-10-07 18:22:39',NULL),(32,259,21,60,0,0,1,'2016-10-07 18:22:46',NULL),(33,259,22,63,0,0,1,'2016-10-07 18:22:56',NULL),(34,259,23,67,0,0,0,'2016-10-07 18:23:29',NULL),(35,259,24,70,0,0,0,'2016-10-07 18:23:33',NULL),(36,259,25,72,0,0,1,'2016-10-07 18:23:41',NULL),(37,258,13,38,0,0,0,'2016-10-07 18:23:49',NULL),(38,259,26,75,0,0,1,'2016-10-07 18:24:15',NULL),(39,258,1,3,0,0,1,'2016-10-07 18:24:25',NULL),(40,259,27,80,0,0,0,'2016-10-07 18:24:29',NULL),(41,258,2,NULL,0,1,0,'2016-10-07 18:25:12',NULL),(42,258,3,8,0,0,1,'2016-10-07 18:25:24',NULL),(43,258,4,9,0,0,1,'2016-10-07 18:25:41',NULL),(44,258,5,13,0,0,0,'2016-10-07 18:25:58',NULL),(45,258,6,NULL,0,1,0,'2016-10-07 18:26:05',NULL),(46,258,7,20,0,0,0,'2016-10-07 18:26:18',NULL),(47,261,13,37,0,0,0,'2016-10-12 14:35:13',NULL),(48,261,1,2,0,0,0,'2016-10-12 14:37:39',NULL),(49,263,18,51,0,0,1,'2016-10-12 14:43:03',NULL),(50,263,1,1,0,0,0,'2016-10-12 14:43:11',NULL),(51,263,2,5,0,0,0,'2016-10-12 14:43:26',NULL),(52,263,3,7,0,0,0,'2016-10-12 14:43:45',NULL),(53,263,4,10,0,0,0,'2016-10-12 14:48:35',NULL),(54,263,5,13,0,0,0,'2016-10-12 14:48:43',NULL),(55,263,6,15,0,0,1,'2016-10-12 14:50:01',NULL),(56,263,7,20,0,0,0,'2016-10-12 14:50:08',NULL),(57,263,8,23,0,0,0,'2016-10-12 14:50:22',NULL),(58,263,9,26,0,0,0,'2016-10-12 14:50:37',NULL),(59,263,10,29,0,0,0,'2016-10-12 14:50:41',NULL),(60,263,11,31,0,0,0,'2016-10-12 14:50:52',NULL),(61,263,12,33,0,0,1,'2016-10-12 14:51:00',NULL),(62,263,13,38,0,0,0,'2016-10-12 14:51:08',NULL),(63,263,14,39,0,0,1,'2016-10-12 14:51:15',NULL),(64,263,15,42,0,0,1,'2016-10-12 14:51:34',NULL),(65,263,16,45,0,0,1,'2016-10-12 14:51:37',NULL),(66,263,17,49,0,0,0,'2016-10-12 14:51:41',NULL),(67,263,19,56,0,0,0,'2016-10-12 14:51:44',NULL),(68,263,20,57,0,0,1,'2016-10-12 14:51:46',NULL),(69,263,21,60,0,0,1,'2016-10-12 14:51:49',NULL),(70,263,22,63,0,0,1,'2016-10-12 14:51:51',NULL),(71,263,23,66,0,0,1,'2016-10-12 14:51:54',NULL),(72,263,24,69,0,0,1,'2016-10-12 14:51:58',NULL),(73,263,25,73,0,0,0,'2016-10-12 14:52:05',NULL),(74,263,26,76,0,0,0,'2016-10-12 14:52:10',NULL),(75,264,17,49,0,0,0,'2016-10-12 14:52:25',NULL),(76,264,1,1,0,0,0,'2016-10-12 14:52:50',NULL),(77,262,25,72,0,0,1,'2016-10-12 18:26:36',NULL),(78,262,1,2,0,0,0,'2016-10-12 18:27:21',NULL),(79,262,2,4,0,0,0,'2016-10-12 18:27:58',NULL),(80,262,3,8,0,0,1,'2016-10-12 18:28:21',NULL),(81,262,4,10,0,0,0,'2016-10-12 18:29:04',NULL),(82,262,5,14,0,0,0,'2016-10-12 18:29:13',NULL),(83,262,6,16,0,0,0,'2016-10-12 18:29:23',NULL),(84,262,7,18,0,0,1,'2016-10-12 18:29:42',NULL),(85,271,6,15,0,0,1,'2016-10-12 19:40:07',NULL),(86,271,1,1,0,0,0,'2016-10-12 19:40:16',NULL),(87,271,2,6,0,0,1,'2016-10-12 19:40:19',NULL),(88,271,3,7,0,0,0,'2016-10-12 19:40:25',NULL),(89,271,4,9,0,0,1,'2016-10-12 19:40:30',NULL),(90,271,5,13,0,0,0,'2016-10-12 19:40:37',NULL),(91,264,2,6,0,0,1,'2016-10-13 09:37:55',NULL),(92,264,3,8,0,0,1,'2016-10-13 09:38:07',NULL),(93,265,22,64,0,0,0,'2016-10-13 16:39:32',NULL),(94,265,1,3,0,0,1,'2016-10-13 16:40:33',NULL),(95,265,2,6,0,0,1,'2016-10-13 16:41:21',NULL),(96,265,3,8,0,0,1,'2016-10-13 16:41:58',NULL),(97,265,4,9,0,0,1,'2016-10-13 16:44:47',NULL),(98,265,5,12,0,0,1,'2016-10-13 16:45:07',NULL),(99,265,6,15,0,0,1,'2016-10-13 16:45:38',NULL),(100,265,7,18,0,0,1,'2016-10-13 16:46:19',NULL),(101,265,8,21,0,0,1,'2016-10-13 16:46:45',NULL),(102,265,9,26,0,0,0,'2016-10-13 16:47:20',NULL),(103,265,10,29,0,0,0,'2016-10-13 16:49:00',NULL),(104,265,11,30,0,0,1,'2016-10-13 16:49:33',NULL),(105,265,12,33,0,0,1,'2016-10-13 16:50:02',NULL),(106,265,13,36,0,0,1,'2016-10-13 16:50:39',NULL),(107,265,14,39,0,0,1,'2016-10-13 16:51:43',NULL),(108,265,15,43,0,0,0,'2016-10-13 16:52:21',NULL),(109,265,16,45,0,0,1,'2016-10-13 16:52:33',NULL),(110,265,17,48,0,0,1,'2016-10-13 16:52:48',NULL),(111,273,9,24,0,0,1,'2016-10-16 14:24:38',NULL),(112,273,1,3,0,0,1,'2016-10-16 14:24:46',NULL),(113,273,2,6,0,0,1,'2016-10-16 14:24:54',NULL),(114,273,3,8,0,0,1,'2016-10-16 14:25:01',NULL),(115,273,4,9,0,0,1,'2016-10-16 14:25:09',NULL),(116,273,5,12,0,0,1,'2016-10-16 14:25:14',NULL),(117,273,6,15,0,0,1,'2016-10-16 14:25:20',NULL),(118,273,7,18,0,0,1,'2016-10-16 14:25:28',NULL),(119,273,8,21,0,0,1,'2016-10-16 14:25:36',NULL),(120,273,10,27,0,0,1,'2016-10-16 14:25:46',NULL),(121,273,11,32,0,0,0,'2016-10-16 14:25:51',NULL),(122,273,12,33,0,0,1,'2016-10-16 14:26:00',NULL),(123,273,13,36,0,0,1,'2016-10-16 14:26:07',NULL),(124,273,14,41,0,0,0,'2016-10-16 14:26:20',NULL),(125,273,15,42,0,0,1,'2016-10-16 14:26:28',NULL),(126,273,16,45,0,0,1,'2016-10-16 14:26:35',NULL),(127,273,17,49,0,0,0,'2016-10-16 14:26:43',NULL),(128,273,18,51,0,0,1,'2016-10-16 14:26:52',NULL),(129,273,19,54,0,0,1,'2016-10-16 14:27:00',NULL),(130,273,20,59,0,0,0,'2016-10-16 14:27:13',NULL),(131,273,21,61,0,0,0,'2016-10-16 14:27:20',NULL),(132,273,22,63,0,0,1,'2016-10-16 14:27:28',NULL),(133,273,23,66,0,0,1,'2016-10-16 14:27:34',NULL),(134,273,24,70,0,0,0,'2016-10-16 14:27:43',NULL),(135,273,25,72,0,0,1,'2016-10-16 14:27:53',NULL),(136,273,26,75,0,0,1,'2016-10-16 14:27:58',NULL),(137,273,27,80,0,0,0,'2016-10-16 14:28:11',NULL),(138,272,3,8,0,0,1,'2016-10-16 17:52:54',NULL),(139,272,1,1,0,0,0,'2016-10-16 17:53:42',NULL),(140,272,2,6,0,0,1,'2016-10-16 17:54:18',NULL),(141,272,4,9,0,0,1,'2016-10-16 17:55:40',NULL),(142,272,5,14,0,0,0,'2016-10-16 17:56:30',NULL),(143,272,6,15,0,0,1,'2016-10-16 17:57:02',NULL),(144,272,7,18,0,0,1,'2016-10-16 17:57:09',NULL),(145,272,8,21,0,0,1,'2016-10-16 17:57:47',NULL),(146,272,9,25,0,0,0,'2016-10-16 17:59:04',NULL),(147,272,10,27,0,0,1,'2016-10-16 17:59:19',NULL),(148,272,11,30,0,0,1,'2016-10-16 17:59:56',NULL),(149,272,12,35,0,0,0,'2016-10-16 18:00:29',NULL),(150,272,13,36,0,0,1,'2016-10-16 18:01:10',NULL),(151,272,14,41,0,0,0,'2016-10-16 18:01:31',NULL),(152,272,15,43,0,0,0,'2016-10-16 18:01:53',NULL),(153,272,16,45,0,0,1,'2016-10-16 18:02:21',NULL),(154,272,17,49,0,0,0,'2016-10-16 18:02:35',NULL),(155,272,18,52,0,0,0,'2016-10-16 18:02:59',NULL),(156,275,1,3,0,0,1,'2016-10-17 13:35:07',NULL),(157,275,2,6,0,0,1,'2016-10-17 13:35:15',NULL),(158,275,3,8,0,0,1,'2016-10-17 13:35:21',NULL),(159,275,4,9,0,0,1,'2016-10-17 13:35:39',NULL),(160,275,5,12,0,0,1,'2016-10-17 13:35:45',NULL),(161,275,6,15,0,0,1,'2016-10-17 13:35:53',NULL),(162,275,7,20,0,0,0,'2016-10-17 13:36:04',NULL),(163,275,8,21,0,0,1,'2016-10-17 13:36:10',NULL),(164,275,9,25,0,0,0,'2016-10-17 13:36:19',NULL),(165,275,10,29,0,0,0,'2016-10-17 13:36:29',NULL),(166,275,11,31,0,0,0,'2016-10-17 13:36:35',NULL),(167,275,12,33,0,0,1,'2016-10-17 13:36:46',NULL),(168,275,13,37,0,0,0,'2016-10-17 13:36:58',NULL),(169,275,14,39,0,0,1,'2016-10-17 13:37:14',NULL),(170,275,15,42,0,0,1,'2016-10-17 13:37:21',NULL),(171,275,16,45,0,0,1,'2016-10-17 13:37:28',NULL),(172,275,17,50,0,0,0,'2016-10-17 13:37:47',NULL),(173,275,18,51,0,0,1,'2016-10-17 13:37:57',NULL),(174,275,19,54,0,0,1,'2016-10-17 13:38:10',NULL),(175,275,20,59,0,0,0,'2016-10-17 13:38:27',NULL),(176,275,21,61,0,0,0,'2016-10-17 13:38:37',NULL),(177,275,22,63,0,0,1,'2016-10-17 13:38:51',NULL),(178,275,23,66,0,0,1,'2016-10-17 13:39:08',NULL),(179,275,24,69,0,0,1,'2016-10-17 13:39:17',NULL),(180,275,25,72,0,0,1,'2016-10-17 13:39:27',NULL),(181,275,26,75,0,0,1,'2016-10-17 13:39:33',NULL),(182,275,27,78,0,0,1,'2016-10-17 13:39:44',NULL),(183,276,4,9,0,0,1,'2016-10-17 14:19:13',NULL),(184,276,1,1,0,0,0,'2016-10-17 14:19:37',NULL),(185,276,2,6,0,0,1,'2016-10-17 14:19:45',NULL),(186,276,3,8,0,0,1,'2016-10-17 14:20:00',NULL),(187,276,5,12,0,0,1,'2016-10-17 14:20:05',NULL),(188,276,6,15,0,0,1,'2016-10-17 14:20:10',NULL),(189,276,7,18,0,0,1,'2016-10-17 14:20:20',NULL),(190,276,8,21,0,0,1,'2016-10-17 14:20:28',NULL),(191,276,9,24,0,0,1,'2016-10-17 14:20:35',NULL),(192,276,10,27,0,0,1,'2016-10-17 14:20:44',NULL),(193,276,11,32,0,0,0,'2016-10-17 14:20:53',NULL),(194,276,12,33,0,0,1,'2016-10-17 14:21:05',NULL),(195,276,13,37,0,0,0,'2016-10-17 14:21:12',NULL),(196,276,14,41,0,0,0,'2016-10-17 14:21:25',NULL),(197,276,15,42,0,0,1,'2016-10-17 14:21:30',NULL),(198,276,16,45,0,0,1,'2016-10-17 14:21:35',NULL),(199,276,17,49,0,0,0,'2016-10-17 14:21:50',NULL),(200,276,18,52,0,0,0,'2016-10-17 14:21:57',NULL),(201,276,19,54,0,0,1,'2016-10-17 14:22:06',NULL),(202,276,20,57,0,0,1,'2016-10-17 14:22:12',NULL),(203,276,21,60,0,0,1,'2016-10-17 14:39:39',NULL),(204,276,22,63,0,0,1,'2016-10-17 14:39:47',NULL),(205,276,23,66,0,0,1,'2016-10-17 14:39:53',NULL),(206,276,24,69,0,0,1,'2016-10-17 14:40:04',NULL),(207,276,25,72,0,0,1,'2016-10-17 14:40:15',NULL),(208,276,26,75,0,0,1,'2016-10-17 14:40:21',NULL),(209,276,27,79,0,0,0,'2016-10-17 14:41:50',NULL),(210,272,19,54,0,0,1,'2016-10-18 12:25:11',NULL),(211,272,20,57,0,0,1,'2016-10-18 12:25:39',NULL),(212,272,21,60,0,0,1,'2016-10-18 12:25:57',NULL),(213,272,22,63,0,0,1,'2016-10-18 12:28:23',NULL),(214,272,23,66,0,0,1,'2016-10-18 12:28:55',NULL),(215,272,24,69,0,0,1,'2016-10-18 12:29:40',NULL),(216,272,25,72,0,0,1,'2016-10-18 12:30:22',NULL),(217,272,26,75,0,0,1,'2016-10-18 12:30:50',NULL),(218,272,27,79,0,0,0,'2016-10-18 12:33:11',NULL),(219,280,7,18,0,0,1,'2016-10-18 12:40:15',NULL),(220,280,1,1,0,0,0,'2016-10-18 12:40:43',NULL),(221,280,2,6,0,0,1,'2016-10-18 12:41:11',NULL),(222,280,3,8,0,0,1,'2016-10-18 12:41:21',NULL),(223,280,4,9,0,0,1,'2016-10-18 12:41:51',NULL),(224,280,5,12,0,0,1,'2016-10-18 12:42:01',NULL),(225,280,6,15,0,0,1,'2016-10-18 12:42:14',NULL),(226,280,8,21,0,0,1,'2016-10-18 12:42:23',NULL),(227,280,9,25,0,0,0,'2016-10-18 12:42:37',NULL),(228,280,10,27,0,0,1,'2016-10-18 12:43:38',NULL),(229,280,11,32,0,0,0,'2016-10-18 12:43:52',NULL),(230,280,12,33,0,0,1,'2016-10-18 12:44:14',NULL),(231,280,13,37,0,0,0,'2016-10-18 12:45:12',NULL),(232,281,4,11,0,0,0,'2016-10-18 13:27:04',NULL),(233,281,1,1,0,0,0,'2016-10-18 13:27:17',NULL),(234,281,2,6,0,0,1,'2016-10-18 13:27:30',NULL),(235,281,3,8,0,0,1,'2016-10-18 13:28:12',NULL),(236,281,5,12,0,0,1,'2016-10-18 13:28:18',NULL),(237,281,6,15,0,0,1,'2016-10-18 13:28:22',NULL),(238,281,7,18,0,0,1,'2016-10-18 13:28:27',NULL),(239,281,8,21,0,0,1,'2016-10-18 13:28:38',NULL),(240,281,9,26,0,0,0,'2016-10-18 13:28:45',NULL),(241,281,10,27,0,0,1,'2016-10-18 13:28:52',NULL),(242,281,11,30,0,0,1,'2016-10-18 13:28:56',NULL),(243,281,12,33,0,0,1,'2016-10-18 13:29:05',NULL),(244,281,13,36,0,0,1,'2016-10-18 13:29:13',NULL),(245,281,14,40,0,0,0,'2016-10-18 13:29:22',NULL),(246,281,15,42,0,0,1,'2016-10-18 13:47:50',NULL),(247,281,16,45,0,0,1,'2016-10-18 13:47:55',NULL),(248,281,17,49,0,0,0,'2016-10-18 13:47:59',NULL),(249,281,18,51,0,0,1,'2016-10-18 13:48:03',NULL),(250,281,19,54,0,0,1,'2016-10-18 13:48:43',NULL),(251,281,20,57,0,0,1,'2016-10-18 13:49:53',NULL),(252,281,21,60,0,0,1,'2016-10-18 13:49:57',NULL),(253,280,14,41,0,0,0,'2016-10-18 13:49:57',NULL),(254,281,22,63,0,0,1,'2016-10-18 13:50:03',NULL),(255,281,23,66,0,0,1,'2016-10-18 13:50:09',NULL),(256,280,15,42,0,0,1,'2016-10-18 13:50:12',NULL),(257,281,24,69,0,0,1,'2016-10-18 13:50:15',NULL),(258,280,16,45,0,0,1,'2016-10-18 13:50:17',NULL),(259,281,25,72,0,0,1,'2016-10-18 13:50:19',NULL),(260,281,26,75,0,0,1,'2016-10-18 13:50:23',NULL),(261,281,27,79,0,0,0,'2016-10-18 13:50:32',NULL),(262,280,17,48,0,0,1,'2016-10-18 13:50:36',NULL),(263,280,18,51,0,0,1,'2016-10-18 13:51:16',NULL),(264,280,19,55,0,0,0,'2016-10-18 13:51:30',NULL),(265,280,20,57,0,0,1,'2016-10-18 13:51:38',NULL),(266,280,21,60,0,0,1,'2016-10-18 13:52:03',NULL),(267,279,8,21,0,0,1,'2016-10-18 14:06:11',NULL),(268,279,1,3,0,0,1,'2016-10-18 14:06:20',NULL),(269,279,2,6,0,0,1,'2016-10-18 14:06:30',NULL),(270,279,3,8,0,0,1,'2016-10-18 14:06:37',NULL),(271,279,4,9,0,0,1,'2016-10-18 14:06:49',NULL),(272,279,5,12,0,0,1,'2016-10-18 14:06:53',NULL),(273,279,6,15,0,0,1,'2016-10-18 14:06:59',NULL),(274,279,7,18,0,0,1,'2016-10-18 14:07:05',NULL),(275,279,9,24,0,0,1,'2016-10-18 14:07:14',NULL),(276,279,10,29,0,0,0,'2016-10-18 14:07:30',NULL),(277,279,11,30,0,0,1,'2016-10-18 14:07:44',NULL),(278,279,12,33,0,0,1,'2016-10-18 14:07:51',NULL),(279,279,13,36,0,0,1,'2016-10-18 14:07:58',NULL),(280,279,14,39,0,0,1,'2016-10-18 14:08:13',NULL),(281,279,15,42,0,0,1,'2016-10-18 14:08:19',NULL),(282,279,16,45,0,0,1,'2016-10-18 14:08:30',NULL),(283,279,17,48,0,0,1,'2016-10-18 14:08:39',NULL),(284,279,18,51,0,0,1,'2016-10-18 14:08:48',NULL),(285,279,19,54,0,0,1,'2016-10-18 14:08:58',NULL),(286,279,20,57,0,0,1,'2016-10-18 14:09:06',NULL),(287,279,21,60,0,0,1,'2016-10-18 14:09:16',NULL),(288,279,22,63,0,0,1,'2016-10-18 14:10:08',NULL),(289,279,23,66,0,0,1,'2016-10-18 14:10:16',NULL),(290,279,24,70,0,0,0,'2016-10-18 14:10:25',NULL),(291,279,25,72,0,0,1,'2016-10-18 14:10:32',NULL),(292,279,26,75,0,0,1,'2016-10-18 14:10:43',NULL),(293,279,27,80,0,0,0,'2016-10-18 14:11:09',NULL),(294,280,22,63,0,0,1,'2016-10-19 07:45:20',NULL),(295,280,23,66,0,0,1,'2016-10-19 07:45:47',NULL),(296,280,24,69,0,0,1,'2016-10-19 07:45:51',NULL),(297,280,25,72,0,0,1,'2016-10-19 07:46:04',NULL),(298,280,26,75,0,0,1,'2016-10-19 07:46:18',NULL),(299,280,27,78,0,0,1,'2016-10-19 07:46:53',NULL),(300,285,21,60,0,0,1,'2016-10-19 13:05:41',NULL),(301,285,1,3,0,0,1,'2016-10-19 13:05:49',NULL),(302,285,2,6,0,0,1,'2016-10-19 13:06:18',NULL),(303,285,3,8,0,0,1,'2016-10-19 13:06:37',NULL),(304,285,4,10,0,0,0,'2016-10-19 13:14:09',NULL),(305,285,5,13,0,0,0,'2016-10-19 13:14:15',NULL),(306,285,6,15,0,0,1,'2016-10-19 13:14:23',NULL),(307,285,7,18,0,0,1,'2016-10-19 13:14:30',NULL),(308,285,8,21,0,0,1,'2016-10-19 13:14:47',NULL),(309,285,9,25,0,0,0,'2016-10-19 13:14:57',NULL),(310,285,10,29,0,0,0,'2016-10-19 13:15:06',NULL),(311,285,11,32,0,0,0,'2016-10-19 13:15:11',NULL),(312,285,12,35,0,0,0,'2016-10-19 13:15:22',NULL),(313,285,13,36,0,0,1,'2016-10-19 13:15:34',NULL),(314,285,14,39,0,0,1,'2016-10-19 13:15:43',NULL),(315,285,15,43,0,0,0,'2016-10-19 13:15:46',NULL),(316,285,16,47,0,0,0,'2016-10-19 13:15:47',NULL),(317,285,17,48,0,0,1,'2016-10-19 13:15:48',NULL),(318,285,18,52,0,0,0,'2016-10-19 13:15:50',NULL),(319,285,19,56,0,0,0,'2016-10-19 13:15:51',NULL),(320,285,20,58,0,0,0,'2016-10-19 13:15:53',NULL),(321,285,22,64,0,0,0,'2016-10-19 13:15:54',NULL),(322,285,23,66,0,0,1,'2016-10-19 13:15:56',NULL),(323,285,24,70,0,0,0,'2016-10-19 13:15:57',NULL),(324,285,25,73,0,0,0,'2016-10-19 13:15:58',NULL),(325,285,26,77,0,0,0,'2016-10-19 13:16:00',NULL),(326,285,27,80,0,0,0,'2016-10-19 13:16:01',NULL),(327,289,19,54,0,0,1,'2016-10-20 11:09:14',NULL),(328,289,1,2,0,0,0,'2016-10-20 11:09:31',NULL),(329,289,2,6,0,0,1,'2016-10-20 11:09:45',NULL),(330,289,3,8,0,0,1,'2016-10-20 11:09:55',NULL),(331,289,4,11,0,0,0,'2016-10-20 11:10:10',NULL),(332,289,5,12,0,0,1,'2016-10-20 11:10:22',NULL),(333,289,6,15,0,0,1,'2016-10-20 11:10:30',NULL),(334,289,7,20,0,0,0,'2016-10-20 11:10:40',NULL),(335,289,8,23,0,0,0,'2016-10-20 11:10:54',NULL),(336,289,9,24,0,0,1,'2016-10-20 11:11:02',NULL),(337,289,10,27,0,0,1,'2016-10-20 11:11:12',NULL),(338,289,11,32,0,0,0,'2016-10-20 11:11:20',NULL),(339,289,12,33,0,0,1,'2016-10-20 11:11:35',NULL),(340,289,13,36,0,0,1,'2016-10-20 11:11:45',NULL),(341,289,14,40,0,0,0,'2016-10-20 11:11:55',NULL),(342,289,15,42,0,0,1,'2016-10-20 11:12:02',NULL),(343,289,16,47,0,0,0,'2016-10-20 11:12:12',NULL),(344,289,17,49,0,0,0,'2016-10-20 11:12:19',NULL),(345,289,18,52,0,0,0,'2016-10-20 11:12:30',NULL),(346,289,20,57,0,0,1,'2016-10-20 11:12:39',NULL),(347,289,21,60,0,0,1,'2016-10-20 11:12:48',NULL),(348,289,22,64,0,0,0,'2016-10-20 11:12:57',NULL),(349,289,23,66,0,0,1,'2016-10-20 11:13:05',NULL),(350,289,24,70,0,0,0,'2016-10-20 11:13:17',NULL),(351,289,25,73,0,0,0,'2016-10-20 11:13:24',NULL),(352,289,26,75,0,0,1,'2016-10-20 11:13:34',NULL),(353,289,27,78,0,0,1,'2016-10-20 11:13:42',NULL),(354,18,1,3,8,0,1,'2016-10-21 09:44:08',NULL),(355,290,13,36,71,0,1,'2016-10-21 11:14:48',NULL),(356,290,1,3,23,0,1,'2016-10-21 11:15:11',NULL),(357,290,2,6,12,0,1,'2016-10-21 11:15:23',NULL),(358,290,3,8,21,0,1,'2016-10-21 11:15:44',NULL),(359,290,4,9,36,0,1,'2016-10-21 11:16:20',NULL),(360,290,5,12,29,0,1,'2016-10-21 11:16:50',NULL),(361,290,6,15,37,0,1,'2016-10-21 11:17:27',NULL),(362,290,7,19,33,0,0,'2016-10-21 11:18:00',NULL),(363,290,8,21,23,0,1,'2016-10-21 11:18:23',NULL),(364,290,9,24,49,0,1,'2016-10-21 11:19:12',NULL),(365,290,10,27,50,0,1,'2016-10-21 11:20:02',NULL),(366,290,11,NULL,5,1,0,'2016-10-21 11:22:40',NULL),(367,290,12,NULL,2,1,0,'2016-10-21 11:22:42',NULL),(368,290,14,NULL,3,1,0,'2016-10-21 11:23:57',NULL),(369,290,15,43,12,0,0,'2016-10-21 16:22:03',NULL),(370,295,12,33,31,0,1,'2016-10-21 18:43:22',NULL),(371,295,1,3,12,0,1,'2016-10-21 18:43:35',NULL),(372,295,2,6,26,0,1,'2016-10-21 18:44:01',NULL),(373,295,3,8,17,0,1,'2016-10-21 18:44:18',NULL),(374,295,4,9,7,0,1,'2016-10-21 18:44:26',NULL),(375,295,5,14,11,0,0,'2016-10-21 18:44:38',NULL),(376,295,6,15,10,0,1,'2016-10-21 18:44:48',NULL),(377,295,7,18,7,0,1,'2016-10-21 18:44:55',NULL),(378,295,8,21,6,0,1,'2016-10-21 18:45:01',NULL),(379,295,9,26,9,0,0,'2016-10-21 18:45:10',NULL),(380,295,10,27,17,0,1,'2016-10-21 18:45:27',NULL),(381,295,11,32,22,0,0,'2016-10-21 18:45:49',NULL),(382,295,13,36,47,0,1,'2016-10-21 18:46:36',NULL),(383,295,14,41,27,0,0,'2016-10-21 18:47:03',NULL),(384,295,15,42,8,0,1,'2016-10-21 18:47:11',NULL),(385,295,16,45,7,0,1,'2016-10-21 18:47:18',NULL),(386,295,17,48,10,0,1,'2016-10-21 18:47:28',NULL),(387,295,18,51,10,0,1,'2016-10-21 18:47:38',NULL),(388,295,19,54,17,0,1,'2016-10-21 18:47:55',NULL),(389,295,20,57,12,0,1,'2016-10-21 18:48:07',NULL),(390,295,21,60,7,0,1,'2016-10-21 18:48:14',NULL),(391,295,22,63,9,0,1,'2016-10-21 18:48:23',NULL),(392,295,23,66,13,0,1,'2016-10-21 18:48:36',NULL),(393,295,24,69,6,0,1,'2016-10-21 18:48:42',NULL),(394,295,25,72,17,0,1,'2016-10-21 18:48:59',NULL),(395,295,26,75,7,0,1,'2016-10-21 18:49:06',NULL),(396,295,27,80,8,0,0,'2016-10-21 18:49:14',NULL),(397,296,6,15,30,0,1,'2016-10-21 19:41:26',NULL),(398,296,1,3,8,0,1,'2016-10-21 19:41:34',NULL),(399,296,2,6,4,0,1,'2016-10-21 19:41:38',NULL),(400,296,3,8,5,0,1,'2016-10-21 19:41:43',NULL),(401,296,4,9,5,0,1,'2016-10-21 19:41:48',NULL),(402,296,5,14,7,0,0,'2016-10-21 19:41:55',NULL),(403,296,7,18,12,0,1,'2016-10-21 19:42:07',NULL),(404,296,8,21,4,0,1,'2016-10-21 19:42:11',NULL),(405,296,9,26,4,0,0,'2016-10-21 19:42:15',NULL),(406,296,10,27,4,0,1,'2016-10-21 19:42:19',NULL),(407,296,11,32,7,0,0,'2016-10-21 19:42:27',NULL),(408,296,12,33,12,0,1,'2016-10-21 19:42:39',NULL),(409,296,13,36,9,0,1,'2016-10-21 19:42:48',NULL),(410,296,14,39,9,0,1,'2016-10-21 19:42:57',NULL),(411,296,15,42,4,0,1,'2016-10-21 19:43:01',NULL),(412,296,16,45,7,0,1,'2016-10-21 19:43:08',NULL),(413,296,17,48,22,0,1,'2016-10-21 19:43:30',NULL),(414,296,18,51,10,0,1,'2016-10-21 19:43:40',NULL),(415,296,19,54,13,0,1,'2016-10-21 19:43:53',NULL),(416,296,20,57,6,0,1,'2016-10-21 19:43:59',NULL),(417,296,21,60,7,0,1,'2016-10-21 19:44:06',NULL),(418,296,22,63,10,0,1,'2016-10-21 19:44:16',NULL),(419,296,23,66,48,0,1,'2016-10-21 19:45:04',NULL),(420,296,24,69,5,0,1,'2016-10-21 19:45:10',NULL),(421,296,25,72,7,0,1,'2016-10-21 19:45:18',NULL),(422,296,26,75,11,0,1,'2016-10-21 19:45:29',NULL),(423,296,27,80,6,0,0,'2016-10-21 19:45:35',NULL),(424,297,14,41,34,0,0,'2016-10-22 16:10:12',NULL),(425,297,1,3,12,0,1,'2016-10-22 16:10:24',NULL),(426,299,20,57,43,0,1,'2016-10-23 08:44:01',NULL),(427,299,1,3,16,0,1,'2016-10-23 08:44:18',NULL),(428,299,2,6,11,0,1,'2016-10-23 08:44:30',NULL),(429,299,3,7,9,0,0,'2016-10-23 08:44:40',NULL),(430,299,4,10,9,0,0,'2016-10-23 08:59:47',NULL),(431,299,5,14,8,0,0,'2016-10-23 08:59:55',NULL),(432,299,6,15,11,0,1,'2016-10-23 09:00:07',NULL),(433,299,7,18,9,0,1,'2016-10-23 09:00:16',NULL),(434,299,8,22,14,0,0,'2016-10-23 09:00:30',NULL),(435,299,9,24,11,0,1,'2016-10-23 09:00:41',NULL),(436,299,10,27,12,0,1,'2016-10-23 09:01:03',NULL),(437,299,11,32,8,0,0,'2016-10-23 09:01:12',NULL),(438,290,16,45,35,0,1,'2016-10-24 09:42:02',NULL),(439,290,17,48,21,0,1,'2016-10-24 09:42:24',NULL),(440,290,18,51,28,0,1,'2016-10-24 09:42:53',NULL),(441,290,19,54,59,0,1,'2016-10-24 09:43:52',NULL),(442,290,20,57,27,0,1,'2016-10-24 09:44:20',NULL),(443,290,21,60,16,0,1,'2016-10-24 09:44:36',NULL),(444,290,22,63,51,0,1,'2016-10-24 09:45:27',NULL),(445,290,23,66,49,0,1,'2016-10-24 09:46:16',NULL),(446,290,24,69,11,0,1,'2016-10-24 09:46:27',NULL),(447,290,25,72,27,0,1,'2016-10-24 09:46:54',NULL),(448,290,26,75,12,0,1,'2016-10-24 09:47:06',NULL),(449,290,27,78,44,0,1,'2016-10-24 09:47:50',NULL),(450,303,14,NULL,50,1,0,'2016-10-24 09:54:41',NULL),(451,303,1,NULL,14,1,0,'2016-10-24 09:54:55',NULL),(452,303,2,NULL,23,1,0,'2016-10-24 09:55:18',NULL),(453,291,26,75,5,0,1,'2016-10-24 11:59:35',NULL),(454,291,1,3,5,0,1,'2016-10-24 11:59:40',NULL),(455,291,2,6,14,0,1,'2016-10-24 11:59:54',NULL),(456,291,3,8,22,0,1,'2016-10-24 12:00:16',NULL),(457,291,4,9,5,0,1,'2016-10-24 12:00:21',NULL),(458,291,5,14,4,0,0,'2016-10-24 12:00:25',NULL),(459,291,6,15,4,0,1,'2016-10-24 12:00:29',NULL),(460,291,7,18,4,0,1,'2016-10-24 12:00:33',NULL),(461,291,8,21,3,0,1,'2016-10-24 12:00:36',NULL),(462,291,9,26,3,0,0,'2016-10-24 12:00:39',NULL),(463,291,10,27,4,0,1,'2016-10-24 12:00:43',NULL),(464,291,11,32,3,0,0,'2016-10-24 12:00:47',NULL),(465,291,12,33,4,0,1,'2016-10-24 12:00:51',NULL),(466,291,13,36,7,0,1,'2016-10-24 12:00:59',NULL),(467,291,14,39,8,0,1,'2016-10-24 12:01:07',NULL),(468,291,15,42,2,0,1,'2016-10-24 12:01:09',NULL),(469,291,16,45,4,0,1,'2016-10-24 12:01:13',NULL),(470,291,17,48,6,0,1,'2016-10-24 12:01:19',NULL),(471,291,18,51,7,0,1,'2016-10-24 12:01:26',NULL),(472,291,19,54,17,0,1,'2016-10-24 12:01:44',NULL),(473,291,20,57,20,0,1,'2016-10-24 12:02:04',NULL),(474,291,21,60,5,0,1,'2016-10-24 12:02:09',NULL),(475,291,22,63,7,0,1,'2016-10-24 12:02:16',NULL),(476,291,23,66,8,0,1,'2016-10-24 12:02:24',NULL),(477,291,24,69,4,0,1,'2016-10-24 12:02:28',NULL),(478,291,25,72,6,0,1,'2016-10-24 12:02:34',NULL),(479,291,27,80,5,0,0,'2016-10-24 12:02:39',NULL),(480,306,23,66,49,0,1,'2016-10-24 17:14:24',NULL),(481,306,1,3,34,0,1,'2016-10-24 17:19:37',NULL),(482,306,2,6,29,0,1,'2016-10-24 17:20:06',NULL),(483,306,3,8,10,0,1,'2016-10-24 17:20:16',NULL),(484,306,4,9,34,0,1,'2016-10-24 17:20:50',NULL),(485,306,5,14,29,0,0,'2016-10-24 17:21:20',NULL),(486,306,6,15,33,0,1,'2016-10-24 17:21:53',NULL),(487,306,7,18,6,0,1,'2016-10-24 17:21:59',NULL),(488,306,8,21,8,0,1,'2016-10-24 17:22:08',NULL),(489,306,9,24,36,0,1,'2016-10-24 17:22:45',NULL),(490,307,10,27,9,0,1,'2016-10-24 20:52:27',NULL),(491,307,1,3,7,0,1,'2016-10-24 20:52:34',NULL),(492,307,2,5,5,0,0,'2016-10-24 20:52:39',NULL),(493,307,3,8,4,0,1,'2016-10-24 20:52:43',NULL),(494,307,4,11,5,0,0,'2016-10-24 20:52:48',NULL),(495,307,5,13,3,0,0,'2016-10-24 20:52:51',NULL),(496,307,6,15,3,0,1,'2016-10-24 20:52:54',NULL),(497,307,7,18,3,0,1,'2016-10-24 20:52:57',NULL),(498,307,8,21,4,0,1,'2016-10-24 20:53:01',NULL),(499,307,9,25,4,0,0,'2016-10-24 20:53:05',NULL),(500,307,11,32,3,0,0,'2016-10-24 20:53:08',NULL),(501,307,12,33,3,0,1,'2016-10-24 20:53:11',NULL),(502,307,13,36,4,0,1,'2016-10-24 20:53:15',NULL),(503,307,14,39,7,0,1,'2016-10-24 20:53:22',NULL),(504,307,15,43,3,0,0,'2016-10-24 20:53:25',NULL),(505,307,16,46,2,0,0,'2016-10-24 20:53:27',NULL),(506,307,17,48,3,0,1,'2016-10-24 20:53:30',NULL),(507,307,18,52,4,0,0,'2016-10-24 20:53:34',NULL),(508,307,19,55,3,0,0,'2016-10-24 20:53:37',NULL),(509,307,20,57,2,0,1,'2016-10-24 20:53:39',NULL),(510,307,21,61,3,0,0,'2016-10-24 20:53:42',NULL),(511,307,22,63,5,0,1,'2016-10-24 20:53:48',NULL),(512,307,23,67,1,0,0,'2016-10-24 20:53:49',NULL),(513,307,24,71,4,0,0,'2016-10-24 20:53:53',NULL),(514,307,25,73,1,0,0,'2016-10-24 20:53:54',NULL),(515,307,26,77,3,0,0,'2016-10-24 20:53:57',NULL),(516,307,27,78,2,0,1,'2016-10-24 20:53:59',NULL),(517,292,3,8,10,0,1,'2016-10-25 13:24:36',NULL),(518,292,1,1,5,0,0,'2016-10-25 13:24:41',NULL),(519,292,2,6,8,0,1,'2016-10-25 13:24:49',NULL),(520,292,4,11,5,0,0,'2016-10-25 13:24:54',NULL),(521,292,5,12,5,0,1,'2016-10-25 13:25:00',NULL),(522,292,6,17,5,0,0,'2016-10-25 13:25:05',NULL),(523,292,7,18,5,0,1,'2016-10-25 13:25:10',NULL),(524,292,8,23,9,0,0,'2016-10-25 13:25:19',NULL),(525,292,9,26,7,0,0,'2016-10-25 13:25:26',NULL),(526,292,10,29,9,0,0,'2016-10-25 13:25:35',NULL),(527,292,11,31,3,0,0,'2016-10-25 13:25:38',NULL),(528,292,12,35,7,0,0,'2016-10-25 13:25:45',NULL),(529,292,13,36,8,0,1,'2016-10-25 13:25:53',NULL),(530,292,14,39,6,0,1,'2016-10-25 13:25:59',NULL),(531,292,15,42,5,0,1,'2016-10-25 13:26:04',NULL),(532,292,16,47,5,0,0,'2016-10-25 13:26:09',NULL),(533,292,17,49,5,0,0,'2016-10-25 13:26:14',NULL),(534,292,18,52,6,0,0,'2016-10-25 13:26:20',NULL),(535,292,19,56,4,0,0,'2016-10-25 13:26:24',NULL),(536,292,20,57,5,0,1,'2016-10-25 13:26:29',NULL),(537,292,21,60,9,0,1,'2016-10-25 13:26:38',NULL),(538,292,22,64,12,0,0,'2016-10-25 13:26:50',NULL),(539,292,23,68,5,0,0,'2016-10-25 13:26:55',NULL),(540,292,24,70,4,0,0,'2016-10-25 13:26:59',NULL),(541,292,25,73,4,0,0,'2016-10-25 13:27:03',NULL),(542,292,26,77,4,0,0,'2016-10-25 13:27:07',NULL),(543,292,27,80,5,0,0,'2016-10-25 13:27:12',NULL),(544,309,25,72,5,0,1,'2016-10-25 14:13:31',NULL),(545,309,1,3,4,0,1,'2016-10-25 14:13:35',NULL),(546,309,2,6,3,0,1,'2016-10-25 14:13:38',NULL),(547,309,3,8,3,0,1,'2016-10-25 14:13:42',NULL),(548,309,4,9,5,0,1,'2016-10-25 14:13:47',NULL),(549,309,5,12,3,0,1,'2016-10-25 14:13:50',NULL),(550,309,6,15,5,0,1,'2016-10-25 14:13:55',NULL),(551,309,7,18,9,0,1,'2016-10-25 14:14:04',NULL),(552,309,8,21,3,0,1,'2016-10-25 14:14:07',NULL),(553,309,9,24,5,0,1,'2016-10-25 14:14:12',NULL),(554,309,10,27,10,0,1,'2016-10-25 14:14:22',NULL),(555,309,11,32,7,0,0,'2016-10-25 14:14:29',NULL),(556,309,12,NULL,12,1,0,'2016-10-25 14:14:41',NULL),(557,309,13,36,4,0,1,'2016-10-25 14:14:45',NULL),(558,309,14,39,8,0,1,'2016-10-25 14:14:53',NULL),(559,309,15,42,4,0,1,'2016-10-25 14:14:57',NULL),(560,309,16,45,9,0,1,'2016-10-25 14:15:06',NULL),(561,309,17,49,8,0,0,'2016-10-25 14:15:14',NULL),(562,309,18,51,8,0,1,'2016-10-25 14:15:22',NULL),(563,309,19,54,5,0,1,'2016-10-25 14:15:28',NULL),(564,309,20,59,13,0,0,'2016-10-25 14:15:41',NULL),(565,309,21,61,4,0,0,'2016-10-25 14:15:45',NULL),(566,309,22,63,6,0,1,'2016-10-25 14:15:51',NULL),(567,309,23,66,11,0,1,'2016-10-25 14:16:02',NULL),(568,309,24,69,4,0,1,'2016-10-25 14:16:06',NULL),(569,309,26,75,6,0,1,'2016-10-25 14:16:12',NULL),(570,309,27,NULL,6,1,0,'2016-10-25 14:16:18',NULL),(571,310,4,9,21,0,1,'2016-10-25 17:54:13',NULL),(572,310,1,1,14,0,0,'2016-10-25 17:54:27',NULL),(573,310,2,6,24,0,1,'2016-10-25 17:54:51',NULL),(574,310,3,8,13,0,1,'2016-10-25 17:55:04',NULL),(575,310,5,14,6,0,0,'2016-10-25 17:55:10',NULL),(576,310,6,15,11,0,1,'2016-10-25 17:55:21',NULL),(577,310,7,19,22,0,0,'2016-10-25 17:55:43',NULL),(578,310,8,21,21,0,1,'2016-10-25 17:56:04',NULL),(579,310,9,26,10,0,0,'2016-10-25 17:56:14',NULL),(580,310,10,27,32,0,1,'2016-10-25 17:56:46',NULL),(581,310,11,30,7,0,1,'2016-10-25 17:56:53',NULL),(582,310,12,35,13,0,0,'2016-10-25 17:57:06',NULL),(583,310,13,36,5,0,1,'2016-10-25 17:57:11',NULL),(584,310,14,41,17,0,0,'2016-10-25 17:57:28',NULL),(585,310,15,42,18,0,1,'2016-10-25 17:57:46',NULL),(586,310,16,45,5,0,1,'2016-10-25 17:57:51',NULL),(587,310,17,48,7,0,1,'2016-10-25 17:57:58',NULL),(588,310,18,51,10,0,1,'2016-10-25 17:58:08',NULL),(589,310,19,54,8,0,1,'2016-10-25 17:58:16',NULL),(590,310,20,59,11,0,0,'2016-10-25 17:58:27',NULL),(591,310,21,61,7,0,0,'2016-10-25 17:58:34',NULL),(592,310,22,63,10,0,1,'2016-10-25 17:58:44',NULL),(593,310,23,66,56,0,1,'2016-10-25 17:59:40',NULL),(594,310,24,69,5,0,1,'2016-10-25 17:59:45',NULL),(595,310,25,73,5,0,0,'2016-10-25 17:59:50',NULL),(596,310,26,75,10,0,1,'2016-10-25 18:00:00',NULL),(597,310,27,79,9,0,0,'2016-10-25 18:00:09',NULL),(598,311,18,52,20,0,0,'2016-10-25 20:30:58',NULL),(599,311,1,3,50,0,1,'2016-10-25 20:31:48',NULL),(600,311,2,6,28,0,1,'2016-10-25 20:32:16',NULL),(601,311,3,8,29,0,1,'2016-10-25 20:32:45',NULL),(602,311,4,9,50,0,1,'2016-10-25 20:33:35',NULL),(603,311,5,12,104,0,1,'2016-10-25 20:35:19',NULL),(604,311,6,15,16,0,1,'2016-10-25 20:35:35',NULL),(605,311,7,18,5,0,1,'2016-10-25 20:35:40',NULL),(606,311,8,21,80,0,1,'2016-10-25 20:37:01',NULL),(607,311,9,26,29,0,0,'2016-10-25 20:37:30',NULL),(608,311,10,27,9,0,1,'2016-10-25 20:37:40',NULL),(609,311,11,31,33,0,0,'2016-10-25 20:38:13',NULL),(610,311,12,33,36,0,1,'2016-10-25 20:38:49',NULL),(611,311,13,38,15,0,0,'2016-10-25 20:39:04',NULL),(612,311,14,39,14,0,1,'2016-10-25 20:39:18',NULL),(613,311,15,42,10,0,1,'2016-10-25 20:39:28',NULL),(614,311,16,45,9,0,1,'2016-10-25 20:39:37',NULL),(615,311,17,49,8,0,0,'2016-10-25 20:39:46',NULL),(616,311,19,54,49,0,1,'2016-10-25 20:40:35',NULL),(617,311,20,57,49,0,1,'2016-10-25 20:41:24',NULL),(618,311,21,61,11,0,0,'2016-10-25 20:41:35',NULL),(619,311,22,63,40,0,1,'2016-10-25 20:42:15',NULL),(620,311,23,66,8,0,1,'2016-10-25 20:42:23',NULL),(621,311,24,71,5,0,0,'2016-10-25 20:42:29',NULL),(622,311,25,74,10,0,0,'2016-10-25 20:42:39',NULL),(623,311,26,75,6,0,1,'2016-10-25 20:42:45',NULL),(624,311,27,79,132,0,0,'2016-10-25 20:44:57',NULL),(625,313,21,60,40,0,1,'2016-10-25 20:54:57',NULL),(626,313,1,3,17,0,1,'2016-10-25 20:55:14',NULL),(627,313,2,5,50,0,0,'2016-10-25 20:56:04',NULL),(628,313,3,7,16,0,0,'2016-10-25 20:56:20',NULL),(629,313,4,9,11,0,1,'2016-10-25 20:56:31',NULL),(630,313,5,12,20,0,1,'2016-10-25 20:56:51',NULL),(631,313,6,16,66,0,0,'2016-10-25 20:57:57',NULL),(632,313,7,18,34,0,1,'2016-10-25 20:58:32',NULL),(633,313,8,21,8,0,1,'2016-10-25 20:58:40',NULL),(634,313,9,25,39,0,0,'2016-10-25 20:59:19',NULL),(635,313,10,29,44,0,0,'2016-10-25 21:00:03',NULL),(636,313,11,31,60,0,0,'2016-10-25 21:01:03',NULL),(637,313,12,33,7,0,1,'2016-10-25 21:01:10',NULL),(638,313,13,36,38,0,1,'2016-10-25 21:01:48',NULL),(639,313,14,39,43,0,1,'2016-10-25 21:02:31',NULL),(640,313,15,43,51,0,0,'2016-10-25 21:03:22',NULL),(641,313,16,45,49,0,1,'2016-10-25 21:04:11',NULL),(642,313,17,49,128,0,0,'2016-10-25 21:06:19',NULL),(643,313,18,51,35,0,1,'2016-10-25 21:06:54',NULL),(644,313,19,54,102,0,1,'2016-10-25 21:08:36',NULL),(645,313,20,57,44,0,1,'2016-10-25 21:09:20',NULL),(646,313,22,63,42,0,1,'2016-10-25 21:10:03',NULL),(647,313,23,66,19,0,1,'2016-10-25 21:10:22',NULL),(648,313,24,69,21,0,1,'2016-10-25 21:10:43',NULL),(649,302,7,19,108,0,0,'2016-10-27 11:52:39',NULL),(650,302,1,1,9,0,0,'2016-10-27 11:52:48',NULL),(651,302,2,6,11,0,1,'2016-10-27 11:52:59',NULL),(652,302,3,8,21,0,1,'2016-10-27 11:53:20',NULL),(653,302,4,9,10,0,1,'2016-10-27 11:53:30',NULL),(654,302,5,14,5,0,0,'2016-10-27 11:53:35',NULL),(655,302,6,15,7,0,1,'2016-10-27 11:53:42',NULL),(656,302,8,21,13,0,1,'2016-10-27 11:53:55',NULL),(657,302,9,25,8,0,0,'2016-10-27 11:54:03',NULL),(658,302,10,29,12,0,0,'2016-10-27 11:54:16',NULL),(659,302,11,30,7,0,1,'2016-10-27 11:54:23',NULL),(660,302,12,34,10,0,0,'2016-10-27 11:54:33',NULL),(661,302,13,38,7,0,0,'2016-10-27 11:54:40',NULL),(662,302,14,40,9,0,0,'2016-10-27 11:54:49',NULL),(663,302,15,42,8,0,1,'2016-10-27 11:54:57',NULL),(664,302,16,45,16,0,1,'2016-10-27 11:55:13',NULL),(665,302,17,49,7,0,0,'2016-10-27 11:55:20',NULL),(666,302,18,52,7,0,0,'2016-10-27 11:55:27',NULL),(667,302,19,56,5,0,0,'2016-10-27 11:55:32',NULL),(668,302,20,57,6,0,1,'2016-10-27 11:55:38',NULL),(669,302,21,60,8,0,1,'2016-10-27 11:55:46',NULL),(670,302,22,64,9,0,0,'2016-10-27 11:55:55',NULL),(671,302,23,66,7,0,1,'2016-10-27 11:56:02',NULL),(672,302,24,69,7,0,1,'2016-10-27 11:56:09',NULL),(673,302,25,72,7,0,1,'2016-10-27 11:56:16',NULL),(674,302,26,77,11,0,0,'2016-10-27 11:56:27',NULL),(675,302,27,79,7,0,0,'2016-10-27 11:56:34',NULL),(676,317,4,9,15,0,1,'2016-10-27 12:31:05',NULL),(677,317,1,3,13,0,1,'2016-10-27 12:31:18',NULL),(678,317,2,6,17,0,1,'2016-10-27 12:31:35',NULL),(679,317,3,8,18,0,1,'2016-10-27 12:31:53',NULL),(680,317,5,13,9,0,0,'2016-10-27 12:32:02',NULL),(681,317,6,15,25,0,1,'2016-10-27 12:32:27',NULL),(682,317,7,19,20,0,0,'2016-10-27 12:32:47',NULL),(683,317,8,21,7,0,1,'2016-10-27 12:32:54',NULL),(684,317,9,26,9,0,0,'2016-10-27 12:33:03',NULL),(685,317,10,29,38,0,0,'2016-10-27 12:33:41',NULL),(686,317,11,32,87,0,0,'2016-10-27 12:35:09',NULL),(687,317,12,33,13,0,1,'2016-10-27 12:35:22',NULL),(688,317,13,37,8,0,0,'2016-10-27 12:35:30',NULL),(689,317,14,39,27,0,1,'2016-10-27 12:35:57',NULL),(690,317,15,43,9,0,0,'2016-10-27 12:36:07',NULL),(691,317,16,45,8,0,1,'2016-10-27 12:36:16',NULL),(692,317,17,50,13,0,0,'2016-10-27 12:36:29',NULL),(693,317,18,51,17,0,1,'2016-10-27 12:36:46',NULL),(694,318,23,66,7,0,1,'2016-10-28 11:33:13',NULL),(695,318,1,3,2,0,1,'2016-10-28 11:33:15',NULL),(696,318,2,6,4,0,1,'2016-10-28 11:33:19',NULL),(697,318,3,8,4,0,1,'2016-10-28 11:33:23',NULL),(698,318,4,9,5,0,1,'2016-10-28 11:33:28',NULL),(699,318,5,12,4,0,1,'2016-10-28 11:33:32',NULL),(700,318,6,15,3,0,1,'2016-10-28 11:33:35',NULL),(701,318,7,18,4,0,1,'2016-10-28 11:33:39',NULL),(702,318,8,21,4,0,1,'2016-10-28 11:33:43',NULL),(703,318,9,24,7,0,1,'2016-10-28 11:33:50',NULL),(704,318,10,29,5,0,0,'2016-10-28 11:33:55',NULL),(705,318,11,31,6,0,0,'2016-10-28 11:34:01',NULL),(706,318,12,33,18,0,1,'2016-10-28 11:34:19',NULL),(707,318,13,36,7,0,1,'2016-10-28 11:34:26',NULL),(708,318,14,39,7,0,1,'2016-10-28 11:34:33',NULL),(709,318,15,42,7,0,1,'2016-10-28 11:34:40',NULL),(710,318,16,45,4,0,1,'2016-10-28 11:34:44',NULL),(711,318,17,48,12,0,1,'2016-10-28 11:34:56',NULL),(712,318,18,51,22,0,1,'2016-10-28 11:35:18',NULL),(713,318,19,54,45,0,1,'2016-10-28 11:36:03',NULL),(714,318,20,57,18,0,1,'2016-10-28 11:36:21',NULL),(715,318,21,60,26,0,1,'2016-10-28 11:36:47',NULL),(716,318,22,63,18,0,1,'2016-10-28 11:37:05',NULL),(717,318,24,69,7,0,1,'2016-10-28 11:37:12',NULL),(718,318,25,72,4,0,1,'2016-10-28 11:37:16',NULL),(719,318,26,75,5,0,1,'2016-10-28 11:37:21',NULL),(720,318,27,NULL,23,1,0,'2016-10-28 11:37:44',NULL),(721,320,24,70,11,0,0,'2016-10-31 13:40:52',NULL),(722,320,1,1,8,0,0,'2016-10-31 13:41:00',NULL),(723,320,2,6,8,0,1,'2016-10-31 13:41:08',NULL),(724,320,3,8,7,0,1,'2016-10-31 13:41:15',NULL),(725,320,4,9,15,0,1,'2016-10-31 13:41:30',NULL),(726,320,5,12,6,0,1,'2016-10-31 13:41:36',NULL),(727,320,6,15,6,0,1,'2016-10-31 13:41:42',NULL),(728,320,7,19,6,0,0,'2016-10-31 13:41:48',NULL),(729,320,8,21,5,0,1,'2016-10-31 13:41:53',NULL),(730,320,9,26,7,0,0,'2016-10-31 13:42:00',NULL),(731,320,10,27,7,0,1,'2016-10-31 13:42:07',NULL),(732,320,11,31,9,0,0,'2016-10-31 13:42:16',NULL),(733,320,12,33,6,0,1,'2016-10-31 13:42:22',NULL),(734,320,13,37,7,0,0,'2016-10-31 13:42:29',NULL),(735,320,14,39,8,0,1,'2016-10-31 13:42:37',NULL),(736,320,15,42,5,0,1,'2016-10-31 13:42:42',NULL),(737,320,16,45,6,0,1,'2016-10-31 13:42:48',NULL),(738,320,17,48,5,0,1,'2016-10-31 13:42:53',NULL),(739,320,18,51,7,0,1,'2016-10-31 13:43:00',NULL),(740,320,19,54,7,0,1,'2016-10-31 13:43:07',NULL),(741,320,20,57,6,0,1,'2016-10-31 13:43:13',NULL),(742,320,21,61,10,0,0,'2016-10-31 13:43:23',NULL),(743,320,22,63,6,0,1,'2016-10-31 13:43:29',NULL),(744,320,23,66,6,0,1,'2016-10-31 13:43:35',NULL),(745,320,25,72,10,0,1,'2016-10-31 13:43:46',NULL),(746,320,26,75,5,0,1,'2016-10-31 13:43:52',NULL),(747,320,27,78,12,0,1,'2016-10-31 13:44:04',NULL),(748,321,6,NULL,6,1,0,'2016-11-01 12:34:18',NULL),(749,322,20,58,17,0,0,'2016-11-01 14:23:27',NULL),(750,322,1,3,1,0,1,'2016-11-01 14:23:28',NULL),(751,322,2,5,2,0,0,'2016-11-01 14:23:30',NULL),(752,322,3,8,1,0,1,'2016-11-01 14:23:31',NULL),(753,322,4,10,1,0,0,'2016-11-01 14:23:32',NULL),(754,322,5,14,1,0,0,'2016-11-01 14:23:33',NULL),(755,322,6,16,1,0,0,'2016-11-01 14:23:35',NULL),(756,322,7,20,1,0,0,'2016-11-01 14:23:36',NULL),(757,322,8,23,1,0,0,'2016-11-01 14:23:37',NULL),(758,322,9,25,1,0,0,'2016-11-01 14:23:39',NULL),(759,322,10,29,1,0,0,'2016-11-01 14:23:40',NULL),(760,322,11,32,2,0,0,'2016-11-01 14:23:42',NULL),(761,322,12,33,2,0,1,'2016-11-01 14:23:44',NULL),(762,322,13,37,1,0,0,'2016-11-01 14:23:45',NULL),(763,322,14,39,1,0,1,'2016-11-01 14:23:47',NULL),(764,322,15,44,2,0,0,'2016-11-01 14:23:49',NULL),(765,322,16,46,2,0,0,'2016-11-01 14:23:51',NULL),(766,322,17,48,3,0,1,'2016-11-01 14:23:54',NULL),(767,322,18,52,2,0,0,'2016-11-01 14:23:56',NULL),(768,322,19,56,1,0,0,'2016-11-01 14:23:57',NULL),(769,322,21,60,3,0,1,'2016-11-01 14:24:00',NULL),(770,322,22,64,3,0,0,'2016-11-01 14:24:03',NULL),(771,322,23,67,3,0,0,'2016-11-01 14:24:06',NULL),(772,322,24,69,3,0,1,'2016-11-01 14:24:09',NULL),(773,322,25,72,2,0,1,'2016-11-01 14:24:11',NULL),(774,322,26,77,1,0,0,'2016-11-01 14:24:12',NULL),(775,322,27,78,2,0,1,'2016-11-01 14:24:14',NULL),(776,323,15,43,69,0,0,'2016-11-01 16:58:51',NULL);
/*!40000 ALTER TABLE `aw_word_relevancy_deliverables` ENABLE KEYS */;
UNLOCK TABLES;

--
-- Table structure for table `aw_word_relevancy_sentences`
--

DROP TABLE IF EXISTS `aw_word_relevancy_sentences`;
/*!40101 SET @saved_cs_client     = @@character_set_client */;
/*!40101 SET character_set_client = utf8 */;
CREATE TABLE `aw_word_relevancy_sentences` (
  `sentence_id` int(50) unsigned NOT NULL AUTO_INCREMENT,
  `text` text NOT NULL,
  `ground_truth` int(50) unsigned NOT NULL,
  `created` datetime DEFAULT NULL,
  `updated` datetime DEFAULT NULL,
  PRIMARY KEY (`sentence_id`),
  KEY `FK_GROUND_TRUTH_WORD_ID` (`ground_truth`),
  CONSTRAINT `FK_GROUND_TRUTH_WORD_ID` FOREIGN KEY (`ground_truth`) REFERENCES `aw_word_relevancy_words` (`word_id`)
) ENGINE=InnoDB AUTO_INCREMENT=28 DEFAULT CHARSET=latin1 COMMENT='This table contains the sentences for the relevancy tasks.';
/*!40101 SET character_set_client = @saved_cs_client */;

--
-- Dumping data for table `aw_word_relevancy_sentences`
--

LOCK TABLES `aw_word_relevancy_sentences` WRITE;
/*!40000 ALTER TABLE `aw_word_relevancy_sentences` DISABLE KEYS */;
INSERT INTO `aw_word_relevancy_sentences` VALUES (1,'She quailed at his heartless words.',3,'2016-07-07 23:24:37','2016-07-07 23:24:37'),(2,'The withering of their grasslands forced the nomads of the Sahara to descend into the Nile valley.',6,'2016-07-07 23:25:06','2016-07-07 23:25:06'),(3,'She urged her horse onward until she reached the short obelisk marking the road leading into Landis.',8,'2016-07-07 23:25:16','2016-07-07 23:25:16'),(4,'The inscription of memorable utterances on durable materials',9,'2016-08-30 14:15:50','2016-08-30 14:15:50'),(5,'I felt elated at beating Dennis',12,'2016-08-30 14:15:50','2016-08-30 14:15:50'),(6,'His teeth were bared in a feral snarl',15,'2016-08-30 14:15:50','2016-08-30 14:15:50'),(7,'The look in his eyes became furtive',18,'2016-08-30 14:15:50','2016-08-30 14:15:50'),(8,'She had embezzled £5,600,000 in company funds',21,'2016-08-30 14:15:50','2016-08-30 14:15:50'),(9,'He extolled the virtues of the Russian peoples',24,'2016-08-30 14:15:50','2016-08-30 14:15:50'),(10,'King Malcolm struggled to unite his fractious kingdom',27,'2016-08-30 14:15:50','2016-08-30 14:15:50'),(11,'A look of haughty disdain',30,'2016-08-30 14:15:50','2016-08-30 14:15:50'),(12,'He could have strangled this impudent upstart',33,'2016-08-30 14:15:50','2016-08-30 14:15:50'),(13,'They felt inhibited by the presence of healthcare professionals',36,'2016-08-30 14:15:50','2016-08-30 14:15:50'),(14,'Everyone took the company president’s resignation as the company’s knell of bankruptcy',39,'2016-08-30 14:15:50','2016-08-30 14:15:50'),(15,'The more lurid details of the massacre were too frightening for the children',42,'2016-08-30 14:15:50','2016-08-30 14:15:50'),(16,'The designs are hand-glazed with meticulous care',45,'2016-08-30 14:15:50','2016-08-30 14:15:50'),(17,'He was familiar with the nuances of the local dialect',48,'2016-08-30 14:15:50','2016-08-30 14:15:50'),(18,'He wondered if the doctor was being deliberately obtuse',51,'2016-08-30 14:15:50','2016-08-30 14:15:50'),(19,'It succinctly covered all the salient points of the case',54,'2016-08-30 14:15:50','2016-08-30 14:15:50'),(20,'After such gatherings she would be taciturn and morose',57,'2016-08-30 14:15:50','2016-08-30 14:15:50'),(21,'She took umbrage at his remarks',60,'2016-08-30 14:15:50','2016-08-30 14:15:50'),(22,'My sister is a shallow sycophant who will flatter anyone for a free designer handbag',63,'2016-08-30 14:15:50','2016-08-30 14:15:50'),(23,'The more lurid details of the massacre were too frightening for the children',66,'2016-08-30 14:15:50','2016-08-30 14:15:50'),(24,'A day that will live in infamy',69,'2016-08-30 14:15:50','2016-08-30 14:15:50'),(25,'A stubbornly insular farming people',72,'2016-08-30 14:15:50','2016-08-30 14:15:50'),(26,'The referee\'s inept handling of the match',75,'2016-08-30 14:15:50','2016-08-30 14:15:50'),(27,'she said plumpness was a sign of gluttony in most cases',78,'2016-08-30 14:15:50','2016-08-30 14:15:50');
/*!40000 ALTER TABLE `aw_word_relevancy_sentences` ENABLE KEYS */;
UNLOCK TABLES;

--
-- Table structure for table `aw_word_relevancy_words`
--

DROP TABLE IF EXISTS `aw_word_relevancy_words`;
/*!40101 SET @saved_cs_client     = @@character_set_client */;
/*!40101 SET character_set_client = utf8 */;
CREATE TABLE `aw_word_relevancy_words` (
  `word_id` int(50) unsigned NOT NULL AUTO_INCREMENT,
  `text` text NOT NULL,
  `fk_sentence_id` int(50) unsigned NOT NULL,
  `created_at` datetime NOT NULL,
  `updated_at` datetime DEFAULT NULL,
  PRIMARY KEY (`word_id`),
  KEY `FK_WORDS_SENTENCE_ID` (`fk_sentence_id`),
  CONSTRAINT `FK_WORDS_SENTENCE_ID` FOREIGN KEY (`fk_sentence_id`) REFERENCES `aw_word_relevancy_sentences` (`sentence_id`)
) ENGINE=InnoDB AUTO_INCREMENT=81 DEFAULT CHARSET=latin1 COMMENT='This table contains the words relevant to the words in aw_word_relevancy_sentences';
/*!40101 SET character_set_client = @saved_cs_client */;

--
-- Dumping data for table `aw_word_relevancy_words`
--

LOCK TABLES `aw_word_relevancy_words` WRITE;
/*!40000 ALTER TABLE `aw_word_relevancy_words` DISABLE KEYS */;
INSERT INTO `aw_word_relevancy_words` VALUES (1,'confront',1,'2016-07-07 23:26:53','2016-07-07 23:26:53'),(2,'approach',1,'2016-07-07 23:27:04','2016-07-07 23:27:05'),(3,'shake',1,'2016-07-07 23:27:13','2016-07-07 23:27:14'),(4,'still',2,'2016-07-07 23:27:26','2016-07-07 23:27:27'),(5,'immobile',2,'2016-07-07 23:27:34','2016-07-07 23:27:35'),(6,'wanderer',2,'2016-07-07 23:27:45','2016-07-07 23:27:45'),(7,'bottom',3,'2016-07-07 23:28:09','2016-07-07 23:28:09'),(8,'monument',3,'2016-07-07 23:28:19','2016-07-07 23:28:19'),(9,'carving',4,'2016-08-30 14:38:14','2016-08-30 14:38:14'),(10,'exclude',4,'2016-08-30 14:38:14','2016-08-30 14:38:14'),(11,'checkoff',4,'2016-08-30 14:38:14','2016-08-30 14:38:14'),(12,'jubilant',5,'2016-08-30 14:38:14','2016-08-30 14:38:14'),(13,'down',5,'2016-08-30 14:38:14','2016-08-30 14:38:14'),(14,'troubled',5,'2016-08-30 14:38:14','2016-08-30 14:38:14'),(15,'savage',6,'2016-08-30 14:38:14','2016-08-30 14:38:14'),(16,'tame',6,'2016-08-30 14:38:14','2016-08-30 14:38:14'),(17,'pet',6,'2016-08-30 14:38:14','2016-08-30 14:38:14'),(18,'creepy',7,'2016-08-30 14:38:14','2016-08-30 14:38:14'),(19,'fortright',7,'2016-08-30 14:38:14','2016-08-30 14:38:14'),(20,'open',7,'2016-08-30 14:38:14','2016-08-30 14:38:14'),(21,'misuse',8,'2016-08-30 14:38:14','2016-08-30 14:38:14'),(22,'pay',8,'2016-08-30 14:38:14','2016-08-30 14:38:14'),(23,'reimburse',8,'2016-08-30 14:38:14','2016-08-30 14:38:14'),(24,'acclaim',9,'2016-08-30 14:38:14','2016-08-30 14:38:14'),(25,'blame',9,'2016-08-30 14:38:14','2016-08-30 14:38:14'),(26,'castigate',9,'2016-08-30 14:38:14','2016-08-30 14:38:14'),(27,'headstrong',10,'2016-08-30 14:38:14','2016-08-30 14:38:14'),(28,'blame',10,'2016-08-30 14:38:14','2016-08-30 14:38:14'),(29,'castigate',10,'2016-08-30 14:38:14','2016-08-30 14:38:14'),(30,'cavalier',11,'2016-08-30 14:38:14','2016-08-30 14:38:14'),(31,'meek',11,'2016-08-30 14:38:14','2016-08-30 14:38:14'),(32,'timid',11,'2016-08-30 14:38:14','2016-08-30 14:38:14'),(33,'cheeky',12,'2016-08-30 14:38:14','2016-08-30 14:38:14'),(34,'polite',12,'2016-08-30 14:38:14','2016-08-30 14:38:14'),(35,'retiring',12,'2016-08-30 14:38:14','2016-08-30 14:38:14'),(36,'constrain',13,'2016-08-30 14:38:14','2016-08-30 14:38:14'),(37,'encourage',13,'2016-08-30 14:38:14','2016-08-30 14:38:14'),(38,'support',13,'2016-08-30 14:38:14','2016-08-30 14:38:14'),(39,'proclaim',14,'2016-08-30 14:38:14','2016-08-30 14:38:14'),(40,'obscure',14,'2016-08-30 14:38:14','2016-08-30 14:38:14'),(41,'cover',14,'2016-08-30 14:38:14','2016-08-30 14:38:14'),(42,'vivid',15,'2016-08-30 14:38:14','2016-08-30 14:38:14'),(43,'dull',15,'2016-08-30 14:38:14','2016-08-30 14:38:14'),(44,'pleasant',15,'2016-08-30 14:38:14','2016-08-30 14:38:14'),(45,'precise',16,'2016-08-30 14:38:14','2016-08-30 14:38:14'),(46,'thoughtless',16,'2016-08-30 14:38:14','2016-08-30 14:38:14'),(47,'uncritical',16,'2016-08-30 14:38:14','2016-08-30 14:38:14'),(48,'refinement',17,'2016-08-30 14:38:14','2016-08-30 14:38:14'),(49,'information',17,'2016-08-30 14:38:14','2016-08-30 14:38:14'),(50,'light',17,'2016-08-30 14:38:14','2016-08-30 14:38:14'),(51,'stolid',18,'2016-08-30 14:38:14','2016-08-30 14:38:14'),(52,'pointed',18,'2016-08-30 14:38:14','2016-08-30 14:38:14'),(53,'quick',18,'2016-08-30 14:38:14','2016-08-30 14:38:14'),(54,'striking',19,'2016-08-30 14:38:14','2016-08-30 14:38:14'),(55,'insignificant',19,'2016-08-30 14:38:14','2016-08-30 14:38:14'),(56,'unimportant',19,'2016-08-30 14:38:14','2016-08-30 14:38:14'),(57,'antisocial',20,'2016-08-30 14:38:14','2016-08-30 14:38:14'),(58,'fluent',20,'2016-08-30 14:38:14','2016-08-30 14:38:14'),(59,'wordy',20,'2016-08-30 14:38:14','2016-08-30 14:38:14'),(60,'wrath',21,'2016-08-30 14:38:14','2016-08-30 14:38:14'),(61,'delight',21,'2016-08-30 14:38:14','2016-08-30 14:38:14'),(62,'cheer',21,'2016-08-30 14:38:14','2016-08-30 14:38:14'),(63,'toady',22,'2016-08-30 14:38:14','2016-08-30 14:38:14'),(64,'independent',22,'2016-08-30 14:38:14','2016-08-30 14:38:14'),(65,'guardian',22,'2016-08-30 14:38:14','2016-08-30 14:38:14'),(66,'distinct',23,'2016-08-30 14:38:14','2016-08-30 14:38:14'),(67,'mild',23,'2016-08-30 14:38:14','2016-08-30 14:38:14'),(68,'pleasant',23,'2016-08-30 14:38:14','2016-08-30 14:38:14'),(69,'evil',24,'2016-08-30 14:38:14','2016-08-30 14:38:14'),(70,'esteem',24,'2016-08-30 14:38:14','2016-08-30 14:38:14'),(71,'virtue',24,'2016-08-30 14:38:14','2016-08-30 14:38:14'),(72,'illiberal',25,'2016-08-30 14:38:14','2016-08-30 14:38:14'),(73,'broad-minded',25,'2016-08-30 14:38:14','2016-08-30 14:38:14'),(74,'neutral',25,'2016-08-30 14:38:14','2016-08-30 14:38:14'),(75,'unhandy',26,'2016-08-30 14:38:14','2016-08-30 14:38:14'),(76,'fit',26,'2016-08-30 14:38:14','2016-08-30 14:38:14'),(77,'proper',26,'2016-08-30 14:38:14','2016-08-30 14:38:14'),(78,'penchant',27,'2016-08-30 14:38:14','2016-08-30 14:38:14'),(79,'apathy',27,'2016-08-30 14:38:14','2016-08-30 14:38:14'),(80,'lethargy',27,'2016-08-30 14:38:14','2016-08-30 14:38:14');
/*!40000 ALTER TABLE `aw_word_relevancy_words` ENABLE KEYS */;
UNLOCK TABLES;

--
-- Table structure for table `hobbies`
--

DROP TABLE IF EXISTS `hobbies`;
/*!40101 SET @saved_cs_client     = @@character_set_client */;
/*!40101 SET character_set_client = utf8 */;
CREATE TABLE `hobbies` (
  `id` int(255) unsigned NOT NULL AUTO_INCREMENT,
  `name` varchar(255) NOT NULL,
  `status` int(1) NOT NULL DEFAULT '0',
  `fk_user_id` int(11) unsigned NOT NULL DEFAULT '0',
  `time_taken` int(11) unsigned NOT NULL DEFAULT '0',
  `created` datetime DEFAULT NULL,
  PRIMARY KEY (`id`)
) ENGINE=InnoDB AUTO_INCREMENT=40 DEFAULT CHARSET=latin1 COMMENT='This table contains the hobbies for the oulu hobbies task';
/*!40101 SET character_set_client = @saved_cs_client */;

--
-- Dumping data for table `hobbies`
--

LOCK TABLES `hobbies` WRITE;
/*!40000 ALTER TABLE `hobbies` DISABLE KEYS */;
INSERT INTO `hobbies` VALUES (1,'Skydiving',1,0,0,'2016-08-12 20:27:48'),(2,'Icehockey',1,0,0,'2016-08-12 20:27:48'),(3,'Deep Sea Diving',1,0,0,'2016-08-12 20:27:48'),(4,'Fishing',1,0,0,'2016-08-12 20:27:48'),(5,'Sea Surfing',1,0,0,'2016-08-12 20:27:48'),(6,'Volleyball',1,0,0,'2016-08-12 20:27:48'),(7,'Cricket',1,0,0,'2016-08-12 20:27:48'),(8,'Football',1,0,0,'2016-08-12 20:27:48'),(12,'Canoeing',0,243,32,'2016-09-01 14:58:40'),(13,'Aircraft Spotting',1,18,0,'2016-09-01 20:04:07'),(14,'Airbrushing',1,18,0,'2016-09-01 20:04:07'),(15,'Archery',1,18,0,'2016-09-01 20:04:07'),(16,'Badminton',1,18,0,'2016-09-01 20:04:07'),(17,'Baseball',1,18,0,'2016-09-01 20:04:07'),(18,'Base Jumping',1,18,0,'2016-09-01 20:04:07'),(19,'Basketball',1,18,0,'2016-09-01 20:04:07'),(20,'Bicycling',1,18,0,'2016-09-01 20:04:07'),(21,'Boating',1,18,0,'2016-09-01 20:04:07'),(22,'Body Building',1,18,0,'2016-09-01 20:04:07'),(23,'Bowling',1,18,0,'2016-09-01 20:04:07'),(24,'Calligraphy',1,18,0,'2016-09-01 20:04:07'),(25,'Coloring',1,18,0,'2016-09-01 20:04:07'),(26,'Floorball',1,18,0,'2016-09-01 20:04:07'),(27,'Four Wheeling',1,18,0,'2016-09-01 20:04:07'),(28,'Gymnastics',1,18,0,'2016-09-01 20:04:07'),(29,'Hot air ballooning',1,18,0,'2016-09-01 20:04:07'),(30,'Mountain Biking',1,18,0,'2016-09-01 20:04:07'),(31,'Mountain Climbing',1,18,0,'2016-09-01 20:04:07'),(32,'Paintball',1,18,0,'2016-09-01 20:04:07'),(33,'Paragliding',1,18,0,'2016-09-01 20:04:07'),(34,'Skateboarding',1,18,0,'2016-09-01 20:04:07'),(35,'Snorkeling',1,18,0,'2016-09-01 20:04:07'),(36,'Snowboarding',1,18,0,'2016-09-01 20:04:07'),(37,'Swimming',1,18,0,'2016-09-01 20:04:07'),(38,'Trekking',1,18,0,'2016-09-01 20:04:07'),(39,'Running',0,245,11,'2016-09-25 11:58:11');
/*!40000 ALTER TABLE `hobbies` ENABLE KEYS */;
UNLOCK TABLES;

--
-- Table structure for table `housing_locations`
--

DROP TABLE IF EXISTS `housing_locations`;
/*!40101 SET @saved_cs_client     = @@character_set_client */;
/*!40101 SET character_set_client = utf8 */;
CREATE TABLE `housing_locations` (
  `id` int(11) unsigned NOT NULL AUTO_INCREMENT,
  `name` varchar(50) NOT NULL,
  PRIMARY KEY (`id`)
) ENGINE=InnoDB AUTO_INCREMENT=12 DEFAULT CHARSET=latin1 COMMENT='This table contains the student housing task location';
/*!40101 SET character_set_client = @saved_cs_client */;

--
-- Dumping data for table `housing_locations`
--

LOCK TABLES `housing_locations` WRITE;
/*!40000 ALTER TABLE `housing_locations` DISABLE KEYS */;
INSERT INTO `housing_locations` VALUES (1,'Keskusta'),(2,'Raksila'),(3,'Alppila'),(4,'Linnanmaa'),(5,'Syynimaa'),(6,'Kaijonharju'),(7,'Toppila'),(8,'Höyhtyä'),(9,'Peltola'),(10,'Rajakylä'),(11,'Toivoniemi');
/*!40000 ALTER TABLE `housing_locations` ENABLE KEYS */;
UNLOCK TABLES;

--
-- Table structure for table `location_place_description_deliverables`
--

DROP TABLE IF EXISTS `location_place_description_deliverables`;
/*!40101 SET @saved_cs_client     = @@character_set_client */;
/*!40101 SET character_set_client = utf8 */;
CREATE TABLE `location_place_description_deliverables` (
  `deliverable_id` int(50) unsigned NOT NULL AUTO_INCREMENT,
  `fk_user_id` int(50) unsigned NOT NULL DEFAULT '0',
  `location_id` int(11) unsigned NOT NULL DEFAULT '0',
  `crowdedness` int(1) unsigned NOT NULL DEFAULT '0',
  `weather` int(1) unsigned NOT NULL DEFAULT '0',
  `noise` int(1) unsigned NOT NULL DEFAULT '0',
  `localrestaurant` text NOT NULL,
  `trafficsituation` int(1) unsigned NOT NULL DEFAULT '0',
  `availableservices` int(1) unsigned NOT NULL DEFAULT '0',
  `locationeasytofind` int(1) unsigned NOT NULL DEFAULT '0',
  `time_taken` int(10) unsigned NOT NULL DEFAULT '0',
  `created` datetime DEFAULT '0000-00-00 00:00:00',
  `updated` datetime DEFAULT '0000-00-00 00:00:00',
  PRIMARY KEY (`deliverable_id`),
  KEY `FK_LPDD_USER_ID` (`fk_user_id`),
  KEY `FK_LOCATION_ID` (`location_id`),
  CONSTRAINT `FK_LOCATION_ID` FOREIGN KEY (`location_id`) REFERENCES `locations` (`id`),
  CONSTRAINT `FK_LPDD_USER_ID` FOREIGN KEY (`fk_user_id`) REFERENCES `users` (`id`)
) ENGINE=InnoDB AUTO_INCREMENT=178 DEFAULT CHARSET=latin1 COMMENT='This table contains the place description deliverables';
/*!40101 SET character_set_client = @saved_cs_client */;

--
-- Dumping data for table `location_place_description_deliverables`
--

LOCK TABLES `location_place_description_deliverables` WRITE;
/*!40000 ALTER TABLE `location_place_description_deliverables` DISABLE KEYS */;
INSERT INTO `location_place_description_deliverables` VALUES (3,18,10,1,1,1,'test',1,1,1,17,'2016-10-05 13:04:05',NULL),(6,259,11,4,4,3,'Babel',4,4,1,0,'2016-10-07 18:04:51',NULL),(7,259,10,4,4,5,'Stories Ravintola',4,5,1,0,'2016-10-07 18:06:19',NULL),(8,258,10,4,3,5,'Discuss reaturant',5,3,1,0,'2016-10-07 18:16:13',NULL),(9,258,11,4,3,4,'Babel',4,3,1,0,'2016-10-07 18:17:54',NULL),(10,263,10,4,3,4,'Story',4,3,1,0,'2016-10-12 14:22:31',NULL),(11,263,11,3,3,2,'Xiaolong',3,4,1,0,'2016-10-12 14:23:57',NULL),(12,264,10,3,3,3,'Story',4,4,1,0,'2016-10-12 14:34:54',NULL),(13,264,11,3,3,3,'Little dragon ',3,3,1,0,'2016-10-12 14:36:50',NULL),(14,266,10,3,3,5,'little dragon',2,4,1,0,'2016-10-12 14:45:58',NULL),(15,265,10,4,4,3,'Little dragon',5,4,1,0,'2016-10-12 14:46:39',NULL),(16,266,11,4,3,3,'little dragon',2,3,1,0,'2016-10-12 14:46:40',NULL),(17,270,10,5,4,5,'Story',5,5,1,0,'2016-10-12 18:06:15',NULL),(18,262,10,4,4,4,'Subway',4,4,1,0,'2016-10-12 18:08:57',NULL),(19,262,11,4,4,3,'little dragon',4,4,1,0,'2016-10-12 18:09:53',NULL),(20,271,11,3,4,3,'Little Dragon ',4,4,1,0,'2016-10-12 18:10:35',NULL),(21,271,10,4,4,3,'Stories ',3,5,1,0,'2016-10-12 18:11:11',NULL),(22,265,11,4,3,3,'Litter dragon ',4,4,1,0,'2016-10-13 13:52:24',NULL),(23,273,11,5,2,5,'VAIO ravintola',5,2,1,0,'2016-10-16 14:50:35',NULL),(24,272,11,5,2,4,'caio',5,2,1,0,'2016-10-16 14:51:53',NULL),(25,276,10,5,3,5,'kastari',5,4,1,0,'2016-10-17 13:33:38',NULL),(26,276,11,2,3,2,'caio',3,4,1,0,'2016-10-17 13:39:44',NULL),(27,276,15,4,3,2,'subway',3,5,1,0,'2016-10-17 13:54:38',NULL),(28,276,16,5,3,4,'hadia',5,2,1,0,'2016-10-18 09:31:30',NULL),(29,276,12,2,3,2,'da max',2,5,1,0,'2016-10-18 09:40:01',NULL),(30,275,10,3,3,4,'Stories',4,4,1,0,'2016-10-18 10:02:14',NULL),(31,276,18,1,3,2,'Park buffet',2,5,1,0,'2016-10-18 10:06:36',NULL),(32,276,17,2,2,2,'parkbuffet',2,5,1,0,'2016-10-18 10:09:22',NULL),(33,276,13,4,3,2,'Park buffet',4,4,1,0,'2016-10-18 10:11:30',NULL),(34,273,10,2,1,2,'No',4,4,1,0,'2016-10-18 12:54:53',NULL),(35,279,10,4,4,3,'I suppose school restaurants are fine. ',4,3,1,0,'2016-10-19 08:55:46',NULL),(36,279,11,4,3,5,'Umm... There is Chinese and kebab nearby. They\'re alright. ',3,3,1,0,'2016-10-19 08:56:59',NULL),(37,280,10,4,5,4,'Baabel',4,5,1,0,'2016-10-19 08:59:38',NULL),(38,280,11,5,4,4,'Babel',4,4,1,0,'2016-10-19 09:00:14',NULL),(39,284,10,5,1,5,'no',5,1,1,0,'2016-10-19 12:31:25',NULL),(40,285,10,4,4,3,'Stories',4,4,1,0,'2016-10-19 13:18:16',NULL),(41,285,11,2,3,4,'Pizza Lahin',4,4,1,0,'2016-10-19 13:18:54',NULL),(42,280,12,4,2,2,'Kauppuri5',4,5,1,0,'2016-10-19 13:39:42',NULL),(43,280,17,4,5,4,'Park Buffet',4,5,1,0,'2016-10-19 13:40:34',NULL),(44,279,12,4,3,3,'There are a lot of good restaurants nearby. Coyoacan in the city for example. ',3,4,1,0,'2016-10-19 13:40:58',NULL),(45,280,18,4,5,4,'Kirin ',3,5,1,0,'2016-10-19 13:41:36',NULL),(46,279,18,3,4,4,'Hanoi Sushi',4,4,1,0,'2016-10-19 13:41:58',NULL),(47,279,17,5,4,4,'Phuket',4,5,1,0,'2016-10-19 14:41:35',NULL),(48,280,13,5,4,5,'Pannukakkutalo',3,4,1,0,'2016-10-19 14:52:40',NULL),(49,279,13,4,3,3,'Pannukakkutalo',4,4,1,0,'2016-10-19 14:53:10',NULL),(50,287,16,5,2,4,'No',4,3,1,0,'2016-10-19 15:40:35',NULL),(51,275,16,4,5,3,'No',4,4,0,0,'2016-10-19 16:41:25',NULL),(52,275,13,5,5,4,'Ravintola toripolliisi, keltainen aitta',4,5,1,0,'2016-10-19 16:55:19',NULL),(53,287,13,4,3,4,'Keltainen aitta',3,5,1,0,'2016-10-19 16:55:20',NULL),(54,287,17,2,3,3,'Harald',2,5,1,0,'2016-10-19 16:59:29',NULL),(55,275,17,3,5,4,'Harald, viking restaurant',4,5,1,0,'2016-10-19 16:59:42',NULL),(56,287,18,2,3,2,'Pizzarium',4,5,1,0,'2016-10-19 17:01:55',NULL),(57,275,18,3,5,4,'Rosso',4,5,1,0,'2016-10-19 17:02:21',NULL),(58,275,12,4,5,3,'Fratelli',3,4,1,0,'2016-10-19 17:34:25',NULL),(59,287,12,2,3,2,'Fratelli',2,5,1,0,'2016-10-19 17:35:12',NULL),(60,287,14,2,3,1,'Subway',2,4,0,0,'2016-10-20 10:18:24',NULL),(61,287,10,4,3,4,'Stories',3,3,1,0,'2016-10-20 10:20:28',NULL),(62,287,11,3,3,3,'Corleone',3,4,0,0,'2016-10-20 10:21:59',NULL),(63,287,15,4,3,4,'Hesburger',3,4,0,0,'2016-10-20 10:23:39',NULL),(64,275,15,4,4,3,'Pancho villa',3,4,1,0,'2016-10-20 10:24:56',NULL),(65,287,19,3,3,4,'No',4,2,0,0,'2016-10-20 10:33:43',NULL),(66,275,11,4,4,4,'Caio',4,4,0,0,'2016-10-20 10:36:39',NULL),(67,289,10,4,4,4,'stories',3,4,1,0,'2016-10-20 10:50:07',NULL),(68,289,11,4,2,5,'baabel',5,4,1,0,'2016-10-20 10:51:04',NULL),(69,18,11,1,1,1,'Furqantesting',1,1,1,17,'2016-10-21 09:43:21',NULL),(70,291,10,3,4,2,'Stories ',4,4,1,54,'2016-10-21 11:01:15',NULL),(71,290,10,3,3,4,'Stories',4,3,0,60,'2016-10-21 11:12:16',NULL),(72,290,11,4,3,2,'Lähin pizza',3,5,1,52,'2016-10-21 11:35:56',NULL),(73,280,15,4,5,3,'Pancho Villa',5,4,1,25,'2016-10-21 11:47:59',NULL),(74,279,15,4,4,5,'Pancho Villa',4,4,1,33,'2016-10-21 11:48:07',NULL),(75,281,15,3,3,3,'Kotipizza',3,5,1,33,'2016-10-21 11:48:07',NULL),(76,290,15,4,3,4,'Kotipizza',4,5,1,45,'2016-10-21 11:49:05',NULL),(77,289,12,5,3,4,'amarillo',5,4,1,78,'2016-10-21 12:25:03',NULL),(78,289,13,3,5,5,'idnt know',4,4,1,32,'2016-10-21 12:25:46',NULL),(79,289,17,2,3,2,'pannupizza',4,4,1,26,'2016-10-21 12:26:24',NULL),(80,289,18,4,4,3,'no',4,4,1,26,'2016-10-21 12:26:56',NULL),(81,285,12,4,2,3,'burger king',4,4,1,30,'2016-10-21 12:36:31',NULL),(82,285,13,3,2,3,'amarillo',4,4,1,29,'2016-10-21 12:37:10',NULL),(83,285,17,4,3,3,'hadiya',4,3,1,18,'2016-10-21 12:37:37',NULL),(84,285,18,4,4,3,'no',4,4,1,25,'2016-10-21 12:38:13',NULL),(85,292,12,4,2,3,'amarillo',3,4,1,44,'2016-10-21 12:42:57',NULL),(86,292,13,4,4,4,'subway',4,4,1,18,'2016-10-21 12:43:23',NULL),(87,292,17,4,4,4,'panu pizza',4,4,1,25,'2016-10-21 12:43:53',NULL),(88,292,18,3,4,5,'mcdonald',4,5,1,24,'2016-10-21 12:44:21',NULL),(89,292,10,4,3,3,'stories',5,5,1,46,'2016-10-21 13:32:45',NULL),(90,292,11,5,3,4,'baabel',4,4,1,29,'2016-10-21 13:33:58',NULL),(91,290,16,5,2,5,'No',5,2,1,171,'2016-10-21 13:51:30',NULL),(92,290,13,5,2,5,'Beijing',5,5,1,56,'2016-10-21 14:00:38',NULL),(93,290,12,3,2,3,'Troija kebab',4,5,1,47,'2016-10-21 14:07:24',NULL),(94,290,18,2,5,2,'Hanko sushi',4,5,1,70,'2016-10-21 14:21:53',NULL),(95,290,17,5,5,5,'Mc donalts',5,5,1,42,'2016-10-21 15:23:09',NULL),(96,290,19,5,3,5,'No',5,2,0,77,'2016-10-21 17:53:15',NULL),(97,295,10,4,3,3,'stories',4,4,1,124,'2016-10-21 18:29:42',NULL),(98,295,11,4,3,3,'lahin pizza',3,4,1,46,'2016-10-21 18:31:14',NULL),(99,296,10,4,3,3,'Stories',4,4,1,35,'2016-10-21 19:46:38',NULL),(100,296,11,4,3,2,'Lahin Pizza',2,5,1,47,'2016-10-21 19:47:33',NULL),(101,273,17,1,2,1,'Pannu',3,5,1,19,'2016-10-22 12:26:32',NULL),(102,273,13,2,1,3,'Aileron jussi',4,5,1,23,'2016-10-22 12:27:04',NULL),(103,284,17,3,2,4,'pannu',5,4,1,34,'2016-10-22 12:27:15',NULL),(104,284,13,4,2,5,'pannu',5,4,1,46,'2016-10-22 12:36:56',NULL),(105,273,18,2,4,2,'Arnolds',4,5,1,20,'2016-10-22 12:52:59',NULL),(106,284,18,2,2,3,'friends and burgers',4,5,1,32,'2016-10-22 12:53:11',NULL),(107,297,11,4,3,3,'Dont know',3,4,1,59,'2016-10-22 16:05:53',NULL),(108,301,10,3,2,3,'Stories',3,4,1,73,'2016-10-23 08:25:37',NULL),(109,299,10,5,2,5,'Stories',5,5,1,52,'2016-10-23 08:32:21',NULL),(110,299,11,5,4,5,'Chinese Restaurant ',5,5,1,51,'2016-10-23 08:33:22',NULL),(111,300,10,4,3,4,'Stories',4,3,1,60,'2016-10-23 08:48:37',NULL),(112,300,11,4,3,5,'Chinese restaurant',4,3,1,51,'2016-10-23 08:49:36',NULL),(113,301,11,3,2,4,'Pizza place',2,4,1,32,'2016-10-23 08:52:47',NULL),(114,302,10,4,2,4,'Stories',4,3,1,29,'2016-10-23 22:03:05',NULL),(115,302,11,4,2,2,'Caio',3,4,0,68,'2016-10-23 22:04:16',NULL),(116,284,12,3,2,3,'subway',3,5,1,57,'2016-10-24 11:36:04',NULL),(117,284,16,4,2,4,'no',4,3,1,26,'2016-10-24 11:46:51',NULL),(118,304,10,3,3,3,'Stories',4,5,1,61,'2016-10-24 11:48:49',NULL),(119,290,14,2,3,2,'Subway',3,4,1,21,'2016-10-24 13:14:36',NULL),(120,307,11,4,3,4,'Little Dragon',4,4,1,66,'2016-10-24 20:43:58',NULL),(121,307,10,3,4,3,'Subway',4,4,1,27,'2016-10-24 20:44:47',NULL),(122,265,12,4,4,4,'Subway',4,4,1,28,'2016-10-25 13:43:56',NULL),(123,265,13,4,4,4,'beijing',4,4,1,20,'2016-10-25 13:49:13',NULL),(124,311,10,4,4,4,'Central cäfe',4,3,1,43,'2016-10-26 05:15:40',NULL),(125,312,10,4,4,3,'Stories',4,4,1,40,'2016-10-27 01:01:13',NULL),(126,312,11,5,4,2,'Pizzeria Baabel',4,5,1,41,'2016-10-27 01:02:02',NULL),(127,309,10,3,1,2,'Caio',5,4,1,20,'2016-10-27 07:08:38',NULL),(128,309,11,5,2,4,'Caio',5,2,1,17,'2016-10-27 07:09:07',NULL),(129,317,10,4,4,3,'stories',4,4,1,126,'2016-10-27 12:23:01',NULL),(130,317,11,4,3,2,'Chinese restaurant',2,4,1,50,'2016-10-27 12:23:55',NULL),(131,291,11,3,2,3,'Yep ',4,2,1,88,'2016-10-27 18:45:53',NULL),(132,318,10,3,2,2,'Caio',5,3,1,19,'2016-10-28 11:38:09',NULL),(133,318,11,5,1,5,'Caio',5,2,1,13,'2016-10-28 11:38:25',NULL),(134,280,16,5,4,4,'I do not know ',5,4,1,39,'2016-10-28 16:39:13',NULL),(135,279,16,5,4,4,'There is a noodle place nearby. ',4,3,1,16,'2016-10-28 16:40:12',NULL),(136,281,16,4,3,3,'No',4,3,1,27,'2016-10-28 16:40:23',NULL),(137,280,14,4,5,3,'Subway',3,5,1,23,'2016-10-28 16:49:24',NULL),(138,281,14,2,2,2,'don\'t know',3,5,1,31,'2016-10-28 16:49:32',NULL),(139,279,14,4,3,4,'There is Chinese nearby. ',3,4,1,55,'2016-10-28 16:50:43',NULL),(140,280,19,5,5,4,'Uni restaurant',4,4,0,19,'2016-10-28 17:00:21',NULL),(141,279,19,4,3,4,'University Restaurant',4,3,0,34,'2016-10-28 17:00:36',NULL),(142,281,19,3,2,4,'Don\'t know',3,3,0,33,'2016-10-28 17:01:09',NULL),(143,281,18,2,5,2,'Friends\'n\'brgrs',3,5,1,110,'2016-10-28 17:17:15',NULL),(144,281,17,3,2,2,'Pannu',3,5,1,31,'2016-10-28 17:18:04',NULL),(145,281,12,2,2,2,'Subway',3,5,1,50,'2016-10-28 17:19:40',NULL),(146,281,13,3,2,3,'Kauppuri 5',3,5,1,40,'2016-10-28 17:36:30',NULL),(147,259,12,4,2,3,'Burger king',3,4,1,53,'2016-10-29 17:29:33',NULL),(148,295,12,3,4,2,'Troija kebab',4,4,1,34,'2016-10-29 19:25:51',NULL),(149,291,12,3,4,5,'Yes',5,4,1,21,'2016-10-29 19:26:21',NULL),(150,295,17,2,3,2,'Burger king',4,4,1,24,'2016-10-29 19:26:24',NULL),(151,291,17,4,4,5,'Yes',4,4,1,19,'2016-10-29 19:26:54',NULL),(152,295,13,3,3,2,'Park buffer',4,4,1,21,'2016-10-29 19:26:56',NULL),(153,291,13,4,4,4,'Yes',4,5,1,21,'2016-10-29 19:27:28',NULL),(154,295,14,3,3,2,'City mart',1,2,1,14,'2016-10-29 19:27:53',NULL),(155,291,14,4,4,4,'Yes',5,3,1,17,'2016-10-29 19:28:23',NULL),(156,295,18,3,3,2,'Subway',3,2,1,7,'2016-10-29 19:28:36',NULL),(157,291,18,4,4,4,'Yes',4,4,1,19,'2016-10-29 19:29:08',NULL),(158,281,11,3,2,3,'Lähin Pizza',3,5,1,29,'2016-10-31 07:39:49',NULL),(159,281,10,3,2,3,'Central Station',1,3,1,44,'2016-10-31 07:46:10',NULL),(160,320,14,3,3,2,'Subway',2,4,1,22,'2016-10-31 14:21:56',NULL),(161,320,11,3,3,2,'no',4,2,0,19,'2016-10-31 14:24:12',NULL),(162,320,10,2,3,2,'University restaurants',2,3,1,54,'2016-10-31 14:25:27',NULL),(163,320,12,2,3,1,'Olympos',1,5,1,19,'2016-10-31 14:28:50',NULL),(164,320,13,2,3,2,'Toripolliisi',2,4,1,59,'2016-10-31 14:29:52',NULL),(165,320,15,2,2,1,'no',2,5,1,15,'2016-10-31 15:09:31',NULL),(166,320,16,4,3,2,'no',4,4,1,15,'2016-10-31 15:11:30',NULL),(167,320,17,2,3,2,'McDonalds',4,5,1,27,'2016-10-31 15:13:22',NULL),(168,320,18,2,3,2,'Friends and Burgers',4,5,1,61,'2016-10-31 15:14:26',NULL),(169,320,19,2,3,2,'no',2,4,1,12,'2016-10-31 15:16:27',NULL),(170,296,17,5,5,5,'McDonalds',4,4,1,45,'2016-10-31 17:24:55',NULL),(171,296,14,5,4,5,'Uimahallin kahvine',5,4,1,64,'2016-10-31 17:26:17',NULL),(172,296,18,5,4,5,'Friends and burgers',4,5,1,40,'2016-10-31 17:27:11',NULL),(173,296,13,5,5,5,'Ravintola toripolisi oulu',4,5,1,50,'2016-10-31 17:28:07',NULL),(174,296,12,5,5,5,'Troija kabab',4,5,1,89,'2016-10-31 17:29:43',NULL),(175,323,10,2,3,5,'Restaurant Central Station',5,5,1,179,'2016-11-01 17:02:07',NULL),(176,324,10,4,4,4,'stories',5,4,1,65,'2016-11-01 17:14:15',NULL),(177,324,11,4,2,5,'caio',4,3,1,167,'2016-11-01 17:17:13',NULL);
/*!40000 ALTER TABLE `location_place_description_deliverables` ENABLE KEYS */;
UNLOCK TABLES;

--
-- Table structure for table `location_place_description_questions`
--

DROP TABLE IF EXISTS `location_place_description_questions`;
/*!40101 SET @saved_cs_client     = @@character_set_client */;
/*!40101 SET character_set_client = utf8 */;
CREATE TABLE `location_place_description_questions` (
  `question_id` int(50) unsigned NOT NULL AUTO_INCREMENT,
  `text` text NOT NULL,
  `created` datetime DEFAULT NULL,
  `updated` datetime DEFAULT NULL,
  PRIMARY KEY (`question_id`)
) ENGINE=InnoDB AUTO_INCREMENT=5 DEFAULT CHARSET=latin1 COMMENT='This table contains the questions for the location based task i.e., Describe the place.';
/*!40101 SET character_set_client = @saved_cs_client */;

--
-- Dumping data for table `location_place_description_questions`
--

LOCK TABLES `location_place_description_questions` WRITE;
/*!40000 ALTER TABLE `location_place_description_questions` DISABLE KEYS */;
INSERT INTO `location_place_description_questions` VALUES (1,'question1','2016-07-08 16:02:18','2016-07-08 16:02:19'),(2,'question2','2016-07-08 16:02:21','2016-07-08 16:02:22'),(3,'question3','2016-07-08 16:02:25','2016-07-08 16:02:26'),(4,'question4','2016-07-08 16:02:27','2016-07-08 16:02:27');
/*!40000 ALTER TABLE `location_place_description_questions` ENABLE KEYS */;
UNLOCK TABLES;

--
-- Table structure for table `location_ratings`
--

DROP TABLE IF EXISTS `location_ratings`;
/*!40101 SET @saved_cs_client     = @@character_set_client */;
/*!40101 SET character_set_client = utf8 */;
CREATE TABLE `location_ratings` (
  `id` int(11) unsigned NOT NULL AUTO_INCREMENT,
  `fk_user_id` int(11) unsigned NOT NULL DEFAULT '0',
  `rating` int(11) unsigned NOT NULL DEFAULT '0',
  `fk_location_id` int(11) unsigned NOT NULL DEFAULT '0',
  PRIMARY KEY (`id`),
  KEY `FK_LOCATION_RATING_USER_USER_ID` (`fk_user_id`),
  KEY `FK_LOCATION_RATING_LOCATIONS_LOCATION_ID` (`fk_location_id`),
  CONSTRAINT `FK_LOCATION_RATING_LOCATIONS_LOCATION_ID` FOREIGN KEY (`fk_location_id`) REFERENCES `locations` (`id`) ON UPDATE CASCADE,
  CONSTRAINT `FK_LOCATION_RATING_USER_USER_ID` FOREIGN KEY (`fk_user_id`) REFERENCES `users` (`id`) ON UPDATE CASCADE
) ENGINE=InnoDB DEFAULT CHARSET=latin1 COMMENT='This table contains the ratings that the users give to the location while completing the location based tasks';
/*!40101 SET character_set_client = @saved_cs_client */;

--
-- Dumping data for table `location_ratings`
--

LOCK TABLES `location_ratings` WRITE;
/*!40000 ALTER TABLE `location_ratings` DISABLE KEYS */;
/*!40000 ALTER TABLE `location_ratings` ENABLE KEYS */;
UNLOCK TABLES;

--
-- Table structure for table `locations`
--

DROP TABLE IF EXISTS `locations`;
/*!40101 SET @saved_cs_client     = @@character_set_client */;
/*!40101 SET character_set_client = utf8 */;
CREATE TABLE `locations` (
  `id` int(11) unsigned NOT NULL AUTO_INCREMENT,
  `name` text NOT NULL,
  `address` text NOT NULL,
  `description` text NOT NULL,
  `image` text,
  `latitude` decimal(11,8) NOT NULL,
  `longitude` decimal(11,8) NOT NULL,
  `postal_code` varchar(50) NOT NULL,
  PRIMARY KEY (`id`)
) ENGINE=InnoDB AUTO_INCREMENT=20 DEFAULT CHARSET=latin1 COMMENT='This table contains the location information for the "Place a new tag" task.';
/*!40101 SET character_set_client = @saved_cs_client */;

--
-- Dumping data for table `locations`
--

LOCK TABLES `locations` WRITE;
/*!40000 ALTER TABLE `locations` DISABLE KEYS */;
INSERT INTO `locations` VALUES (10,'University Of Oulu','Paavo Havaksen tie 5, 90570 Oulu, Finland','The Tag is in Stories Cafeteria just in the entrance of the R Gate Of University Of Oulu Linnanma Campus.','images/located/uol.jpg',65.05801730,25.46738140,'90570'),(11,'Tokmanni, Linnanmaa','Sammonkatu 5, 90570 Oulu','Tokmanni super market in Linnanmaa','images/located/tokmanni.jpg',65.05876800,25.47760700,'90570'),(12,'Toripakka Bus Station, City Center','Torikatu 12, 90100 Oulu, Finland','Toripakka Stop at the City Center','images/located/toripakka.jpg',65.01347100,25.46978500,'90100'),(13,'Toripoliisi, City Center','Rantakatu 6, 90100 Oulu, Finland','Police Statue in market place near City Center','images/located/toripoliisi.jpg',65.01335700,25.46560200,'90100'),(14,'Prisma, Raksila','Tehtaankatu 3, 90100','Prisma Super Market in Raksila','images/located/prisma.jpg',65.01045200,25.49055800,'90100'),(15,'Idea Park','Ritaharjuntie 49, 90540 Oulu','Idea Park, Oulu','images/located/ideapark.jpg',65.07705900,25.44609200,'90540'),(16,'Tuiran uimaranta','Tuiran uimaranta, 90500 Oulu','Tuira Beach, Oulu','images/located/tuira.jpg',65.02268600,25.48864400,'90500'),(17,'Stockmann','Kirkkokatu 14, 90100 Oulu','Stockmann in the City Center','images/located/stockmann.jpg',65.01157500,25.46907900,'90100'),(18,'Valkea','Isokatu 25, 90100 Oulu','Valkea in the City Center','images/located/valkea.jpg',65.01136300,25.47250900,'90100'),(19,'University Of Applied Sciences','Kiviharjunlenkki 1, 90220 Oulu','Univeristy Of Applied Sciences','images/located/uoas.jpg',65.01003400,25.51004300,'90220');
/*!40000 ALTER TABLE `locations` ENABLE KEYS */;
UNLOCK TABLES;

--
-- Table structure for table `oulu_hobbies_deliverables`
--

DROP TABLE IF EXISTS `oulu_hobbies_deliverables`;
/*!40101 SET @saved_cs_client     = @@character_set_client */;
/*!40101 SET character_set_client = utf8 */;
CREATE TABLE `oulu_hobbies_deliverables` (
  `id` int(255) unsigned NOT NULL AUTO_INCREMENT,
  `fk_user_id` int(11) NOT NULL,
  `answer` text,
  `fk_hobby_id` int(255) unsigned NOT NULL,
  `time_taken` int(11) unsigned NOT NULL,
  `skipped` int(1) unsigned NOT NULL,
  `created` datetime DEFAULT NULL,
  PRIMARY KEY (`id`)
) ENGINE=InnoDB AUTO_INCREMENT=1054 DEFAULT CHARSET=latin1 COMMENT='This table contains the deliverables for the oulu hobbies task';
/*!40101 SET character_set_client = @saved_cs_client */;

--
-- Dumping data for table `oulu_hobbies_deliverables`
--

LOCK TABLES `oulu_hobbies_deliverables` WRITE;
/*!40000 ALTER TABLE `oulu_hobbies_deliverables` DISABLE KEYS */;
INSERT INTO `oulu_hobbies_deliverables` VALUES (1,224,'icehockey',2,9,0,'2016-08-13 00:10:11'),(2,18,'',8,13,1,'2016-08-13 00:15:37'),(4,18,'banani',1,21,0,'2016-08-14 10:12:15'),(5,18,'banani',3,37,0,'2016-08-14 10:16:23'),(6,18,'',4,8,1,'2016-08-14 10:16:39'),(7,18,'',5,2,1,'2016-08-14 10:16:44'),(8,18,'',6,2,1,'2016-08-14 10:16:49'),(9,18,'',7,0,1,'2016-08-14 10:16:51'),(10,18,'',9,1,1,'2016-08-14 10:16:54'),(11,18,'',10,1,1,'2016-08-14 10:16:59'),(12,242,'',2,19,1,'2016-08-23 22:20:58'),(13,18,'',11,6,1,'2016-08-23 22:22:52'),(14,242,'',5,9,1,'2016-08-25 15:26:14'),(15,18,'asfsfsdfsdfsdfd',2,5,0,'2016-08-26 20:57:44'),(16,244,'So awesome ',37,18,0,'2016-09-25 11:28:06'),(17,244,'Not baaaad',1,33,0,'2016-09-25 11:28:39'),(18,245,'Yes, anywhere',20,31,0,'2016-09-25 11:29:10'),(19,246,'Yes, you can register to a gym and go there. If you are a student, you can get a sports sticker on your student card and use the student gym.',22,91,0,'2016-09-25 11:43:36'),(20,246,'Yes, but i dont know exact details. Sometimes in the university they are giving information about sky diving.',1,56,0,'2016-09-25 11:44:32'),(21,245,'No',1,17,0,'2016-09-25 11:57:45'),(22,18,'test',12,5,0,'2016-10-05 13:01:34'),(23,18,'',13,8,1,'2016-10-05 13:01:43'),(24,257,'',14,0,1,'2016-10-07 08:05:50'),(25,257,'Skydiving oulu',1,0,0,'2016-10-07 08:06:02'),(26,257,'',2,0,1,'2016-10-07 08:06:08'),(27,257,'Dive travel finland',3,0,0,'2016-10-07 08:06:40'),(28,257,'',4,0,1,'2016-10-07 08:06:50'),(29,257,'',5,0,1,'2016-10-07 08:07:30'),(30,257,'',6,0,1,'2016-10-07 08:07:53'),(31,257,'Indoor',7,0,0,'2016-10-07 08:08:03'),(32,258,'Yes we can do skydiving oulu. Though I have not tried it so far but I think there is one company oulu skydiving perform these kind of activities.',1,0,0,'2016-10-07 18:30:02'),(33,258,'Oulu is among one of the best place for icehockey. There are some indoor available in oulu specially for this sports ',2,0,0,'2016-10-07 18:31:44'),(34,259,'Nallikiari beach',33,0,0,'2016-10-07 18:32:42'),(35,259,'Nalikiari beach',1,0,0,'2016-10-07 18:32:58'),(36,258,'I am not sure about this task but I guess we have some beaches in oulu like nilikari to perform this activity.',3,0,0,'2016-10-07 18:33:27'),(37,259,'',2,0,1,'2016-10-07 18:33:49'),(38,259,'Yah nalikari beach and  do it by company',3,0,0,'2016-10-07 18:34:56'),(39,259,'Ofcourse near to iinanama with my friends',4,0,0,'2016-10-07 18:35:16'),(40,258,'Yes fishing can be easily done in the oulu. There are many places in oulu city area and linanama where we can do good fishing ',4,0,0,'2016-10-07 18:35:23'),(41,258,'I think sea surfing would not be much feasible to do in oulu',5,0,0,'2016-10-07 18:36:13'),(42,258,'Yes volleyball can be played in oulu. There are many places in city and linanama where volleyball can be played. I usually play in one school in oulu',6,0,0,'2016-10-07 18:37:24'),(43,259,'Possible by uni sports group',5,0,0,'2016-10-07 18:37:59'),(44,259,'I love and play volleyball and we playing this at yliopistkatu 36',6,0,0,'2016-10-07 18:38:42'),(45,258,'Yes I play cricket alot. There are few clubs like nlca and occ who arrange summer and winter tournaments. There is one school near to oulu which is also used for indoor cricket in winters ',7,0,0,'2016-10-07 18:39:34'),(46,259,'Yah we are playing yliopistukatu indoor and also arrange by two groups in summer outside',7,0,0,'2016-10-07 18:39:36'),(47,259,'Yah every open place in summer and also indoor in a big indoor ground near to keskusta',8,0,0,'2016-10-07 18:40:14'),(48,259,'',12,0,1,'2016-10-07 18:40:18'),(49,259,'',13,0,1,'2016-10-07 18:40:21'),(50,259,'',14,0,1,'2016-10-07 18:40:30'),(51,258,'Football have been mainly played in special grounds in city and linanama.',8,0,0,'2016-10-07 18:40:41'),(52,259,'Yah by sports group',15,0,0,'2016-10-07 18:40:54'),(53,259,'Yah by Oulu uni sport and in yliopostukatu',16,0,0,'2016-10-07 18:41:10'),(54,259,'Yah yliopistukatu',17,0,0,'2016-10-07 18:41:33'),(55,259,'',18,0,1,'2016-10-07 18:42:03'),(56,259,'Yah in yliopistukatu by uni sport oulu',19,0,0,'2016-10-07 18:42:23'),(57,259,'Yes off course by uni sport Oulu with arranged bycyling event',20,0,0,'2016-10-07 18:43:07'),(58,259,'Definitely but on individual basis',21,0,0,'2016-10-07 18:43:31'),(59,259,'Yes arrange at near linnanma campus uni gymnism',22,0,0,'2016-10-07 18:44:36'),(60,259,'',23,0,1,'2016-10-07 18:44:50'),(61,259,'',24,0,1,'2016-10-07 18:45:06'),(62,259,'Yes its also arrange by niso ',25,0,0,'2016-10-07 18:45:23'),(63,259,'Yah by uni sport oulu',26,0,0,'2016-10-07 18:45:53'),(64,259,'',27,0,1,'2016-10-07 18:46:07'),(65,259,'Yah in ylipistukatu school by uni sports oulu',28,0,0,'2016-10-07 18:46:24'),(66,259,'',29,0,1,'2016-10-07 18:46:28'),(67,259,'Yes by different rally groups',30,0,0,'2016-10-07 18:46:44'),(68,259,'No',31,0,0,'2016-10-07 18:46:50'),(69,259,'I don\'t know much',32,0,0,'2016-10-07 18:47:34'),(70,259,'Not sure sorry',34,0,0,'2016-10-07 18:47:47'),(71,259,'',35,0,1,'2016-10-07 18:47:51'),(72,259,'Yaharrange by student organization',36,0,0,'2016-10-07 18:48:17'),(73,259,'Yes also arrange by uni sports Oulu in city center',37,0,0,'2016-10-07 18:48:31'),(74,259,'',38,0,1,'2016-10-07 18:48:35'),(75,259,'Yes different social and as well as arrange by uni',39,0,0,'2016-10-07 18:48:50'),(76,261,'Wall climbing, Super Park amusement park, skating, cayaking, bicycling.\n',33,0,0,'2016-10-12 10:57:27'),(77,261,'Yes, at Oulu Skydiving Club at nearby Oulu Airport. Its very active club and you can join to the club.',1,0,0,'2016-10-12 14:33:01'),(78,261,'Sure! Join Oulun Kärpät team. They have all levels from kid to professional teams.',2,0,0,'2016-10-12 14:33:32'),(79,265,'',4,0,1,'2016-10-12 14:37:03'),(80,265,'',1,0,1,'2016-10-12 14:37:48'),(81,265,'',2,0,1,'2016-10-12 14:38:06'),(82,266,'Papinjärventie 8, 90460 Oulunsalo\ntel: 045 1205666\n\nusually not available in winter\nreservation needed',1,0,0,'2016-10-12 14:40:48'),(83,264,'Yes, I can. At Nallikari Oy. I go there by bus at afternoon and until 9pm',37,0,0,'2016-10-12 14:41:38'),(84,266,'Kauppalinnankatu 6, 90570\ntel: 044 7038022',2,0,0,'2016-10-12 14:42:31'),(85,262,'Yes, \nreservation, Papinjarventie 8, 90460 Oulunsalo',1,0,0,'2016-10-12 14:43:51'),(86,262,'from Tuesday to Friday, Linnanmaa ice hall, team sports',2,0,0,'2016-10-12 14:49:08'),(87,263,'',29,0,1,'2016-10-12 14:52:48'),(88,263,'it cost 700 euros',1,0,0,'2016-10-12 14:53:13'),(89,263,'you can play in outdoor playgroud for free in winter',2,0,0,'2016-10-12 14:53:55'),(90,263,'',3,0,1,'2016-10-12 14:54:02'),(91,263,'you can fishing on the lake',4,0,0,'2016-10-12 14:54:20'),(92,263,'there is little wave near the beach',5,0,0,'2016-10-12 14:54:57'),(93,263,'you can book the place from omapsoas',6,0,0,'2016-10-12 14:55:30'),(94,263,'',7,0,1,'2016-10-12 14:55:41'),(95,263,'the playground is free to use after official time',8,0,0,'2016-10-12 14:56:27'),(96,263,'there are summer paddling course for free with summer soort pass',12,0,0,'2016-10-12 14:57:45'),(97,264,'yes, I can, my friends and I will do the skydiving next month, at Oulu\'s airport, we find the information about it by searching \' oulu skydiving \'on the internet. And we can make an appointment by calling them ',1,0,0,'2016-10-13 09:34:16'),(98,264,'Yes, I could, but actually I just watched it, because I don\'t like ice hockey. I watched it around a sports place around Prisma, there are always some matches.',2,0,0,'2016-10-13 09:35:57'),(99,264,'No, I think it\'s hard to find a place to do the deep sea diving in oulu, at least I didn\'t hear about it',3,0,0,'2016-10-13 09:37:05'),(100,265,'',3,0,1,'2016-10-13 13:52:59'),(101,265,'',5,0,1,'2016-10-13 16:12:09'),(102,265,'I try to play volleyball at Linnama gym last Friday at 5pm with my friends',6,0,0,'2016-10-13 16:13:52'),(103,265,'',7,0,1,'2016-10-13 16:14:25'),(104,265,'',8,0,1,'2016-10-13 16:14:51'),(105,265,'',12,0,1,'2016-10-13 16:15:09'),(106,265,'',13,0,1,'2016-10-13 16:15:17'),(107,265,'',14,0,1,'2016-10-13 16:15:48'),(108,265,'',15,0,1,'2016-10-13 16:16:50'),(109,265,'I play badminton twice per week at Linnaean gym, usually during 4 to 5 pm with my friends',16,0,0,'2016-10-13 16:18:10'),(110,265,'',17,0,1,'2016-10-13 16:18:31'),(111,265,'',18,0,1,'2016-10-13 16:18:37'),(112,265,'I not usually play basketball, but sometimes I will go to see my friends play basketball in linnama gym at 8pm',19,0,0,'2016-10-13 16:20:02'),(113,265,'I willing to bicycling in summer after dinner, like 7pm, and around the lake near my home',20,0,0,'2016-10-13 16:21:29'),(114,265,'',21,0,1,'2016-10-13 16:21:35'),(115,265,'I work out four times per week and usually go to the gym near idea-park at 8pm',22,0,0,'2016-10-13 16:23:32'),(116,265,'',23,0,1,'2016-10-13 16:23:49'),(117,265,'',24,0,1,'2016-10-13 16:24:11'),(118,265,'',25,0,1,'2016-10-13 16:24:15'),(119,265,'',26,0,1,'2016-10-13 16:24:22'),(120,265,'',27,0,1,'2016-10-13 16:24:26'),(121,265,'I will attend the gymnastic course once a week in the gym near the idea park at 8pm',28,0,0,'2016-10-13 16:25:47'),(122,265,'',29,0,1,'2016-10-13 16:25:56'),(123,265,'',30,0,1,'2016-10-13 16:26:01'),(124,265,'',31,0,1,'2016-10-13 16:26:06'),(125,265,'',32,0,1,'2016-10-13 16:26:12'),(126,265,'',33,0,1,'2016-10-13 16:26:30'),(127,265,'',34,0,1,'2016-10-13 16:26:36'),(128,265,'I go to swimming twice per month, the swim pool that near the police station would be my first choose and I usually go to swim at 6pm',35,0,0,'2016-10-13 16:28:35'),(129,265,'',36,0,1,'2016-10-13 16:28:40'),(130,265,'I go to swimming twice per month, usually choose the swim pool near the police station and go to swim with my friends at 6pm',37,0,0,'2016-10-13 16:30:22'),(131,265,'',38,0,1,'2016-10-13 16:30:29'),(132,265,'I would like running sometimes in summer, like 8am or 8pm',39,0,0,'2016-10-13 16:31:47'),(133,275,'There is a basketball court in linnanmaa.',19,0,0,'2016-10-17 13:31:28'),(134,275,'You can skydive in Oulunsalo',1,0,0,'2016-10-17 13:32:02'),(135,276,'Yes, i know it\'s possible but I don\'t know where is the field',15,0,0,'2016-10-17 14:25:00'),(136,276,'Yes, you can do it at the Oulu airport. There is a skydiving club there',1,0,0,'2016-10-17 14:25:24'),(137,276,'Yes you can. There are many indoor arenas for that. One in linnanmaa, one at raksila and one in heinäpää',2,0,0,'2016-10-17 14:26:07'),(138,276,'I don\'t think it\'s possible',3,0,0,'2016-10-17 14:26:22'),(139,276,'You can fish at sea or by Oulujoki river',4,0,0,'2016-10-17 14:26:37'),(140,276,'You can do it near nallikari',5,0,0,'2016-10-17 14:26:47'),(141,276,'There are many Fields for it. Next to University there are many fields',6,0,0,'2016-10-17 14:27:08'),(142,276,'I think theres a club for it and they play at Castren field',7,0,0,'2016-10-17 14:27:40'),(143,276,'There are many Fields and Clubs for it',8,0,0,'2016-10-17 14:27:53'),(144,276,'You can do it near Nallikari. There are a club for it. Oulun melojat',12,0,0,'2016-10-17 14:28:23'),(145,276,'You can do it near the Oulunsalo airport',13,0,0,'2016-10-17 14:28:36'),(146,276,'There is a Graffiti Wall near heinäpää',14,0,0,'2016-10-17 14:28:52'),(147,276,'There are indoor Fields for it. One is next to University in linnanmaa',16,0,0,'2016-10-17 14:29:16'),(148,276,'You can play it in raksila stadium',17,0,0,'2016-10-17 14:29:28'),(149,276,'You can\'t do it in oulu',18,0,0,'2016-10-17 14:29:40'),(150,276,'You can play it indoors',19,0,0,'2016-10-17 14:29:50'),(151,276,'You can ride around oulu. You can do it pretty much anywhere here',20,0,0,'2016-10-17 14:30:11'),(152,276,'You can do it at sea or Oulujoki river',21,0,0,'2016-10-17 14:30:39'),(153,276,'You can do it in gyms all around oulu',22,0,0,'2016-10-17 14:30:53'),(154,276,'There is bowling Hall in heinäpää',23,0,0,'2016-10-17 14:31:08'),(155,276,'I don\'t think you can do it in oulu',24,0,0,'2016-10-17 14:31:22'),(156,276,'You can do it anywhere. I don\'t know if theres any Clubs for it',25,0,0,'2016-10-17 14:31:48'),(157,276,'I think you can do it indoors somewhere here',26,0,0,'2016-10-17 14:32:09'),(158,279,'Yes, you can do this in your home with a colouring book. ',25,0,0,'2016-10-18 11:59:14'),(159,279,'Yes. There are services that offer skydiving for about 250€. ',1,0,0,'2016-10-18 11:59:37'),(160,279,'Yes, it can be played at the city\'s various skating rinks or at the ice hall. ',2,0,0,'2016-10-18 12:00:22'),(161,279,'I don\'t know. ',3,0,0,'2016-10-18 12:00:39'),(162,279,'Yes, you can fish in the sea, but you need a license for certain types of rods. ',4,0,0,'2016-10-18 12:01:03'),(163,279,'I don\'t think the waves are quite big enough for that. ',5,0,0,'2016-10-18 12:01:38'),(164,279,'You can play volleyball at the beach or in sports halls. I think there is a court next to the university even. ',6,0,0,'2016-10-18 12:02:05'),(165,279,'If you have a place to set up a course, then yes you can play. ',7,0,0,'2016-10-18 12:02:32'),(166,279,'There are many fields where you can play and possibly even rent equipment. ',8,0,0,'2016-10-18 12:03:19'),(167,279,'There is canoe rental in the city near the library. ',12,0,0,'2016-10-18 12:03:48'),(168,279,'I suppose you could do this, but I don\'t quite understand what this means. ',13,0,0,'2016-10-18 12:04:19'),(169,279,'I have seen airbrushing stands at various events throughout the summer, so yes. ',14,0,0,'2016-10-18 12:04:51'),(170,279,'I know  this is possible but I\'m not sure where. ',15,0,0,'2016-10-18 12:05:24'),(171,279,'Badminton can be played at multiple gyms throughout the city. ',16,0,0,'2016-10-18 12:05:42'),(172,279,'Yes, there are baseball fields in Oulu. ',17,0,0,'2016-10-18 12:06:11'),(173,279,'Yes, there are always flyers about this in the humanities department. ',18,0,0,'2016-10-18 12:06:36'),(174,279,'Basketball can be played in many gyms. ',19,0,0,'2016-10-18 12:06:49'),(175,279,'The city is full of biking paths, so yes. ',20,0,0,'2016-10-18 12:07:11'),(176,279,'At least during the summer this is possible. Oulu is seaside. ',21,0,0,'2016-10-18 12:08:11'),(177,279,'Yes. Oulu has many gyms. Prices vary a lot. ',22,0,0,'2016-10-18 12:09:01'),(178,279,'There are a couple of bowling alleys in Oulu with student discounts even. ',23,0,0,'2016-10-18 12:09:27'),(179,279,'It can at least be practiced on your own time. ',24,0,0,'2016-10-18 12:09:44'),(180,279,'There are a lot of halls where you can play floorball. ',26,0,0,'2016-10-18 12:11:43'),(181,279,'I am unaware of opportunities for this. ',27,0,0,'2016-10-18 12:12:13'),(182,279,'Yes, there are halls for this. I think there is a small place in Alppila. ',28,0,0,'2016-10-18 12:12:45'),(183,279,'I know there are opportunities. They are quite pricey. I\'ve seen the flyers but I have forgotten where it is. ',29,0,0,'2016-10-18 12:13:26'),(184,279,'If not in Oulu, there are places near to the city where we can do this. ',30,0,0,'2016-10-18 12:13:57'),(185,279,'There are climbing halls, but I don\'t know about actual mountains. ',31,0,0,'2016-10-18 12:14:50'),(186,279,'There are opportunities for this near the city. ',32,0,0,'2016-10-18 12:15:16'),(187,281,'',6,0,1,'2016-10-18 12:15:38'),(188,281,'',1,0,1,'2016-10-18 12:15:46'),(189,272,'OULUHALLI\n\nAvoinna\n\nma–ti, pe	6.15–22.00\nke	6.15–21.00\nto	7.00–22.00\nla-su	8.00–15.15\n \n\nAikuinen\nkertamaksu 5,50 €\nsarjalippu 10 kpl 45,00 €\ná 4,50 €\nsarjalippu 50 kpl 200,00 €\ná 4,00 €\nkuukausikortti 45,00 €\nAleryhmät kertamaksu, eläkeläinen, opiskelija, työtön, varusmies, siviilipalvelusta suorittava\nja lapsi alle 16 v.\nkertamaksu 3,20 €\nsarjalippu 10 kpl 25,00 €\ná 2,50 €\nkuukausikortti 25,00 €\nSeniorikortti 65+, oululaisille 35,00 € /vuosi\nOuluCard, sarjaliput, kuukausikortit ja seniorikortti ladataan asiakkaan\nkaupunkikortille (OuluCard tai Waltti). 3,00 € kpl\nOpiskelijat liikuntatunnilla sekä ulkopaikkakuntalaiset koululaiset ja\npäiväkotilapset ryhmänä 1,50 €\nsulkapallo kertamaksu tai\nsarjalippu/hlö',37,0,0,'2016-10-18 12:42:41'),(190,272,'http://skydiveoulu.fi/\nSkydive Oulu\nPapinjärventie 8, 90460 Oulunsalo. \n\nPrice includes\nTraining\nClub membership\nGoggles\nJumps\nPrice\nJust Jump! \n350€ (Now 220€)\n\nSkydive Extreme!\n380€ (290€)\n\nSkydive Challenge!\n480€ (390€)',1,0,0,'2016-10-18 12:50:32'),(191,272,'here for example: http://www.finhockey.fi/alueet/pohjoinen/harrastekiekko-2016-2017/oulun_alue/\nthere are many teams: https://nimenhuuto.com/joukkueet/j%C3%A4%C3%A4kiekko/oulu\nfor students and staff from the university in linnanmaa: http://www.oulunkorkeakoululiikunta.fi/in-english/?page=sports&category=110&sport=9 \nLinnanmaa ice hall, rink 1, Kauppalinnankatu 6 \n',2,0,0,'2016-10-18 13:11:58'),(192,272,'OULUN SUKELLUSKESKUS: Oulu Dive Center is the only Dive center in the northern Finland. Oulu Dive Center (Oulun Sukelluskeskus) offers diving courses from beginners to professionals primarily through SSI training agency. \nKoskitie 28, 90500 Oulu',3,0,0,'2016-10-18 13:16:04'),(193,272,'There are many points to fish. Just need a licence, the \"kalastulupa\"',4,0,0,'2016-10-18 13:19:45'),(194,272,'In Nallikari is a good place to  surf. There is also the Nallikari surf centre where one can rent equipment : Windsurf & SUP guidance and rental at Nallikari, Oulu. http://www.nallikarisurfcenter.com/\n',5,0,0,'2016-10-18 13:24:19'),(195,272,'Oulu Hall (Ouluhalli)\nYlioppilaantie 4, 90100 Oulu\nSports: football, basketball, volleyball, Finnish baseball, badminton, floorball, athletics, gym training, gymnastics, apparatus gymnastics and American football\n\n\nLinnanmaa Exercise Hall (Linnanmaan liikuntahalli)\nVirkakatu 1, 90570 Oulu\nSports: badminton, volleyball, basketball, gymnastics, apparatus gymnastics, musical exercise, floorball and gym training\nTo make a reservation for the badminton court, call the service desk: 044 703 8009\n\n',6,0,0,'2016-10-18 13:26:56'),(196,272,'OCC organizes Indoor (winter season) and Outdoor (summer season) cricket practices and matches separately every year. OCC is open to everyone, beginner or expert. We have a common team for both Men and Women. You can join our indoor/outdoor or both seasons by paying the respective membership fee\n\nOutdoors:\n\nSeason Duration:  21st May till August end (or early Sept) depending on weather conditions.\nWhen: Every Saturday 16:00-18:00\nFee: Regular fee €120\n   Newcomer Promotional fee  €60  **Condition : Student card (upto MSc) + Non-earning\nLocation: Kaarnatie 44, Oulu (Niittyaron urheilukeskus)',7,0,0,'2016-10-18 13:28:08'),(197,279,'This is possible to do in Oulu, but I\'m not sure where. ',33,0,0,'2016-10-18 13:30:27'),(198,281,'Yes, in the ice skating hall near alppila.',2,0,0,'2016-10-18 13:30:41'),(199,281,'No',3,0,0,'2016-10-18 13:30:45'),(200,280,'Oulu has great opportunities for running on your own time as well as organised running groups.',39,0,0,'2016-10-18 13:30:48'),(201,279,'There are multiple skate parks around the city, and Oulu is a very easy city for people who want to skateboard to do so. ',34,0,0,'2016-10-18 13:31:01'),(202,281,'Yes, practically everywhere since the sea is so close.',4,0,0,'2016-10-18 13:31:05'),(203,280,'Courses for skydiving are organised\n',1,0,0,'2016-10-18 13:31:10'),(204,279,'I suppose this is possible as we are next to the sea, but I am unaware of whether people actually do this. ',35,0,0,'2016-10-18 13:31:22'),(205,280,'Ice hockey is one of the sports oulu is known for.',2,0,0,'2016-10-18 13:31:33'),(206,280,'Not possible',3,0,0,'2016-10-18 13:31:39'),(207,281,'Some, at least in the city harbor there is sup-boarding, which is basically standing on a board and paddling around.',5,0,0,'2016-10-18 13:31:40'),(208,281,'No',7,0,0,'2016-10-18 13:31:44'),(209,279,'I think there is a ski slope at least near the city where this is possible. ',36,0,0,'2016-10-18 13:31:48'),(210,280,'Fishing is possible in the many lakes surrounding oulu as well as in the sea',4,0,0,'2016-10-18 13:32:01'),(211,280,'Surfing is not possible',5,0,0,'2016-10-18 13:32:07'),(212,281,'Yes,  in the football fields provided by the city.',8,0,0,'2016-10-18 13:32:16'),(213,280,'It is possible, but don\'t know where',6,0,0,'2016-10-18 13:32:20'),(214,280,'I don\'t know',7,0,0,'2016-10-18 13:32:25'),(215,281,'Probably near the city and the sea.',12,0,0,'2016-10-18 13:32:27'),(216,279,'Oulu has many swimming halls and there are natural bodies of water for swimming as well. ',37,0,0,'2016-10-18 13:32:31'),(217,280,'Both soccer and american football are available',8,0,0,'2016-10-18 13:32:42'),(218,281,'Technically everywhere, since there is an airport in oulu.',13,0,0,'2016-10-18 13:32:49'),(219,280,'Maybe, but I am not sure',12,0,0,'2016-10-18 13:32:50'),(220,272,'There are many teams one can join: https://nimenhuuto.com/joukkueet/jalkapallo/oulu',8,0,0,'2016-10-18 13:32:53'),(221,280,'At the airport',13,0,0,'2016-10-18 13:33:00'),(222,280,'I don\'t know',14,0,0,'2016-10-18 13:33:20'),(223,281,'Yes, you can buy supplies and there are some booths in the city during the summer.',14,0,0,'2016-10-18 13:33:32'),(224,280,'I think so, but I do not know where',15,0,0,'2016-10-18 13:33:34'),(225,279,'Just outside of the city there are many hiking places. ',38,0,0,'2016-10-18 13:33:36'),(226,281,'Not that i know of',15,0,0,'2016-10-18 13:33:41'),(227,280,'Badminton is possible in multiple locations around Oulu. Sports halls.',16,0,0,'2016-10-18 13:33:57'),(228,281,'Yes, sports halls, eg. Linnanmaa',16,0,0,'2016-10-18 13:33:58'),(229,279,'Oulu is very good for pedestrians, so there are a lot of running possibilities. ',39,0,0,'2016-10-18 13:34:00'),(230,281,'Yes, near pallohalli, and there are some small field throughout the city.',17,0,0,'2016-10-18 13:34:20'),(231,280,'Yes, but I don\'t know where',17,0,0,'2016-10-18 13:34:43'),(232,280,'I think so',18,0,0,'2016-10-18 13:34:49'),(233,280,'Very possible',19,0,0,'2016-10-18 13:34:55'),(234,281,'Some places offer that, extreme sport services for an example',18,0,0,'2016-10-18 13:35:07'),(235,281,'Yes, sports halls offer that.',19,0,0,'2016-10-18 13:35:17'),(236,280,'Oulu has excellent light traffic lanes for bicycling',20,0,0,'2016-10-18 13:35:20'),(237,281,'Everywhere, Oulu is a bicycling city',20,0,0,'2016-10-18 13:35:34'),(238,280,'Boating is possible on the sea and in the lakes around oulu',21,0,0,'2016-10-18 13:35:37'),(239,281,'Yes, the sea is so close.',21,0,0,'2016-10-18 13:35:43'),(240,280,'There are many gyms located around oulu',22,0,0,'2016-10-18 13:35:48'),(241,281,'Yes, gyms offer that.',22,0,0,'2016-10-18 13:35:53'),(242,280,'There are maybe 3 bowling alleys in Oulu',23,0,0,'2016-10-18 13:36:04'),(243,281,'Yes, bowling alleys are a thing in oulu\n',23,0,0,'2016-10-18 13:36:07'),(244,281,'yes, you can do that at home',24,0,0,'2016-10-18 13:36:20'),(245,280,'Calligraphy is possible in western and asian letters',24,0,0,'2016-10-18 13:36:28'),(246,280,'At home',25,0,0,'2016-10-18 13:36:33'),(247,281,'Yes, you can do that at home, and some places offer classes for that.',25,0,0,'2016-10-18 13:36:41'),(248,280,'Multiple floor ball clubs are active around the city',26,0,0,'2016-10-18 13:36:50'),(249,281,'Yes, sports hall in linnanmaa has a place for that.',26,0,0,'2016-10-18 13:36:59'),(250,281,'Not that i know of',27,0,0,'2016-10-18 13:37:13'),(251,280,'Possibly somewhere outside of the city.',27,0,0,'2016-10-18 13:37:14'),(252,280,'Yes, it is possible. Clubs exist.',28,0,0,'2016-10-18 13:37:31'),(253,281,'The sports hall (superpark) in limingantulli has something related to that',28,0,0,'2016-10-18 13:37:45'),(254,280,'Possible, information can surely be found online.',29,0,0,'2016-10-18 13:37:52'),(255,281,'Yes, some places offer that',29,0,0,'2016-10-18 13:37:59'),(256,280,'Yes, but not on actual mountains',30,0,0,'2016-10-18 13:38:03'),(257,281,'Yes, some skii-ing places offer that during the summer.',30,0,0,'2016-10-18 13:38:26'),(258,280,'Indoor climbing is possible, I am not sure about mountains.',31,0,0,'2016-10-18 13:38:36'),(259,280,'Outside of the city',32,0,0,'2016-10-18 13:38:44'),(260,281,'A place in Toppila has a place for it.',31,0,0,'2016-10-18 13:38:54'),(261,280,'Very probably possible',33,0,0,'2016-10-18 13:38:57'),(262,281,'It\'s possible to that, there is a place right outside the city.',32,0,0,'2016-10-18 13:39:11'),(263,281,'No.',33,0,0,'2016-10-18 13:39:17'),(264,280,'No organised clubs, but possible in multiple locations',34,0,0,'2016-10-18 13:39:17'),(265,281,'Yes, there are plenty of spots to skate, and a big skatepark too.',34,0,0,'2016-10-18 13:39:36'),(266,280,'Maybe?',35,0,0,'2016-10-18 13:39:45'),(267,281,'No.',35,0,0,'2016-10-18 13:40:15'),(268,280,'Somewhere close to the city there is a hill for snowboarding and skiing',36,0,0,'2016-10-18 13:40:18'),(269,280,'Outside and inside',37,0,0,'2016-10-18 13:40:27'),(270,281,'Yes, there are hills outside the city.',36,0,0,'2016-10-18 13:40:47'),(271,281,'yes, the sea is pretty close.',37,0,0,'2016-10-18 13:40:55'),(272,280,'Great hiking trails can be found close to the city.',38,0,0,'2016-10-18 13:41:07'),(273,281,'Yeah, practically wherever. And there are forests and stuff near oulu.',38,0,0,'2016-10-18 13:41:19'),(274,281,'Yes, practically everywhere, and there are running tracks in raksila.',39,0,0,'2016-10-18 13:46:19'),(275,272,'Wilderness guide\nHarri Tapio \n+358 (0)400 686382\nOpen canoe with equipments (paddles, buoyancy aid, helmet, water proof bags etc.)\n1 day 40 € and weekend 60 €\nKayak with equipments (paddle, buoyancy aid, helmet, spray deck etc.)\n1 day 30 € and weekend 50 €.\n\nhttp://www.backwoodaction.fi/rent.html',12,0,0,'2016-10-18 15:29:25'),(276,272,'In Oulunsalo, at the airport\nhttps://spotterlead.net/EFOU\nhttp://www.fap.fi/index.php?location=spotting',13,0,0,'2016-10-18 15:33:47'),(277,272,'I did not find it',14,0,0,'2016-10-18 16:53:53'),(278,272,'http://www.oulunjousimiehet.fi/harjoittelupaikat\nRaksilan palolaitos 2. krs, Pikkukankaantie 2\n\nhttp://oulunjousimiehet.fi/harjoittelu.php\nOpastukset tiistaisin kahdessa vuorossa \nklo 17.00-19.00 ja 19.00-20.30\n\nkesä-elokuulla Hietasaaren jousiammuntakentällä (Johteenkuja)\n\nloka-huhtikuulla Raksilan palolaitoksen tiloissa (Pikkukankaantie 2)\n\nOpastusiltoina perimme 5 eur/henkilö tai 10 eur perhelippu.',15,0,0,'2016-10-18 17:00:26'),(279,272,'http://www.oulunkorkeakoululiikunta.fi/in-english/?page=badminton for students from the universoty and staff\n\nIn ouluhalli, raksila.\n',16,0,0,'2016-10-18 17:05:40'),(280,272,'Finnish baseball\nHovinsuo Sports Park\nHintankuja 3, 90650 Oulu\nSports: skateboarding, football, Finnish baseball, athletics, ice hockey, cross-country skiing and ice skating.\n\nKaakkuri Sports Centre\nKaakonpojankuja 10, 90420 Oulu\nSports: football, Finnish baseball, cross-country skiing, ice hockey and ice skating.\n\nLintula Sports Centre\nKaislakuja, 90160 Oulu\nSports: football, Finnish baseball, bandy, ice hockey, tennis and athletics.\n\nMaikkula Sports Centre\nNiemirannantie 9, 90240 Oulu\nSports: football, Finnish baseball, ice hockey and athletics.\n\nNiittyaro Sports Centre\nKaarnatie, 90560 Oulu\nSports: Finnish baseball, skateboarding, cricket, speed-skating and ice skating,',17,0,0,'2016-10-18 17:07:47'),(281,272,'I did not find',18,0,0,'2016-10-18 17:08:35'),(282,272,'Oulu Hall (Ouluhalli)\nYlioppilaantie 4, 90100 Oulu\nSports: football, basketball, volleyball, Finnish baseball, badminton, floorball, athletics, gym training, gymnastics, apparatus gymnastics and American football\n\nLinnanmaa Exercise Hall (Linnanmaan liikuntahalli)\nVirkakatu 1, 90570 Oulu\nSports: badminton, volleyball, basketball, gymnastics, apparatus gymnastics, musical exercise, floorball and gym training\nTo make a reservation for the badminton court, call the service desk: 044 703 8009',19,0,0,'2016-10-18 17:09:42'),(283,272,'Everywhere :)',20,0,0,'2016-10-18 17:09:56'),(284,272,'Boat spaces are rented by Oulu10 Services.\n\nStreet address Torikatu 10, 1st floor,\nTel. Oulu10 Services 08 558 558 00 Maintenance 044 703 2213\nOpen Mon - Thu 8 am – 5 pm, Fri 8 am – 4 pm\n\nhttp://www.ouka.fi/oulu/english/boating',21,0,0,'2016-10-18 17:10:38'),(285,272,'http://www.kuntosaliohjelma.fi/kuntosalit/oulu/',22,0,0,'2016-10-18 17:13:16'),(286,272,'Oulun Keilailutalo Oy\nIsokatu 97, 90120 Oulu\n\nPelixir Oulu\nTukkimiehentie 1, 90530 Oulu\n\n',23,0,0,'2016-10-18 17:14:26'),(287,285,'Football\nWatching movies\nEating burgerking',37,0,0,'2016-10-19 13:00:50'),(288,287,'Yes, you can go to Oulu-halli, which is a big arena where you can play basketball when you want.',19,0,0,'2016-10-19 15:15:40'),(289,287,'Yes. In Oulunsalo, a place near the airport, you can go to a skydiving course.',1,0,0,'2016-10-19 15:16:25'),(290,287,'Yes. There are plenty of ice hockey arenas in Oulu and it\'s a popular hobby everywhere in Oulu -area.',2,0,0,'2016-10-19 15:17:06'),(291,287,'No, it\'s not possible in Oulu.',3,0,0,'2016-10-19 15:17:43'),(292,287,'Yes, there are many types of fishes in the lakes and sea in Oulu. It\'s allowed to fish everywhere you want.',4,0,0,'2016-10-19 15:18:29'),(293,287,'Yes, in summer you can do that in Nallikari beach in Oulu. In winter it\'s not possible of course.',5,0,0,'2016-10-19 15:19:06'),(294,287,'Yes, it\'s possible in every sports arena in Oulu and a very popular hobby.',6,0,0,'2016-10-19 15:19:46'),(295,287,'I don\'t think it\'s possible.',7,0,0,'2016-10-19 15:20:04'),(296,287,'Yes, in summer on football fields and in winter inside.',8,0,0,'2016-10-19 15:20:24'),(297,287,'Yes, it\'s possible in Oulu-joki (river).',12,0,0,'2016-10-19 15:21:28'),(298,287,'Yes, in Oulunsalo, where is a big airport.',13,0,0,'2016-10-19 15:21:48'),(299,287,'No it\'s not possible',14,0,0,'2016-10-19 15:22:17'),(300,287,'Yes, in archery range, which you can find outside the city.',15,0,0,'2016-10-19 15:22:43'),(301,287,'Yes, in almost every fitness studio.',16,0,0,'2016-10-19 15:23:02'),(302,287,'Yes, in a baseball field, but only the finnish version of baseball.',17,0,0,'2016-10-19 15:23:38'),(303,287,'In summer during a music festival it\'s possible',18,0,0,'2016-10-19 15:23:57'),(304,287,'Yes, we have great bicycle routes in Oulu.',20,0,0,'2016-10-19 15:24:13'),(305,287,'If you have a own boat, Oulu gives a great opportunity for boating around.',21,0,0,'2016-10-19 15:24:59'),(306,287,'Yes, in every gym. You can find gyms around the city.',22,0,0,'2016-10-19 15:25:26'),(307,287,'Yes, there is a bowling hall in Alppila, Oulu.',23,0,0,'2016-10-19 15:26:03'),(308,287,'Yes if you go för a calligraphy course.',24,0,0,'2016-10-19 15:26:23'),(309,287,'Yes, go to nearest art school.',25,0,0,'2016-10-19 15:26:40'),(310,287,'Yes, it\'s popular and can be played in every sports hall.',26,0,0,'2016-10-19 15:27:03'),(311,287,'No i dont think its possible.',27,0,0,'2016-10-19 15:27:20'),(312,287,'Yes, we have a lot of gyms everywhere around the city.',28,0,0,'2016-10-19 15:27:38'),(313,287,'Yes, but it\'s arranged only sometimes.',29,0,0,'2016-10-19 15:28:03'),(314,287,'No because we dont have mountains',30,0,0,'2016-10-19 15:28:21'),(315,287,'No because Oulu is very flat.',31,0,0,'2016-10-19 15:28:38'),(316,287,'Yes, outside the city it\'s possible.',32,0,0,'2016-10-19 15:28:54'),(317,287,'No',33,0,0,'2016-10-19 15:29:01'),(318,287,'Yes, we have a big inside skateboarding arena in Limingantulli and a couple outdoors.',34,0,0,'2016-10-19 15:29:38'),(319,287,'No',35,0,0,'2016-10-19 15:29:42'),(320,287,'No because of the lack of mountains',36,0,0,'2016-10-19 15:30:06'),(321,287,'Yes in summer in sea and winter inside för example in Raksila',37,0,0,'2016-10-19 15:30:33'),(322,287,'No',38,0,0,'2016-10-19 15:30:57'),(323,287,'Yes outside city or in Ainolan puisto park',39,0,0,'2016-10-19 15:31:15'),(324,275,'For instance in linnanmaa',2,0,0,'2016-10-19 16:03:13'),(325,275,'Diving is possible in sea right next to oulu',3,0,0,'2016-10-19 16:04:02'),(326,275,'In merikoski',4,0,0,'2016-10-19 16:04:26'),(327,275,'Nallikari, summertime',5,0,0,'2016-10-19 16:04:46'),(328,275,'Nallikari in summer and linnanmaa sport hall in winter',6,0,0,'2016-10-19 16:05:11'),(329,275,'Not possible in oulu',7,0,0,'2016-10-19 16:05:25'),(330,275,'Football fields all over oulu',8,0,0,'2016-10-19 16:05:48'),(331,275,'In oulu delta, near. City centre',12,0,0,'2016-10-19 16:06:14'),(332,275,'At oulu airport, best spot southwest of the airport',13,0,0,'2016-10-19 16:07:02'),(333,275,'No',14,0,0,'2016-10-19 16:07:10'),(334,275,'Nallikari, at the end of the route near vihreäsaari',15,0,0,'2016-10-19 16:07:41'),(335,275,'Linnanmaa sports center',16,0,0,'2016-10-19 16:08:10'),(336,275,'No',17,0,0,'2016-10-19 16:08:15'),(337,275,'No, not high enough buildings',18,0,0,'2016-10-19 16:08:33'),(338,275,'Winter or summer, lots of bicycle routes',20,0,0,'2016-10-19 16:08:57'),(339,275,'Nallikari, varjakka and rajahauta',21,0,0,'2016-10-19 16:09:15'),(340,275,'Gyms are located all over oulu, for example toppila kunnonpaikka',22,0,0,'2016-10-19 16:09:49'),(341,275,'Alppila pelixir',23,0,0,'2016-10-19 16:10:03'),(342,275,'At home or university',24,0,0,'2016-10-19 16:10:17'),(343,275,'At home',25,0,0,'2016-10-19 16:10:27'),(344,275,'Linnanmaa sport house',26,0,0,'2016-10-19 16:10:40'),(345,275,'At forest',27,0,0,'2016-10-19 16:10:53'),(346,275,'Linnanmaa sport palace',28,0,0,'2016-10-19 16:11:05'),(347,275,'I dont know, but possible',29,0,0,'2016-10-19 16:11:20'),(348,275,'At forests',30,0,0,'2016-10-19 16:11:29'),(349,275,'Toppila climbing house or merikoski wall',31,0,0,'2016-10-19 16:11:58'),(350,275,'Oulunsalo paintball course',32,0,0,'2016-10-19 16:12:16'),(351,275,'Dont know',33,0,0,'2016-10-19 16:12:25'),(352,275,'Ruskotunturi winter',34,0,0,'2016-10-19 16:12:38'),(353,275,'Nallikari with own gear',35,0,0,'2016-10-19 16:12:52'),(354,275,'Ruskotunturi',36,0,0,'2016-10-19 16:13:02'),(355,275,'Nallikari,  ity center, rajahauta at least',37,0,0,'2016-10-19 16:13:24'),(356,275,'Sanginjoki',38,0,0,'2016-10-19 16:13:37'),(357,275,'All over oulu, there is also running track located behind linnanmaa prisma ',39,0,0,'2016-10-19 16:15:41'),(358,288,'Yes, you can play baseball at the baseball stadion/sport centre. When the  play area is free to use and you have enough players.',19,0,0,'2016-10-19 20:36:31'),(359,288,'Yes you can, but it needs training. There is a local group for this hobby.',1,0,0,'2016-10-19 20:40:34'),(360,288,'There are skating areas all over the city. You need skaters and a stick, you can buy them at market.',2,0,0,'2016-10-19 20:43:19'),(361,288,'Not so rare, maybe somewhere..',3,0,0,'2016-10-19 20:44:13'),(362,288,'You need license for this. Almost everywhere where is  a river or coast.',4,0,0,'2016-10-19 20:46:32'),(363,288,'At nallikari on the summer.',5,0,0,'2016-10-19 20:46:52'),(364,288,'Indoor sport centers, for exemple in nallikari. ',6,0,0,'2016-10-19 20:48:01'),(365,288,'You can buy the equipments and play it on summer at the park.',7,0,0,'2016-10-19 20:48:56'),(366,288,'At football grounds, need a football and friends',8,0,0,'2016-10-19 20:49:40'),(367,288,'Yes, at Värttö on the summer.',12,0,0,'2016-10-19 20:50:10'),(368,288,'Everywhere, but the best place is nesrby the flight station, oulunsalo.',13,0,0,'2016-10-19 20:51:24'),(369,288,'',14,0,1,'2016-10-19 20:51:32'),(370,288,'',15,0,1,'2016-10-19 20:51:36'),(371,288,'Indoor sport centres, for exemple at nallikari.',16,0,0,'2016-10-19 20:51:59'),(372,288,'At baseball stadion',17,0,0,'2016-10-19 20:52:18'),(373,273,'Yes. http://skydiveoulu.fi/ Quite expensive but nice. Papinjärventie 8, 90460 Oulunsalo',1,0,0,'2016-10-20 10:39:32'),(374,273,'Yes. There are many ice rinks in Oulu. Tuira, near the police station ,etc. More rinks pop up in the winter',2,0,0,'2016-10-20 10:40:08'),(375,273,'Not really possible',3,0,0,'2016-10-20 10:40:18'),(376,273,'Yes, there are many lakes and rivers in Oulu. You need a fishing license to do this. Ice fishing is also a possibility',4,0,0,'2016-10-20 10:40:45'),(377,273,'Not possible',5,0,0,'2016-10-20 10:40:51'),(378,273,'There are some public volleybal fields. FOr example at linnanmaa Yliopistokatu 22. Indoor volleyball is also an option for the winter.',6,0,0,'2016-10-20 10:41:30'),(379,273,'not possible',7,0,0,'2016-10-20 10:41:35'),(380,273,'Yes, there are several places to play football. Alpilla and north of Yliopistokatu. FUtsal is also doable during winter months',8,0,0,'2016-10-20 10:42:06'),(381,273,'not possible',12,0,0,'2016-10-20 10:42:09'),(382,273,'not possible',13,0,0,'2016-10-20 10:42:12'),(383,273,'not possible',14,0,0,'2016-10-20 10:42:15'),(384,273,'',15,0,1,'2016-10-20 10:42:18'),(385,273,'Yes, Eden has the facilities to play badmington. You can pay to rent the equipment',16,0,0,'2016-10-20 10:42:39'),(386,273,'Not baseball, but softball is quite popular. Normally played only in the summer',17,0,0,'2016-10-20 10:43:01'),(387,273,'not possible',18,0,0,'2016-10-20 10:43:04'),(388,273,'There are dozens of basketball courts, for instance newar student housing at linnanmaa or syynymaa',19,0,0,'2016-10-20 10:43:30'),(389,273,'Oulu has the largest bycicle network in Europe. There are many trails within the forest. Can also be done in winter but wear appropriate gear!',20,0,0,'2016-10-20 10:44:06'),(390,273,'Dozens of rivers and lakes for boating',21,0,0,'2016-10-20 10:44:18'),(391,273,'Yes. Hukka and kuntosaali are nice places to have a peronal trainer and bodybuild',22,0,0,'2016-10-20 10:45:14'),(392,273,'There are 2 places to bowl in Oulu. Keilahali in Isokaty and Pelixir at Alpilla. You can rent your own shoes there',23,0,0,'2016-10-20 10:45:56'),(393,273,'',24,0,1,'2016-10-20 10:46:01'),(394,273,'',25,0,1,'2016-10-20 10:46:02'),(395,273,'',26,0,1,'2016-10-20 10:46:04'),(396,273,'',27,0,1,'2016-10-20 10:46:05'),(397,273,'',28,0,1,'2016-10-20 10:46:07'),(398,273,'',29,0,1,'2016-10-20 10:46:09'),(399,273,'Not many mountains around :)',30,0,0,'2016-10-20 10:46:18'),(400,273,'There is an indoor climbing hall at Paakakatu',31,0,0,'2016-10-20 10:46:46'),(401,273,'THis is possible either at megazone all year or at Oulunsalo during the summer time Quite expensive',32,0,0,'2016-10-20 10:47:13'),(402,273,'Can\'t',33,0,0,'2016-10-20 10:47:18'),(403,273,'Ther are a a few skateboarding parks in Oulu, but not that big or properly built',34,0,0,'2016-10-20 10:47:42'),(404,273,'Not possible',35,0,0,'2016-10-20 10:47:47'),(405,273,'During the winter time only. Rusko is closeby and provides renting equipment',36,0,0,'2016-10-20 10:48:04'),(406,273,'There are many rivers and lakes to swim in during summer time. During winter I would suggest indoor poorls ar Raati, Eden',37,0,0,'2016-10-20 10:48:31'),(407,273,'',38,0,1,'2016-10-20 10:48:37'),(408,273,'Many safe pedestrian paths to go running. Same as the bycicle',39,0,0,'2016-10-20 10:48:53'),(409,289,'no, i can not. i am not such a big fan of fishing and its already way too cold here. ',4,0,0,'2016-10-20 11:14:35'),(410,289,'no. i am scared. ',1,0,0,'2016-10-20 11:14:46'),(411,289,'i have no interest. ',2,0,0,'2016-10-20 11:14:59'),(412,289,'no.please, thats scary. ',3,0,0,'2016-10-20 11:15:12'),(413,289,'no',5,0,0,'2016-10-20 11:15:17'),(414,289,'yes. yliopistokatu. on weekend',6,0,0,'2016-10-20 11:15:34'),(415,289,'yes. with friends. anywhere in the ground.  ',7,0,0,'2016-10-20 11:15:50'),(416,289,'yes, yliopistonkatu',8,0,0,'2016-10-20 11:16:04'),(417,289,'no',12,0,0,'2016-10-20 11:16:09'),(418,289,'no',12,0,0,'2016-10-20 11:16:09'),(419,289,'no',13,0,0,'2016-10-20 11:16:14'),(420,289,'no',14,0,0,'2016-10-20 11:16:19'),(421,289,'no',15,0,0,'2016-10-20 11:16:23'),(422,289,'yes. sometimes. oulu sports center linnanma',16,0,0,'2016-10-20 11:16:45'),(423,289,'no',17,0,0,'2016-10-20 11:16:50'),(424,289,'no',18,0,0,'2016-10-20 11:16:54'),(425,289,'no',19,0,0,'2016-10-20 11:16:59'),(426,289,'no',20,0,0,'2016-10-20 11:17:04'),(427,289,'no. ',21,0,0,'2016-10-20 11:17:16'),(428,289,'yes. gym in monkey building. over the weekend',22,0,0,'2016-10-20 11:17:39'),(429,289,'yes. alpilla. over the weekend',23,0,0,'2016-10-20 11:17:52'),(430,289,'no',24,0,0,'2016-10-20 11:17:56'),(431,289,'no',25,0,0,'2016-10-20 11:18:01'),(432,289,'no',26,0,0,'2016-10-20 11:18:05'),(433,289,'no',27,0,0,'2016-10-20 11:18:11'),(434,289,'no',28,0,0,'2016-10-20 11:18:15'),(435,289,'no',29,0,0,'2016-10-20 11:18:20'),(436,289,'no',30,0,0,'2016-10-20 11:18:26'),(437,289,'no',31,0,0,'2016-10-20 11:18:32'),(438,289,'no',32,0,0,'2016-10-20 11:18:37'),(439,289,'no',33,0,0,'2016-10-20 11:18:41'),(440,289,'no',34,0,0,'2016-10-20 11:18:45'),(441,289,'no',35,0,0,'2016-10-20 11:18:50'),(442,289,'no',36,0,0,'2016-10-20 11:18:56'),(443,289,'no',37,0,0,'2016-10-20 11:19:00'),(444,289,'no',38,0,0,'2016-10-20 11:19:05'),(445,289,'yes, around the lake. linnanma. everyday. ',39,0,0,'2016-10-20 11:19:23'),(446,285,'yes. skydive oulu. over the weekend. ',1,0,0,'2016-10-20 14:44:38'),(447,285,'yes. linnanmaan jaahalli. once in a  month. ',2,0,0,'2016-10-20 14:45:56'),(448,285,'no.',3,0,0,'2016-10-20 14:46:13'),(449,285,'tuira, anytime. preferably in summers. ',4,0,0,'2016-10-20 14:46:33'),(450,285,'no. ',5,0,0,'2016-10-20 14:46:44'),(451,285,'yes. university of oulu.  over the weekend. ',6,0,0,'2016-10-20 14:47:08'),(452,285,'yes.  cricket stadium oulu.  weekend. ',7,0,0,'2016-10-20 14:47:26'),(453,285,'yes. linnanman. everyday',8,0,0,'2016-10-20 14:47:40'),(454,285,'no. ',12,0,0,'2016-10-20 14:47:59'),(455,285,'no. ',13,0,0,'2016-10-20 14:48:07'),(456,285,'no. ',14,0,0,'2016-10-20 14:48:30'),(457,285,'yes. oulun. jousimiehet. weekend. once in a month. ',15,0,0,'2016-10-20 14:49:22'),(458,285,'yes. university of oulu. everyday. ',16,0,0,'2016-10-20 14:49:42'),(459,285,'no. ',17,0,0,'2016-10-20 14:49:49'),(460,285,'no. ',18,0,0,'2016-10-20 14:49:56'),(461,285,'yes. linnanman sports hall. after exams. ',19,0,0,'2016-10-20 14:50:23'),(462,285,'yes. everyday. anytime,. ',20,0,0,'2016-10-20 14:50:36'),(463,285,'yes. oulun purjehdusseura. summers. ',21,0,0,'2016-10-20 14:51:22'),(464,285,'yes. oulu sports hall.  linnanman. everyday. ',22,0,0,'2016-10-20 14:51:37'),(465,285,'yes.  alpilla. weekend. ',23,0,0,'2016-10-20 14:51:55'),(466,285,'yes. city centre. i have never been there. ',24,0,0,'2016-10-20 14:52:25'),(467,285,'yes. at home. ',25,0,0,'2016-10-20 14:52:36'),(468,285,'no. ',26,0,0,'2016-10-20 14:52:45'),(469,285,'no . ',27,0,0,'2016-10-20 14:52:53'),(470,285,'yes. oulu sports hall. l;innamnan. anytime. ',28,0,0,'2016-10-20 14:53:09'),(471,285,'no. ',29,0,0,'2016-10-20 14:54:08'),(472,285,'no . ',30,0,0,'2016-10-20 14:54:17'),(473,285,'no. ',31,0,0,'2016-10-20 14:54:28'),(474,285,'yes. oulu action park. ',32,0,0,'2016-10-20 14:54:48'),(475,285,'no. ',33,0,0,'2016-10-20 14:55:00'),(476,285,'yes.kirkokaatu.  ',34,0,0,'2016-10-20 14:55:24'),(477,285,'no. ',35,0,0,'2016-10-20 14:55:41'),(478,285,'yes.  anywhere in winters. ',36,0,0,'2016-10-20 14:56:28'),(479,285,'no. ',38,0,0,'2016-10-20 14:56:36'),(480,285,'yes. anywhere. anytime. ',39,0,0,'2016-10-20 14:56:47'),(481,290,'At the library of Oulu during library opening hours. You can get the stuff from the library',25,0,0,'2016-10-21 09:21:06'),(482,290,'You need to attend to skydiving course at the Oulu airport.',1,0,0,'2016-10-21 09:21:43'),(483,290,'At any icehockey hall at Oulu. University students can attend to OKKL hockey sessions for free if they have a sport pass.',2,0,0,'2016-10-21 09:24:19'),(484,290,'I think this is only possible in Sumner time',3,0,0,'2016-10-21 09:24:39'),(485,290,'Robe fishing with a worm is allowed everywhere in Oulu. No time limitations',4,0,0,'2016-10-21 09:25:19'),(486,290,'Leijakoulu lappis arranges and is renting equipments for sea surfing. Their website provide more informaation.',5,0,0,'2016-10-21 09:26:22'),(487,18,'Furqantesting',14,9,0,'2016-10-21 09:42:49'),(488,291,'No',30,27,0,'2016-10-21 09:50:41'),(489,291,'No',1,7,0,'2016-10-21 09:50:48'),(490,291,'No',2,6,0,'2016-10-21 09:50:54'),(491,291,'No',3,5,0,'2016-10-21 09:50:59'),(492,291,'No',4,6,0,'2016-10-21 09:51:05'),(493,291,'No',5,4,0,'2016-10-21 09:51:09'),(494,290,'Thu 19.30-21.00 at Oulu vocational college (kotkantie 2A). Bring your own indoor shoes',6,196,0,'2016-10-21 11:07:28'),(495,290,'I dont know is it possible or not',7,37,0,'2016-10-21 11:08:05'),(496,290,'It is possible at Oulu halli but the time is unknown',8,57,0,'2016-10-21 11:09:02'),(497,290,'Can be done with leijakoulu Lappis. Also there is possible to do it everywhere if you have your own equipments',12,81,0,'2016-10-21 11:10:24'),(498,290,'At the Oulu airport anytime. Just go there and watch',13,33,0,'2016-10-21 11:10:57'),(499,290,'',14,3,1,'2016-10-21 11:49:41'),(500,290,'There is an archery place in near Nallikari beach. I dont know when it is possible. The time might be the best in Sumner time',15,69,0,'2016-10-21 11:50:50'),(501,290,'Every day At oulu hall. Bring your own equipment',16,35,0,'2016-10-21 11:51:25'),(502,290,'',17,10,1,'2016-10-21 15:29:24'),(503,290,'',18,16,1,'2016-10-21 15:29:40'),(504,290,'Public schools have halls and outdoor fields. Usually at least own shoes are needed. ',19,49,0,'2016-10-21 15:30:30'),(505,290,'Oulu you have great opportunity bicycle. Everywhere and any time!',20,49,0,'2016-10-21 15:31:19'),(506,290,'Boating can be done in Oulu river. Bring your own boat. ',21,41,0,'2016-10-21 16:24:29'),(507,290,'Oulu is one of the best places in Finland to go a gym. There are many public and private gyms in Oulu. Some of the private gyms are open 24/7 ',22,120,0,'2016-10-21 16:26:29'),(508,290,'There are two places in Oulu to go bowling. In alppila, the same building as Sale grocery store and in Heinäpää. Both bowling places are open every day',23,103,0,'2016-10-21 16:28:12'),(509,290,'',24,4,1,'2016-10-21 16:28:16'),(510,290,'OKKL have many floorballing sessions from Mon To Fri. You need to bring your own stick and shoes',26,65,0,'2016-10-21 16:29:21'),(511,299,'Yes,  there are many lakes that you can fish in during both the summer and winter. ',4,81,0,'2016-10-23 08:20:33'),(512,299,'Yes,  there\'s a skydive Oulu. ',1,51,0,'2016-10-23 08:21:24'),(513,299,'Yeeees,  almost every Finn I know practices Icehockey... They do it almost everywhere in winter since the city becomes coverd in snow but there\'s a big hall in the city center if you like fancy places. ',2,110,0,'2016-10-23 08:23:14'),(514,300,'Yes, you can. When? Usually in weekends and at evening of week days. Where? Linnanmaan jaahalli. ',2,156,0,'2016-10-23 08:25:50'),(515,300,'Yes. I don\'t have any idea on how, where, and when.',1,64,0,'2016-10-23 08:26:54'),(516,300,'Yes. I don\'t have any idea about where, when, or how?',3,83,0,'2016-10-23 08:28:17'),(517,300,'Yes. Where? In the Lacs. Any time. How? Just buy the fishing stuff.',4,78,0,'2016-10-23 08:29:35'),(518,300,'No',5,14,0,'2016-10-23 08:29:50'),(519,300,'Yes. Friday at 18:00. Inside the school near yok48, linaanmaa. How? Just go there and ask people.',6,130,0,'2016-10-23 08:32:07'),(520,301,'When:- 08-17\nWhere :- University of oulu\nHow:- get the pencil colours from university and print diagram and colour it',25,13,0,'2016-10-23 08:32:20'),(521,300,'Yes. There is a stadium in alpila.',7,19,0,'2016-10-23 08:32:39'),(522,300,'Yes. Everyday on the stadium near yok 48',8,58,0,'2016-10-23 08:33:37'),(523,301,'When:- in good weather\nWhere:- city centre oulu \nHow:- buy ticket from skydive oulu and go for it',1,13,0,'2016-10-23 08:33:51'),(524,300,'Yes',12,50,0,'2016-10-23 08:34:41'),(525,300,'',13,33,1,'2016-10-23 08:35:14'),(526,300,'',14,7,1,'2016-10-23 08:35:21'),(527,300,'',15,5,1,'2016-10-23 08:35:26'),(528,300,'',16,4,1,'2016-10-23 08:35:30'),(529,300,'Yes. There is a stadium in alpila.',17,33,0,'2016-10-23 08:36:03'),(530,300,'',18,4,1,'2016-10-23 08:36:07'),(531,300,'Yes. Yok48 school.',19,25,0,'2016-10-23 08:36:32'),(532,301,'When:- where there is a match in oulu\nWhere:- stadium in city centre\nHow:- buy tickets and go there',2,18,0,'2016-10-23 08:36:50'),(533,300,'Yes. Everywhere at any time. Just get a bicycle',20,26,0,'2016-10-23 08:37:16'),(534,300,'Yes. I don\'t have any idea about where, when, or how?',21,17,0,'2016-10-23 08:37:33'),(535,300,'Yes. Anytime in the students Jim ',22,16,0,'2016-10-23 08:38:16'),(536,300,'Yes.',23,10,0,'2016-10-23 08:38:26'),(537,300,'',24,15,1,'2016-10-23 08:38:42'),(538,300,'',25,3,1,'2016-10-23 08:38:45'),(539,300,'',26,3,1,'2016-10-23 08:38:48'),(540,300,'',27,4,1,'2016-10-23 08:38:52'),(541,300,'',28,3,1,'2016-10-23 08:38:55'),(542,300,'',29,4,1,'2016-10-23 08:38:59'),(543,299,'Yes padi.com provides that',3,12,0,'2016-10-23 08:39:11'),(544,300,'Yes',30,1,0,'2016-10-23 08:39:13'),(545,299,'',5,25,1,'2016-10-23 08:39:38'),(546,299,'Yes,  there are many places but the biggest one is in the city center. ',6,50,0,'2016-10-23 08:40:29'),(547,299,'Yes,  indoor or parking lot. ',7,47,0,'2016-10-23 08:56:01'),(548,299,'Yes,  outdoor or indoor... especially in schools yards. ',8,31,0,'2016-10-23 08:56:32'),(549,299,'Yes in the river',12,11,0,'2016-10-23 08:56:43'),(550,299,'Yes',13,24,0,'2016-10-23 08:57:07'),(551,299,'',14,7,1,'2016-10-23 08:57:14'),(552,290,'',27,9,1,'2016-10-24 11:30:01'),(553,295,'Yes i Play bedminton in likuntahalli (sports hall) in front of linnanmaa on saturday and friday everyweek between 4 to 6 pm',16,75,0,'2016-10-24 12:36:02'),(554,295,'no i have not done but i will really like to do it some day and i think i can do it in oulu',1,33,0,'2016-10-24 12:36:35'),(555,295,'No i dont even know hot play ice hockey because i cant skate on ice',2,30,0,'2016-10-24 12:37:05'),(556,295,'No i have not done and i dont know if i could do it in the cold waters of oulu',3,26,0,'2016-10-24 12:37:32'),(557,295,'Yes i have done it with my friends in the lake near pikosjarvi and we even made the fisshing rod ourselves out of wood and fishing thread we did it in august ',4,62,0,'2016-10-24 12:38:34'),(558,295,'No i have not done it and i cant do it i dont know swimming',5,21,0,'2016-10-24 12:38:55'),(559,295,'yes i have played volleyball here in oulu at the sports hall in the school close to university linnanmaa campus\n',6,51,0,'2016-10-24 12:39:47'),(560,295,'Yes i am from pakistan and we have our own team in oulu i which last time last month we played against the team of jyvaskyla.',7,37,0,'2016-10-24 12:40:24'),(561,295,'I played once in oulu last year when i came to oulu',8,17,0,'2016-10-24 12:40:41'),(562,295,'i dot know what it even means\n',12,14,0,'2016-10-24 12:40:55'),(563,295,'nope dint do it and dont know if i would',13,19,0,'2016-10-24 12:41:14'),(564,295,'nope',14,7,0,'2016-10-24 12:41:21'),(565,295,'Nope have never done it in oulu or anywhere else',15,20,0,'2016-10-24 12:41:42'),(566,295,'i dont think they have a baseball ground here in oulu or it is ever played here or i even dont know the rules and hoe to play base ball',17,44,0,'2016-10-24 12:42:26'),(567,295,'what is base jumping? u can find my answer in that question',18,20,0,'2016-10-24 12:42:46'),(568,295,'yes played it in groung infront of yliopistokatu 6 i play it every now and then because the basketball court is right onfront of my house',19,64,0,'2016-10-24 12:43:50'),(569,295,'Do it daily to go to store university or anywhere',20,23,0,'2016-10-24 12:44:13'),(570,295,'nope i dont know swimming so i will never get on a boat',21,20,0,'2016-10-24 12:44:33'),(571,295,'tried it but i am 120 kg so exercise is not for my hobby is to eat',22,25,0,'2016-10-24 12:44:58'),(572,295,'yes last thursday in alpilla',23,20,0,'2016-10-24 12:45:18'),(573,295,'yes i have dont it but not my hobby i just tried it once but i dont think i did it in oulu',24,30,0,'2016-10-24 12:45:49'),(574,295,'not done it here in oulu',25,9,0,'2016-10-24 12:45:59'),(575,295,'what is that',26,8,0,'2016-10-24 12:46:07'),(576,295,'sorry',27,7,0,'2016-10-24 12:46:14'),(577,295,'nope',28,7,0,'2016-10-24 12:46:21'),(578,295,'no but will love to do it but i dont think i will do it in oulu',29,24,0,'2016-10-24 12:46:45'),(579,295,'yes in a nature park here in oulu',30,22,0,'2016-10-24 12:47:07'),(580,295,'nope',31,6,0,'2016-10-24 12:47:13'),(581,295,'nope',32,4,0,'2016-10-24 12:47:17'),(582,295,'nope',33,5,0,'2016-10-24 12:47:22'),(583,295,'yes tried it but dint like a friend bought and then he asked my get off it ause he said u will break it with all your 120kg',34,44,0,'2016-10-24 12:48:06'),(584,295,'what is that',35,6,0,'2016-10-24 12:48:12'),(585,295,'yep\nlast winters here in oulu',36,12,0,'2016-10-24 12:48:25'),(586,295,'nope dont know how to',37,10,0,'2016-10-24 12:48:35'),(587,295,'yes here in oulu',38,12,0,'2016-10-24 12:48:47'),(588,295,'i run every day now for last 15 days trying to lose weight i go from my apartment to the lake in puolivalinkangas and then bak home',39,40,0,'2016-10-24 12:49:28'),(589,296,'no i cant do it',3,10,0,'2016-10-24 13:34:09'),(590,296,'i would like to try it but i have never done it ',1,13,0,'2016-10-24 13:34:22'),(591,296,'nope',2,5,0,'2016-10-24 13:34:27'),(592,296,'yes with my thesis supervisor in the lake near city center',4,40,0,'2016-10-24 13:35:07'),(593,296,'no nnever done it',5,7,0,'2016-10-24 13:35:14'),(594,296,'yes with NISO during international volleyball days',6,18,0,'2016-10-24 13:35:32'),(595,296,'yes with bangladeshi cricket team of bangladeshi students living in oulu\n',7,34,0,'2016-10-24 13:36:06'),(596,296,'yes with friends',8,10,0,'2016-10-24 13:36:16'),(597,296,'nope what is canoeing \n',12,11,0,'2016-10-24 13:36:27'),(598,296,'no',13,5,0,'2016-10-24 13:36:32'),(599,296,'no',14,5,0,'2016-10-24 13:36:37'),(600,296,'no never done it',15,11,0,'2016-10-24 13:36:48'),(601,296,'yes in oulu sport hall with a friend long time ago when i came here last year',16,26,0,'2016-10-24 13:37:14'),(602,296,'nope does they play baseball in oulu',17,19,0,'2016-10-24 13:37:33'),(603,296,'no',18,5,0,'2016-10-24 13:37:38'),(604,296,'yes beach volley ball in summers',19,14,0,'2016-10-24 13:37:52'),(605,296,'yes everday',20,6,0,'2016-10-24 13:37:58'),(606,296,'yes with my thesis supervisor last month in the lake near city center',21,18,0,'2016-10-24 13:38:16'),(607,296,'yes in oulu sports hall gym',22,12,0,'2016-10-24 13:38:28'),(608,296,'yes in alpilla',23,7,0,'2016-10-24 13:38:36'),(609,296,'no',24,5,0,'2016-10-24 13:38:41'),(610,296,'no',25,3,0,'2016-10-24 13:38:44'),(611,296,'no',26,3,0,'2016-10-24 13:38:48'),(612,296,'no',27,4,0,'2016-10-24 13:38:52'),(613,296,'no',28,3,0,'2016-10-24 13:38:55'),(614,296,'no',29,3,0,'2016-10-24 13:38:58'),(615,296,'yes in a nature park 72 km outside oulu',30,18,0,'2016-10-24 13:39:16'),(616,296,'no',31,4,0,'2016-10-24 13:39:21'),(617,296,'no but i will',32,11,0,'2016-10-24 13:39:32'),(618,296,'no i want to in the upcomming summer',33,14,0,'2016-10-24 13:39:46'),(619,296,'no',34,3,0,'2016-10-24 13:39:49'),(620,296,'no',35,4,0,'2016-10-24 13:39:53'),(621,296,'yes last winter in rovaniemi',36,12,0,'2016-10-24 13:40:05'),(622,296,'no i dint know swimming',37,9,0,'2016-10-24 13:40:14'),(623,296,'yes',38,4,0,'2016-10-24 13:40:18'),(624,296,'no ',39,11,0,'2016-10-24 13:40:29'),(625,306,'Ou has many parks and many pedestrians places where everyone can run',39,47,0,'2016-10-24 16:47:08'),(626,306,'skydive oulu: Papinjärventie 8, 90460 Oulunsalo',1,80,0,'2016-10-24 16:48:28'),(627,306,'Kastellin Kiekko Pojat',2,298,0,'2016-10-24 16:53:26'),(628,306,'Oulun Sukelluskeskus:  Koskitie 28, 90500 Oulu',3,68,0,'2016-10-24 16:54:34'),(629,306,'There are many plaves where one can fish for free. Just need a lycence.',4,31,0,'2016-10-24 16:55:05'),(630,306,'Nalikari\n\nOpen daily in June to August when the weather is good ?\n….if not open, call\nOlli: +358408031287 or \nVellu: +358503642650\n\nRental prices:\n\nSUP board + paddle\n1 hour 20 Eur\n3 hours 40 Eur\nWhole day 60 Eur\n\nSurfboard + sail \n1 hour 30 Eur\n3 hours 60 Eur\nWhole day 90 Eur\n\nIncl. short guidance, wetsuit, life-vest and helmet & harness, if needed.\nAlso beginners´ coursers available \n(80 Eur/3 hours). \n',5,101,0,'2016-10-24 16:56:46'),(631,306,'Linnanmaa likunta sali\nOuluhalli',6,25,0,'2016-10-24 16:57:12'),(632,306,'oulu cricket club: Location: Kaarnatie 44, Oulu (Niittyaron urheilukeskus)',7,139,0,'2016-10-24 16:59:32'),(633,306,'',8,302,1,'2016-10-24 17:04:35'),(634,306,'City canoe tour in Oulu\n\nWe start from the heart of Oulu and view the city from another perspective. You will be introduced to the small channels and nature surrounding this seaside city. This trip is also perfect for the light Northern summer nights. Route may vary depending on the weather conditions. \n\nDuration: 2 hours\nGroup size: min 4 persons\nPrice: 45 € / person (4-15 persons) also bigger groups\nFee includes: West, paddles, canoe, guiding, coffee/tea and sweet bun\nNote! If the group size is les than four persons, ask the prize!Reservation / more info: harri@backwoodaction.fi or +358 400 686382 / Harri\n',12,70,0,'2016-10-24 17:05:45'),(635,306,'',13,5,1,'2016-10-24 17:05:50'),(636,306,'',14,3,1,'2016-10-24 17:05:54'),(637,306,'Pedi-Education Oy Kastellinmäenkuja 12, 90230 Oulu',15,142,0,'2016-10-24 17:08:16'),(638,306,'Oulu Hall (Ouluhalli)\nYlioppilaantie 4, 90100 Oulu\nSports: football, basketball, volleyball, Finnish baseball, badminton, floorball, athletics, gym training, gymnastics, apparatus gymnastics and American football',16,53,0,'2016-10-24 17:09:32'),(639,306,'Oulu Hall (Ouluhalli)\nYlioppilaantie 4, 90100 Oulu\nSports: football, basketball, volleyball, Finnish baseball, badminton, floorball, athletics, gym training, gymnastics, apparatus gymnastics and American football',17,13,0,'2016-10-24 17:09:45'),(640,306,'Skydive Oulu ry\nPapinjärventie 8\n90460 Oulunsalo',18,133,0,'2016-10-24 17:11:58'),(641,306,'Oulu Hall (Ouluhalli)\nYlioppilaantie 4, 90100 Oulu\nSports: football, basketball, volleyball, Finnish baseball, badminton, floorball, athletics, gym training, gymnastics, apparatus gymnastics and American football',19,23,0,'2016-10-24 17:12:21'),(642,306,'Oulu has many pedestrians including for bicycles to ride freely',20,52,0,'2016-10-24 17:13:13'),(643,307,'Around the campus. About 2km per round',39,29,0,'2016-10-24 20:55:59'),(644,307,'I dont think so..',1,10,0,'2016-10-24 20:56:09'),(645,307,'At town, the indoor stadium?',2,14,0,'2016-10-24 20:56:23'),(646,307,'Maybe at the beach nearby town? Not too sure...',3,15,0,'2016-10-24 20:56:38'),(647,307,'Yes, probably need a license',4,15,0,'2016-10-24 20:56:54'),(648,307,'Not too sure about this...',5,15,0,'2016-10-24 20:57:09'),(649,307,'Yeah, the indoor sport complex near the campus',6,19,0,'2016-10-24 20:57:28'),(650,307,'the indoor sport complex near the campus',7,12,0,'2016-10-24 20:57:40'),(651,307,'there is a pitch nearby the school',8,16,0,'2016-10-24 20:57:56'),(652,307,'at oulu river',12,8,0,'2016-10-24 20:58:04'),(653,307,'dont think so about this',13,7,0,'2016-10-24 20:58:11'),(654,307,'No idea on this',14,10,0,'2016-10-24 20:58:21'),(655,307,'Maybe in one of the interest group?',15,22,0,'2016-10-24 20:58:43'),(656,307,'the indoor sport complex near the campus',16,3,0,'2016-10-24 20:58:46'),(657,307,'I believe there must be a place for baseball but I just cannot recall',17,27,0,'2016-10-24 20:59:13'),(658,307,'Not too sure about this.',18,16,0,'2016-10-24 20:59:29'),(659,307,'the indoor sport complex near the campus',19,2,0,'2016-10-24 20:59:31'),(660,307,'of course, i have been seeing this around',20,22,0,'2016-10-24 20:59:53'),(661,307,'oulu river',21,7,0,'2016-10-24 21:00:00'),(662,307,'in the gym',22,4,0,'2016-10-24 21:00:04'),(663,307,'the indoor sport complex near the campus',23,4,0,'2016-10-24 21:00:08'),(664,292,'alpilla. go more often',23,20,0,'2016-10-25 10:46:11'),(665,292,'laskuverjokehro',1,56,0,'2016-10-25 10:47:07'),(666,292,'karpat. winters',2,27,0,'2016-10-25 10:47:34'),(667,292,'no',3,5,0,'2016-10-25 10:47:39'),(668,292,'oulu lake side. summers',4,60,0,'2016-10-25 10:48:39'),(669,292,'no',5,6,0,'2016-10-25 10:48:45'),(670,292,'linnanma sports hall',6,12,0,'2016-10-25 10:48:57'),(671,292,'university oof oulu',7,12,0,'2016-10-25 10:49:09'),(672,292,'linnanma sports hall',8,7,0,'2016-10-25 10:49:16'),(673,292,'no',12,4,0,'2016-10-25 10:49:20'),(674,292,'i dont know',13,42,0,'2016-10-25 10:50:02'),(675,292,'dont know',14,5,0,'2016-10-25 10:50:08'),(676,292,'dont know',15,171,0,'2016-10-25 10:52:59'),(677,292,'linnanma sports hall',16,10,0,'2016-10-25 10:53:09'),(678,292,'sports hall',17,110,0,'2016-10-25 10:54:59'),(679,292,'no',18,29,0,'2016-10-25 10:55:28'),(680,292,'university of oulu',19,9,0,'2016-10-25 10:55:37'),(681,292,'anywhere in oulu',20,7,0,'2016-10-25 10:55:45'),(682,292,'no',21,3,0,'2016-10-25 10:55:48'),(683,292,'oulu sports hall',22,9,0,'2016-10-25 10:55:57'),(684,292,'dont know',24,282,0,'2016-10-25 11:00:39'),(685,292,'oulu city centre',25,11,0,'2016-10-25 11:00:50'),(686,292,'sports hall',26,7,0,'2016-10-25 11:00:58'),(687,292,'i dont know',27,6,0,'2016-10-25 11:01:04'),(688,292,'oulu sports hall',28,7,0,'2016-10-25 11:01:11'),(689,292,'no',29,6,0,'2016-10-25 11:01:17'),(690,292,'no',30,4,0,'2016-10-25 11:01:21'),(691,292,'no',31,3,0,'2016-10-25 11:01:24'),(692,292,'i dont know',32,6,0,'2016-10-25 11:01:30'),(693,292,'ruka',33,38,0,'2016-10-25 11:02:08'),(694,292,'yes anywhere',34,6,0,'2016-10-25 11:02:14'),(695,292,'i dont know',35,7,0,'2016-10-25 11:02:21'),(696,292,'yes. anywhere in winters',36,20,0,'2016-10-25 11:02:41'),(697,292,'yes. oulu sports hall',37,7,0,'2016-10-25 11:02:48'),(698,292,'i dont know',38,5,0,'2016-10-25 11:02:53'),(699,292,'yes. anywhere',39,12,0,'2016-10-25 11:03:05'),(700,310,'y',19,14,0,'2016-10-25 17:36:09'),(701,310,'sometimes',1,15,0,'2016-10-25 17:36:24'),(702,310,'y',2,4,0,'2016-10-25 17:36:28'),(703,310,'n',3,3,0,'2016-10-25 17:36:31'),(704,310,'y',4,3,0,'2016-10-25 17:36:34'),(705,310,'i dont know',5,15,0,'2016-10-25 17:36:49'),(706,310,'y',6,53,0,'2016-10-25 17:37:42'),(707,310,'n',7,4,0,'2016-10-25 17:37:46'),(708,310,'y',8,2,0,'2016-10-25 17:37:48'),(709,310,'y',12,2,0,'2016-10-25 17:37:51'),(710,310,'y',13,3,0,'2016-10-25 17:37:54'),(711,310,'i d k',14,9,0,'2016-10-25 17:38:03'),(712,310,'y',15,4,0,'2016-10-25 17:38:07'),(713,310,'y',16,2,0,'2016-10-25 17:38:09'),(714,310,'y',17,2,0,'2016-10-25 17:38:11'),(715,310,'y',18,2,0,'2016-10-25 17:38:13'),(716,310,'y',20,2,0,'2016-10-25 17:38:15'),(717,310,'y',21,2,0,'2016-10-25 17:38:17'),(718,310,'y',22,1,0,'2016-10-25 17:38:18'),(719,310,'y',23,2,0,'2016-10-25 17:38:20'),(720,310,'y',24,2,0,'2016-10-25 17:38:22'),(721,310,'y',25,1,0,'2016-10-25 17:38:23'),(722,310,'y',26,2,0,'2016-10-25 17:38:25'),(723,310,'y',27,1,0,'2016-10-25 17:38:26'),(724,310,'y',28,2,0,'2016-10-25 17:38:28'),(725,310,'y',29,2,0,'2016-10-25 17:38:30'),(726,310,'y',30,2,0,'2016-10-25 17:38:32'),(727,310,'y',31,4,0,'2016-10-25 17:38:36'),(728,310,'y',32,1,0,'2016-10-25 17:38:37'),(729,310,'y',33,3,0,'2016-10-25 17:38:40'),(730,310,'y',34,2,0,'2016-10-25 17:38:42'),(731,310,'y',35,1,0,'2016-10-25 17:38:43'),(732,310,'y',36,5,0,'2016-10-25 17:38:48'),(733,310,'y',37,1,0,'2016-10-25 17:38:49'),(734,310,'y',38,2,0,'2016-10-25 17:38:51'),(735,310,'y',39,2,0,'2016-10-25 17:38:53'),(736,311,'Yes. Nallikari. In summer. Other local beacheS like oulu lahti. Tuiran uimaranta',37,49,0,'2016-10-25 19:16:35'),(737,311,'I have no idea about it',1,15,0,'2016-10-25 19:16:51'),(738,311,'Yes. In jäähalli in raksila in winter',2,19,0,'2016-10-25 19:17:10'),(739,311,'No idea',3,8,0,'2016-10-25 19:17:18'),(740,311,'Everywhere.. in lakes in rivers. Finland has thousands of lake.',4,23,0,'2016-10-25 19:17:41'),(741,311,'May be.no idea',5,8,0,'2016-10-25 19:17:50'),(742,311,'Yes in beach.. nallikari..or indoor in sports hall',6,18,0,'2016-10-25 19:18:08'),(743,311,'No clue',7,12,0,'2016-10-25 19:18:20'),(744,311,'Yes.. in raati football ground.. or local grounds.. in university sports hall',8,25,0,'2016-10-25 19:18:45'),(745,311,'Yes.. in the river near keskusta in summer',12,15,0,'2016-10-25 19:19:00'),(746,311,'No idea',13,12,0,'2016-10-25 19:19:12'),(747,311,'No clue',14,17,0,'2016-10-25 19:19:29'),(748,311,'Yes. I havent visited there yet but my friends did',15,23,0,'2016-10-25 19:19:53'),(749,311,'Ya.. in sports hall everytime of the ear.',16,19,0,'2016-10-25 19:20:12'),(750,311,'In pesäpallistadion in raksila in summer',17,14,0,'2016-10-25 19:20:26'),(751,311,'No clue',18,5,0,'2016-10-25 19:20:31'),(752,311,'Yes in basketball court in almost every school.',19,17,0,'2016-10-25 19:20:48'),(753,311,'Yes definitely.. oulu has bike ways and are friendly.. in all time of year.. need winter tyres though',20,34,0,'2016-10-25 19:21:22'),(754,311,'Yes..in summer',21,13,0,'2016-10-25 19:21:35'),(755,311,'Yes in gyms.. all year',22,52,0,'2016-10-25 19:22:27'),(756,311,'In bowling hall in keskusta',23,10,0,'2016-10-25 19:22:37'),(757,311,'Yes.. at ur own home',24,11,0,'2016-10-25 19:22:48'),(758,311,'Ofcourse',25,5,0,'2016-10-25 19:22:53'),(759,311,'Almost every indoor halls',26,13,0,'2016-10-25 19:23:06'),(760,311,'No idea',27,6,0,'2016-10-25 19:23:12'),(761,311,'Yes in ouluhalli',28,6,0,'2016-10-25 19:23:19'),(762,311,'May be',29,8,0,'2016-10-25 19:27:26'),(763,311,'No mountains in finalnd',30,10,0,'2016-10-25 19:27:36'),(764,311,'No mountains infinland',31,8,0,'2016-10-25 19:27:44'),(765,311,'Yea in forests is perfect',32,16,0,'2016-10-25 19:28:00'),(766,311,'No idea',33,7,0,'2016-10-25 19:28:08'),(767,311,'Ya everywhere in the city',34,10,0,'2016-10-25 19:28:18'),(768,311,'No idea',35,7,0,'2016-10-25 19:28:25'),(769,311,'Ya',36,8,0,'2016-10-25 19:28:33'),(770,311,'In national parks in finland like syöte',38,16,0,'2016-10-25 19:28:49'),(771,311,'Yes almost everywhere',39,10,0,'2016-10-25 19:28:59'),(772,313,'Yes, In pedestrian road around park area. ',39,54,0,'2016-10-25 20:29:46'),(773,313,'Yes, In Oulu skydiving place by paying the money to them. ',1,31,0,'2016-10-25 20:30:17'),(774,313,'Yes, In Raksila Oulu there is the place to play Icehockey',2,40,0,'2016-10-25 20:30:57'),(775,313,'No, Idea about this deep sea diving. Probably not. ',3,29,0,'2016-10-25 20:31:26'),(776,313,'It is possible to fish in most of the river with valid fishing license. ',4,23,0,'2016-10-25 20:31:49'),(777,313,'Not possible because there is not enough waves. ',5,14,0,'2016-10-25 20:32:03'),(778,313,'It is possible to play in different park and indoor playground like Ouluhalli',6,33,0,'2016-10-25 20:32:36'),(779,313,'Not to my knowledge. ',7,21,0,'2016-10-25 20:32:57'),(780,313,'It is possible to play in different football ground. For example: Heinäpää ',8,35,0,'2016-10-25 20:33:32'),(781,313,'Not possible because there is no Canon I suppose. ',12,20,0,'2016-10-25 20:33:52'),(782,313,'I do not have idea about this\n',13,11,0,'2016-10-25 20:34:03'),(783,313,'No idea',14,9,0,'2016-10-25 20:34:12'),(784,313,'It is possible to play in different guild or if you buy and play on your own. ',15,35,0,'2016-10-25 20:34:47'),(785,313,'It is possible to play in park or different badminton playground like Ouluhalli',16,33,0,'2016-10-25 20:35:20'),(786,313,'It is possible to play in pesäpallostadion',17,62,0,'2016-10-25 20:36:22'),(787,313,'I have no idea. ',18,22,0,'2016-10-25 20:36:44'),(788,313,'It is possible to play inside Ouluhalli or in different school\' playground',19,25,0,'2016-10-25 20:37:09'),(789,313,'Always possible to do when you own one and travel through out the city',20,28,0,'2016-10-25 20:37:37'),(790,313,'It is possible in summer time. Hiring the boat or traveling with the finnish friends who own one. ',21,31,0,'2016-10-25 20:38:08'),(791,313,'There are many gym hall. Example: Ouluhalli ',22,22,0,'2016-10-25 20:38:30'),(792,313,'It is possible to go for Bowling in Heinäpää',23,27,0,'2016-10-25 20:38:57'),(793,313,'Sometimes some organizations or even student union creates these kinds of events ',24,46,0,'2016-10-25 20:39:43'),(794,313,'Not to my knowledge',25,22,0,'2016-10-25 20:40:05'),(795,313,'Possible to play in Ouluhalli',26,18,0,'2016-10-25 20:40:23'),(796,313,'Not to my knowledge',27,29,0,'2016-10-25 20:40:52'),(797,313,'There is Gymnastics Ring in Ouluhalli. it is possible to do out there',28,21,0,'2016-10-25 20:41:13'),(798,313,'No idea, I would also love to go, but I have no idea regarding this. ',29,72,0,'2016-10-25 20:42:25'),(799,313,'may be possible to go in rocky part outside of Oulu Region ',30,40,0,'2016-10-25 20:43:06'),(800,313,'I guess, not out here in Oulu, but the closest would be wall climbing located in Meri-Toppila',31,48,0,'2016-10-25 20:43:54'),(801,313,'It is possible to play in city center, or take the paintball in rent and go to play with friends somewhere in the park. ',32,44,0,'2016-10-25 20:44:38'),(802,313,'Not to my knowledge',33,22,0,'2016-10-25 20:45:00'),(803,313,'It is possible to do in many places like in city center or specially place named \"Hinta\". ',34,75,0,'2016-10-25 20:46:15'),(804,313,'No idea about this',35,16,0,'2016-10-25 20:46:32'),(805,313,'It is possible to do in Kemi northern part. ',36,33,0,'2016-10-25 20:47:06'),(806,313,'There is swimming hall in Raksila where we can buy ticket and go for swimming',37,26,0,'2016-10-25 20:47:32'),(807,313,'No idea, ',38,11,0,'2016-10-25 20:47:43'),(808,316,'',19,144,1,'2016-10-26 15:42:50'),(809,316,'There is skydiving club in Oulu that arranges courses in skydiving that allow one to jump and get safety knowledge for a fee.\n\nhomepage: http://www.oulunlaskuvarjokerho.fi/kurssit/alkeiskurssit/\nlocation: https://www.google.com/maps/place/Oulun+Laskuvarjokerho+ry/@64.9316972,25.3782456,17z/data=!4m5!3m4!1s0x468177a16464b325:0xb72354ffc7175ac2!8m2!3d64.931629!4d25.378428',1,299,0,'2016-10-26 15:47:49'),(810,309,'Hard to do in Oulu. There are some gym possibilities',28,15,0,'2016-10-27 07:10:21'),(811,309,'There is a skydiving school near Oulunsalo. It is quite expensive though, recommended in the summer only',1,25,0,'2016-10-27 07:10:46'),(812,309,'Popular sport in Finland. Plenty of outdoor spaces to play. As for indoor try the stadium in Tuira',2,26,0,'2016-10-27 07:11:12'),(813,309,'Not really possible. Shallow water',3,10,0,'2016-10-27 07:11:22'),(814,309,'Many lakes and river all over. I would recommend the 2 lakes near the university for some good fishing. Ice fishing also possible in the winter.',4,29,0,'2016-10-27 07:11:51'),(815,309,'Not really possible, no good waves',5,10,0,'2016-10-27 07:12:02'),(816,309,'Some volleyball courts at linnanmaa. Not a very popular sport',6,23,0,'2016-10-27 07:12:25'),(817,309,'Not really a Finns game, can\'t play in Oulu',7,15,0,'2016-10-27 07:12:40'),(818,309,'Not as popular as ice hockey, but can still play. Outdoor field above Yliopistokatu 40. In the winter can play futsal indoors near the university',8,37,0,'2016-10-27 07:13:17'),(819,309,'Possible in the bigger rivers. I would recommend renting canoe in the summer.',12,25,0,'2016-10-27 07:13:42'),(820,309,'Not really a good place to do this',13,10,0,'2016-10-27 07:13:52'),(821,309,'not possible',14,6,0,'2016-10-27 07:13:58'),(822,309,'Would be great, but not anywhere near Oulu',15,10,0,'2016-10-27 07:14:08'),(823,309,'Yes you can play, for example Eden has a court and they rent out the equipment',16,16,0,'2016-10-27 07:14:24'),(824,309,'Not a local sport',17,10,0,'2016-10-27 07:14:34'),(825,309,'not possible, no mountains around',18,33,0,'2016-10-27 07:15:07'),(826,309,'Basketball courts scattered all over the city. Linnanmaa, syynimaa, alpilaa, etc.',19,25,0,'2016-10-27 07:15:32'),(827,309,'Great bicycle routes around town within the nature. Can get pretty much everywhere with a bike. Make sure to dress well in the winter and use winter tires.',20,32,0,'2016-10-27 07:16:04'),(828,309,'Possible given the many lakes and rivers. Some boat trip are available downtown , but are quite expensive',21,59,0,'2016-10-27 07:17:03'),(829,309,'Possible within the many gyms in Oulu where you can get a fitness trainer. The best one in my opinion is in ideapark',22,31,0,'2016-10-27 07:17:34'),(830,309,'2 places to bowl in Oulu: Alpillla at Pelixir and Isokatu downtown at Keilahalli',23,41,0,'2016-10-27 07:18:15'),(831,309,'No clue how and where you can do this, do not think it is possible',24,15,0,'2016-10-27 07:18:30'),(832,309,'Just buy some books from the store and colour at home :)',25,14,0,'2016-10-27 07:18:44'),(833,309,'Not entirely sure, might be possible at the same places to play futsal',26,22,0,'2016-10-27 07:19:06'),(834,309,'Not possible',27,4,0,'2016-10-27 07:19:10'),(835,309,'Not possible nearby, would need to travel a lot',29,12,0,'2016-10-27 07:19:22'),(836,309,'Not many mountains around here',30,11,0,'2016-10-27 07:19:33'),(837,309,'Possible at indoor locations. For example Megazone',31,16,0,'2016-10-27 07:19:49'),(838,309,'Possible in 2 locations: Rusko and near Oulunsalo. Quite expensive',32,17,0,'2016-10-27 07:20:06'),(839,309,'Not possible in Oulu',33,6,0,'2016-10-27 07:20:12'),(840,309,'There are not many parks to skate in oulu. People tend to just go to the rotuaari and do it there, but not recommended',34,25,0,'2016-10-27 07:20:37'),(841,309,'Not really a thing here, shallow water',35,9,0,'2016-10-27 07:20:46'),(842,309,'Possible in the Winter time. RUsko or Iso-Syote are the best places. They also rent out the equipment',36,24,0,'2016-10-27 07:21:10'),(843,309,'Yes there are some pools. Football stadium has a great one, alternatively Eden also has',37,24,0,'2016-10-27 07:21:34'),(844,309,'Yes, there are many routes around the area you can take. For example, north of the university there is a nice area to Trekk near the northern lake to the east',38,45,0,'2016-10-27 07:22:19'),(845,309,'Same with the bicycle, many routes everywhere. Make sure to dress properly in the winter!',39,163,0,'2016-10-27 07:25:02'),(846,302,'Yes, I know one place near Tuira (sports center) dont remember the exact place name, and it has very low fee and you can use it almost everyday in the timings when there are not regular activities. \nthere is enough space, time and equipment that you can have this hobby in Oulu.',37,139,0,'2016-10-27 11:59:19'),(847,302,'Skydiving is possible as well, there are two clubs in Oulu who offer skydiving with variety of jumps types. those are not much expenses. \nthere are offers for students as well, and Also there are different events organized by ESN oulu.',1,121,0,'2016-10-27 12:01:20'),(848,302,'Icehockey is most famous game of Finnish people and it is possible in Winter in Oulu, There are different clubs who play icehocky from initial level to advance level. \nand there are many matches which are help in Oulu. and Oulu has it\'s team as well named Oulun Karpat. Which is very famous for its best performance. ',2,154,0,'2016-10-27 12:03:54'),(849,302,'This is also possible in Oulu, I have seen posters in Oulu, which tells about the initial courses , which have theoretical to practical trainings as well. \nThey offer local and abroad practical divings as well.',3,173,0,'2016-10-27 12:06:48'),(850,302,'Fishing is most famous thing here in Oulu. \nYou have do it anytime, all you need is the equipment. \nFinns love to do fishing a lot. \nwell for me , all you need to do for fishing is to hang out with Finnish friends.',4,4,0,'2016-10-27 12:08:59'),(851,302,'Yes, This is also possible, I only know about it from the Oulu guide which had kite school, Oulu, which teaches you how to do it and there are many other possible links by which you can have this while staying in Oulu. ',5,134,0,'2016-10-27 12:11:13'),(852,302,'My all friends play this game. I have also joined them many times. \nwe have played indoor in winter and outside in summer. \naccording to me it is the cheap hobby to have in Oulu',6,123,0,'2016-10-27 12:13:16'),(853,302,'being from a country which is famous for Cricket , is Pakistan, and so, we fellows from Pakistan play very often and also we have registered club in Oulu as well. \nThere are other clubs as well, whom with we play matches. This hobby is famous for fellows like me.',7,87,0,'2016-10-27 12:14:45'),(854,302,'I am football player and I have been playing it with Finnish fellows, with my country fellow, and with international fellows. \nthis is played anywhere. you can find many playing places online in facebook as well. \nAlso student organization also organize many games where different fellows come to play.',8,3,0,'2016-10-27 12:19:25'),(855,302,'Again I found information about this sports in visit oulu guide. And i have no experience of this sports But I have seen people taking part in this sports in Oulu. ',12,88,0,'2016-10-27 12:20:53'),(856,302,'never heard about this sports before, ',13,204,0,'2016-10-27 12:24:17'),(857,302,'Only one friend talked about this once, otherwise it is not much common to know in Oulu. and Also it is not that difficult to have in Oulu. it can be hobby at anyplace',14,72,0,'2016-10-27 12:25:29'),(858,302,'Yes, this is also played in Oulu. mostly indoor activity, and I know a friend who know this place where you can have this kind of sports in Oulu',15,107,0,'2016-10-27 12:27:16'),(859,302,'Easiest, Cheapest and mostly played during winter and summer as well. \nStudent organization organizes tournaments as well,. and it is famous in Oulu as well. \nThere are online tournaments as well. where you participate and then decide with your partner to play time and place.',16,247,0,'2016-10-27 12:31:23'),(860,302,'I only know one place in Kuusamo, where in the school one person was training school kids about this sports. \nI am not familiar about places in Oulu',17,54,0,'2016-10-27 12:32:17'),(861,302,'There is one facebook page where i got the information about the base jumping and I only know first you have to go for training which is quite expensive as this is not the hobby of many people around Oulu. But still you can have it possibly in Oulu',18,154,0,'2016-10-27 12:34:51'),(862,302,'Basketball, is also very common in schools, colleges and other places where students can take part easily.\nIn winter this also most commonly used hobby indoor. \nThis is possible in every single sports hall around Oulu.',19,88,0,'2016-10-27 12:36:19'),(863,302,'Finns love Bicycling, and so yes all you need Bicycle and time to have this hobby, \nyou can enjoy the lovely views around oulu. and there are international students groups who go together and have this lovely and healthy hobby.\nThere are local people groups, who also have the same hobby in Oulu\n',20,151,0,'2016-10-27 12:38:50'),(864,302,'Boating and city of Oulu and Finns are all connected, \nVery easy to have this hobby in Oulu.\nthis is mostly the hobby in Summer or spring but in Winter it is not possible in Oulu area. ',21,82,0,'2016-10-27 12:40:12'),(865,302,'Not much common hobby here in Oulu, but yes this is possible in many gyms around in Oulu. where you can find professional trainings.',22,66,0,'2016-10-27 12:41:18'),(866,302,'there are many events from ESN and NISO every semester for students for bowing, \n10 to 15 euros / hour is not costly to have this hobby. \nThere are many places near city centers which offer bowing games like Pelixir. ',23,127,0,'2016-10-27 12:43:25'),(867,302,'Not much common hobby in Oulu. \nI dont know much about this hobby in Oulu.',24,46,0,'2016-10-27 12:44:11'),(868,302,'this is the individual hobby and anybody can have it at any place. \neasiest now a days because of mobile apps.',25,102,0,'2016-10-27 12:45:54'),(869,302,'Oulun football club is the one famous club known for this hobby. \nother than that different people play at many places like sports halls. ',26,88,0,'2016-10-27 12:47:22'),(870,302,'Finns know how the car mechanics and according to my knowledge this is possible in Oulu, where Finns bring their own designed wheels vehicles and play this.\n',27,85,0,'2016-10-27 12:48:47'),(871,302,'Oulu is famous for Gymnastics, and it is easy in access and you can have it whenever you want to start living in Oulu.\nthere are many professional training and competitions where Oulu takes part as well.',28,117,0,'2016-10-27 12:50:44'),(872,302,'Possible to have this in Oulu, read information about this in one of the Oulu guide. \n It is possible to sail across the sky in a hot air balloon flown by a professional pilot in Oulu.',29,103,0,'2016-10-27 12:52:27'),(873,302,'There are many biking trails in Oulu where you can easily go and have this wonderful hobby. \nYes this is possible in Oulu at many places. \nPuntti and Peranka are most famous places for mountain biking trails.',30,130,0,'2016-10-27 12:54:37'),(874,302,'There is no mountains in Oulu but Rock climbing is possible in  Paakakatu, this is amzing place and you can have different difficulty levels to start.\n',31,78,0,'2016-10-27 12:55:55'),(875,302,'Oulu Action Park is famous for Paint ball. \n',32,35,0,'2016-10-27 12:56:30'),(876,302,'Oulu is also famous for Oulun Icaros Team. Moslty Nallikari is the place you see many people are paragliding. You can have easily training and have the experience of Paragliding in Oulu by Oulun Icaros Team.\n',33,225,0,'2016-10-27 13:00:15'),(877,302,'Skateboarding is also very common in Oulu. one can buy this skateboard from every big market and from the superstores, and you can join different groups from facebook for skatebording. ',34,102,0,'2016-10-27 13:01:57'),(878,302,'Öllöri, Oulu is the place for Snorkeling in Oulu.',35,67,0,'2016-10-27 13:03:04'),(879,302,'there are many places where you can rent out the possible equipment in winter.',36,209,0,'2016-10-27 13:06:33'),(880,302,'',38,12,1,'2016-10-27 13:06:45'),(881,302,'There are many Oulu Running Routes, you can find different groups online.',39,40,0,'2016-10-27 13:07:25'),(882,291,'no',6,83,0,'2016-10-27 18:31:50'),(883,291,'no',7,15,0,'2016-10-27 18:32:05'),(884,291,'no',8,4,0,'2016-10-27 18:32:10'),(885,291,'no',12,4,0,'2016-10-27 18:32:14'),(886,291,'no',13,5,0,'2016-10-27 18:32:19'),(887,291,'no',14,4,0,'2016-10-27 18:32:23'),(888,291,'no',15,7,0,'2016-10-27 18:32:30'),(889,291,'no',16,33,0,'2016-10-27 18:33:03'),(890,291,'no',17,5,0,'2016-10-27 18:33:08'),(891,291,'no',18,7,0,'2016-10-27 18:33:15'),(892,291,'no',19,3,0,'2016-10-27 18:33:19'),(893,291,'no',20,5,0,'2016-10-27 18:33:24'),(894,291,'no',21,4,0,'2016-10-27 18:33:29'),(895,291,'no',22,4,0,'2016-10-27 18:33:33'),(896,291,'no',23,5,0,'2016-10-27 18:33:38'),(897,291,'no',24,4,0,'2016-10-27 18:33:42'),(898,291,'no',25,3,0,'2016-10-27 18:33:45'),(899,291,'no',26,3,0,'2016-10-27 18:33:49'),(900,291,'no',27,3,0,'2016-10-27 18:33:53'),(901,291,'no',28,5,0,'2016-10-27 18:33:58'),(902,291,'no',29,8,0,'2016-10-27 18:34:06'),(903,291,'no',31,8,0,'2016-10-27 18:34:14'),(904,291,'no',32,9,0,'2016-10-27 18:34:23'),(905,291,'no',33,4,0,'2016-10-27 18:34:28'),(906,291,'no',34,148,0,'2016-10-27 18:36:56'),(907,291,'no',35,4,0,'2016-10-27 18:37:00'),(908,291,'no',36,4,0,'2016-10-27 18:37:04'),(909,291,'no',37,3,0,'2016-10-27 18:37:08'),(910,291,'no',38,3,0,'2016-10-27 18:37:12'),(911,291,'no',39,4,0,'2016-10-27 18:37:16'),(912,320,'Yes, in the multiple sports stadiums around the city',26,23,0,'2016-10-31 13:29:53'),(913,320,'Yes, in Oulunsalo',1,8,0,'2016-10-31 13:30:01'),(914,320,'Yes, for example at Raksila',2,14,0,'2016-10-31 13:30:15'),(915,320,'No',3,4,0,'2016-10-31 13:30:19'),(916,320,'Yes',4,4,0,'2016-10-31 13:30:23'),(917,320,'Yes in Nallikari',5,13,0,'2016-10-31 13:30:36'),(918,320,'Yes in the sport centers',6,14,0,'2016-10-31 13:30:50'),(919,320,'no',7,6,0,'2016-10-31 13:30:56'),(920,320,'Yes, there are soccer field at schools and there are soccer field for rent in Oulunsalo',8,26,0,'2016-10-31 13:31:22'),(921,320,'yes',12,5,0,'2016-10-31 13:31:27'),(922,320,'yes',13,5,0,'2016-10-31 13:31:32'),(923,320,'yes',14,7,0,'2016-10-31 13:31:39'),(924,320,'yes, nallikari',15,5,0,'2016-10-31 13:31:44'),(925,320,'yes',16,4,0,'2016-10-31 13:31:48'),(926,320,'yes',17,3,0,'2016-10-31 13:31:51'),(927,320,'no',18,6,0,'2016-10-31 13:31:57'),(928,320,'yes',19,3,0,'2016-10-31 13:32:00'),(929,320,'yes',20,3,0,'2016-10-31 13:32:03'),(930,320,'yes',21,4,0,'2016-10-31 13:32:07'),(931,320,'yes',22,3,0,'2016-10-31 13:32:10'),(932,320,'yes',23,2,0,'2016-10-31 13:32:13'),(933,320,'yes',24,4,0,'2016-10-31 13:32:17'),(934,320,'yes',25,3,0,'2016-10-31 13:32:20'),(935,320,'yes, at the race track',27,10,0,'2016-10-31 13:32:30'),(936,320,'yes',28,3,0,'2016-10-31 13:32:33'),(937,320,'yes',29,3,0,'2016-10-31 13:32:36'),(938,320,'no',30,4,0,'2016-10-31 13:32:40'),(939,320,'no',31,4,0,'2016-10-31 13:32:44'),(940,320,'yes',32,3,0,'2016-10-31 13:32:47'),(941,320,'no',33,4,0,'2016-10-31 13:32:51'),(942,320,'yes',34,2,0,'2016-10-31 13:32:53'),(943,320,'no',35,7,0,'2016-10-31 13:33:00'),(944,320,'no',36,3,0,'2016-10-31 13:33:03'),(945,320,'yes',37,3,0,'2016-10-31 13:33:06'),(946,320,'yes',38,3,0,'2016-10-31 13:33:09'),(947,320,'yes',39,3,0,'2016-10-31 13:33:12'),(948,318,'Not a thing in finland',17,8,0,'2016-11-01 13:24:31'),(949,318,'Yes it is possible. Summer is best, visit http://skydiveoulu.fi/',1,22,0,'2016-11-01 13:24:53'),(950,318,'Most popular sport in Finland. Bunch of rinks all over the city, for exmaple near the football satdium',2,33,0,'2016-11-01 13:25:26'),(951,318,'No deep sea near Oulu',3,7,0,'2016-11-01 13:25:33'),(952,318,'Quite popular in Oulu. Any lake or river will do. 2 near University, one near downtown to the South',4,25,0,'2016-11-01 13:25:58'),(953,318,'No waves to surf',5,6,0,'2016-11-01 13:26:04'),(954,318,'Possible, but online posisble in the summer outside. Courts at linnanmaa and alpilla',6,22,0,'2016-11-01 13:26:26'),(955,318,'Not a sport that is played here',7,7,0,'2016-11-01 13:26:33'),(956,318,'Futsal in the winter (indoors), gym at linnanmaa has it. Outside only in the summer, pitcher north from the university',8,31,0,'2016-11-01 13:27:04'),(957,318,'Not possible in Oulu',12,6,0,'2016-11-01 13:27:10'),(958,318,'Not really a thing here',13,6,0,'2016-11-01 13:27:16'),(959,318,'No',14,3,0,'2016-11-01 13:27:19'),(960,318,'Not possible',15,6,0,'2016-11-01 13:27:25'),(961,318,'Court in Eden Hotel, they also rent the rackets and ball\n',16,18,0,'2016-11-01 13:27:43'),(962,318,'No',18,43,0,'2016-11-01 13:28:26'),(963,318,'A few courts in Oulu. Linnanmaa, ALpilla, Syynimaa, etc. Play only when warm',19,22,0,'2016-11-01 13:28:48'),(964,318,'Many routes around Oulu. Near the University, around the lakes, can go downtown and back easily. Dress well for Winter conditions',20,26,0,'2016-11-01 13:29:14'),(965,318,'Same as fishing',21,6,0,'2016-11-01 13:29:20'),(966,318,'AT some gyms it is possible. I recommend the one south from downtown in the large furniture area',22,21,0,'2016-11-01 13:29:41'),(967,318,'2 places to bowl, one in Aliplla one south of downtown isokatu',23,15,0,'2016-11-01 13:29:56'),(968,318,'not really a thing',24,5,0,'2016-11-01 13:30:01'),(969,318,'buy some books from supermarket?',25,9,0,'2016-11-01 13:30:10'),(970,318,'Not sure',26,5,0,'2016-11-01 13:30:15'),(971,318,'Not possible',27,5,0,'2016-11-01 13:30:20'),(972,318,'Difficult to do in Oulu, but possible at local gyms',28,15,0,'2016-11-01 13:30:35'),(973,318,'not possible',29,5,0,'2016-11-01 13:30:40'),(974,318,'No mountains :D',30,7,0,'2016-11-01 13:30:47'),(975,318,'Only indoors, places like Megazone',31,9,0,'2016-11-01 13:30:56'),(976,318,'yes, expesive. Near the airport htere is a huge area dedicated to paintball',32,18,0,'2016-11-01 13:31:14'),(977,318,'no',33,4,0,'2016-11-01 13:31:18'),(978,318,'not possible',34,4,0,'2016-11-01 13:31:22'),(979,318,'not possible',35,5,0,'2016-11-01 13:31:27'),(980,322,'No',26,11,0,'2016-11-01 14:12:53'),(981,322,'No',1,5,0,'2016-11-01 14:12:59'),(982,322,'No',2,3,0,'2016-11-01 14:13:02'),(983,322,'No',3,8,0,'2016-11-01 14:13:10'),(984,322,'No',4,5,0,'2016-11-01 14:13:15'),(985,322,'No',5,5,0,'2016-11-01 14:13:20'),(986,322,'Yes',6,5,0,'2016-11-01 14:13:26'),(987,322,'Yes',7,7,0,'2016-11-01 14:13:33'),(988,322,'No',8,7,0,'2016-11-01 14:13:40'),(989,322,'No',12,5,0,'2016-11-01 14:13:46'),(990,322,'No',13,4,0,'2016-11-01 14:13:50'),(991,322,'No',14,4,0,'2016-11-01 14:13:54'),(992,322,'No',15,3,0,'2016-11-01 14:13:57'),(993,322,'Tes',16,4,0,'2016-11-01 14:14:01'),(994,322,'No',17,7,0,'2016-11-01 14:14:08'),(995,322,'No',18,3,0,'2016-11-01 14:14:11'),(996,322,'No',19,3,0,'2016-11-01 14:14:14'),(997,322,'No',20,4,0,'2016-11-01 14:14:18'),(998,322,'No',21,3,0,'2016-11-01 14:14:21'),(999,322,'No',22,3,0,'2016-11-01 14:14:24'),(1000,322,'No',23,6,0,'2016-11-01 14:14:30'),(1001,322,'No',24,3,0,'2016-11-01 14:14:33'),(1002,322,'No',25,4,0,'2016-11-01 14:14:37'),(1003,322,'No',27,3,0,'2016-11-01 14:14:40'),(1004,322,'No',28,5,0,'2016-11-01 14:14:45'),(1005,322,'No',29,4,0,'2016-11-01 14:14:49'),(1006,322,'No',30,3,0,'2016-11-01 14:14:52'),(1007,322,'No',31,4,0,'2016-11-01 14:14:56'),(1008,322,'No',32,6,0,'2016-11-01 14:15:02'),(1009,322,'No',33,4,0,'2016-11-01 14:15:06'),(1010,322,'No',34,3,0,'2016-11-01 14:15:09'),(1011,322,'No',35,4,0,'2016-11-01 14:15:13'),(1012,322,'No',36,3,0,'2016-11-01 14:15:16'),(1013,322,'Yes',37,6,0,'2016-11-01 14:15:22'),(1014,322,'No',38,4,0,'2016-11-01 14:15:26'),(1015,322,'Yes',39,6,0,'2016-11-01 14:15:32'),(1016,323,'',27,74,1,'2016-11-01 17:14:35'),(1017,323,'Skydive Oulu Club\nProvides skydiving courses',1,105,0,'2016-11-01 17:16:20'),(1018,324,'no i can not do it ',14,39,0,'2016-11-01 17:26:02'),(1019,324,'no ',1,7,0,'2016-11-01 17:26:09'),(1020,324,'no ',2,9,0,'2016-11-01 17:26:18'),(1021,324,'no',3,3,0,'2016-11-01 17:26:22'),(1022,324,'i can do in linaanmaa on weekends',4,20,0,'2016-11-01 17:26:42'),(1023,324,'no\n',5,5,0,'2016-11-01 17:26:47'),(1024,324,'yes with friends on weenkeds',6,14,0,'2016-11-01 17:27:01'),(1025,324,'yes with friends in ground',7,11,0,'2016-11-01 17:27:12'),(1026,324,'yes with friends in ground',8,9,0,'2016-11-01 17:27:21'),(1027,324,'no',12,4,0,'2016-11-01 17:27:25'),(1028,324,'no',13,4,0,'2016-11-01 17:27:29'),(1029,324,'no',15,3,0,'2016-11-01 17:27:32'),(1030,324,'no',16,3,0,'2016-11-01 17:27:35'),(1031,324,'no',17,9,0,'2016-11-01 17:27:45'),(1032,324,'no',18,3,0,'2016-11-01 17:27:48'),(1033,324,'no',19,3,0,'2016-11-01 17:27:51'),(1034,324,'no',20,3,0,'2016-11-01 17:27:54'),(1035,324,'no',21,2,0,'2016-11-01 17:27:56'),(1036,324,'no',22,4,0,'2016-11-01 17:28:00'),(1037,324,'no',23,3,0,'2016-11-01 17:28:03'),(1038,324,'no',24,3,0,'2016-11-01 17:28:06'),(1039,324,'no',25,3,0,'2016-11-01 17:28:09'),(1040,324,'no',26,6,0,'2016-11-01 17:28:15'),(1041,324,'no',27,5,0,'2016-11-01 17:28:20'),(1042,324,'no',28,3,0,'2016-11-01 17:28:23'),(1043,324,'no',29,3,0,'2016-11-01 17:28:26'),(1044,324,'no',30,2,0,'2016-11-01 17:28:28'),(1045,324,'no',31,2,0,'2016-11-01 17:28:31'),(1046,324,'no',32,3,0,'2016-11-01 17:28:34'),(1047,324,'no',33,3,0,'2016-11-01 17:28:37'),(1048,324,'no',34,8,0,'2016-11-01 17:28:45'),(1049,324,'no',35,7,0,'2016-11-01 17:28:52'),(1050,324,'no',36,3,0,'2016-11-01 17:28:55'),(1051,324,'no',37,3,0,'2016-11-01 17:28:58'),(1052,324,'no',38,3,0,'2016-11-01 17:29:01'),(1053,324,'no',39,3,0,'2016-11-01 17:29:04');
/*!40000 ALTER TABLE `oulu_hobbies_deliverables` ENABLE KEYS */;
UNLOCK TABLES;

--
-- Table structure for table `purchases`
--

DROP TABLE IF EXISTS `purchases`;
/*!40101 SET @saved_cs_client     = @@character_set_client */;
/*!40101 SET character_set_client = utf8 */;
CREATE TABLE `purchases` (
  `id` int(255) unsigned NOT NULL AUTO_INCREMENT,
  `fk_user_id` int(11) unsigned NOT NULL DEFAULT '0',
  `name` text NOT NULL,
  `created_at` datetime DEFAULT NULL,
  PRIMARY KEY (`id`),
  KEY `FK_USER_PURCHASES` (`fk_user_id`),
  CONSTRAINT `FK_USER_PURCHASES` FOREIGN KEY (`fk_user_id`) REFERENCES `users` (`id`)
) ENGINE=InnoDB AUTO_INCREMENT=75 DEFAULT CHARSET=latin1 COMMENT='This table contains the user prize purchases';
/*!40101 SET character_set_client = @saved_cs_client */;

--
-- Dumping data for table `purchases`
--

LOCK TABLES `purchases` WRITE;
/*!40000 ALTER TABLE `purchases` DISABLE KEYS */;
INSERT INTO `purchases` VALUES (1,18,'movieticket','2016-10-11 19:50:11'),(2,271,'twentyFiveEuroVoucher','2016-10-12 19:41:01'),(3,266,'twentyFiveEuroVoucher','2016-10-13 13:07:23'),(4,264,'tenEuroVoucher','2016-10-13 13:53:30'),(5,265,'twentyFiveEuroVoucher','2016-10-13 19:36:15'),(6,275,'twentyFiveEuroVoucher','2016-10-17 13:41:42'),(7,276,'twentyFiveEuroVoucher','2016-10-17 14:43:15'),(8,259,'twentyFiveEuroVoucher','2016-10-17 20:26:43'),(9,276,'twentyFiveEuroVoucher','2016-10-18 10:11:59'),(10,263,'twentyFiveEuroVoucher','2016-10-18 13:17:23'),(11,281,'twentyFiveEuroVoucher','2016-10-18 13:44:21'),(12,279,'twentyFiveEuroVoucher','2016-10-18 13:51:56'),(13,280,'twentyFiveEuroVoucher','2016-10-18 13:52:45'),(14,280,'tenEuroVoucher','2016-10-18 13:53:23'),(15,281,'tenEuroVoucher','2016-10-18 13:56:36'),(16,279,'tenEuroVoucher','2016-10-18 14:11:55'),(17,272,'twentyFiveEuroVoucher','2016-10-18 17:15:09'),(18,262,'twentyFiveEuroVoucher','2016-10-19 11:52:06'),(19,285,'twentyFiveEuroVoucher','2016-10-19 13:25:00'),(20,275,'tenEuroVoucher','2016-10-19 16:16:35'),(21,287,'twentyFiveEuroVoucher','2016-10-19 16:56:00'),(22,287,'tenEuroVoucher','2016-10-19 16:56:10'),(23,287,'tenEuroVoucher','2016-10-20 10:35:32'),(24,287,'tenEuroVoucher','2016-10-20 10:35:38'),(25,273,'twentyFiveEuroVoucher','2016-10-20 10:49:02'),(26,273,'tenEuroVoucher','2016-10-20 10:49:15'),(27,289,'twentyFiveEuroVoucher','2016-10-20 11:26:33'),(28,285,'twentyFiveEuroVoucher','2016-10-21 13:09:45'),(29,290,'twentyFiveEuroVoucher','2016-10-21 16:31:05'),(30,290,'twentyFiveEuroVoucher','2016-10-21 16:31:28'),(31,295,'twentyFiveEuroVoucher','2016-10-21 18:51:19'),(32,296,'twentyFiveEuroVoucher','2016-10-21 19:47:47'),(33,299,'twentyFiveEuroVoucher','2016-10-23 09:01:35'),(34,301,'twentyFiveEuroVoucher','2016-10-23 09:03:58'),(35,300,'twentyFiveEuroVoucher','2016-10-23 09:08:59'),(36,302,'twentyFiveEuroVoucher','2016-10-23 22:08:13'),(37,284,'twentyFiveEuroVoucher','2016-10-24 12:25:33'),(38,295,'tenEuroVoucher','2016-10-24 13:05:32'),(39,306,'twentyFiveEuroVoucher','2016-10-24 17:23:22'),(40,307,'tenEuroVoucher','2016-10-24 21:00:48'),(41,265,'tenEuroVoucher','2016-10-25 13:49:38'),(42,309,'tenEuroVoucher','2016-10-25 14:16:38'),(43,310,'twentyFiveEuroVoucher','2016-10-25 18:00:26'),(44,310,'tenEuroVoucher','2016-10-25 18:04:14'),(45,311,'twentyFiveEuroVoucher','2016-10-25 19:29:37'),(46,313,'twentyFiveEuroVoucher','2016-10-25 21:13:54'),(47,313,'tenEuroVoucher','2016-10-25 21:27:35'),(48,311,'tenEuroVoucher','2016-10-26 05:16:10'),(49,316,'tenEuroVoucher','2016-10-26 15:50:02'),(50,291,'twentyFiveEuroVoucher','2016-10-27 08:12:04'),(51,289,'twentyFiveEuroVoucher','2016-10-27 13:13:15'),(52,292,'twentyFiveEuroVoucher','2016-10-27 13:13:47'),(53,292,'twentyFiveEuroVoucher','2016-10-27 13:13:51'),(54,317,'twentyFiveEuroVoucher','2016-10-27 14:40:16'),(55,280,'twentyFiveEuroVoucher','2016-10-28 16:49:46'),(56,279,'twentyFiveEuroVoucher','2016-10-28 17:00:50'),(57,259,'tenEuroVoucher','2016-10-29 17:29:52'),(58,291,'twentyFiveEuroVoucher','2016-10-29 20:33:39'),(59,281,'twentyFiveEuroVoucher','2016-10-31 07:46:57'),(60,320,'twentyFiveEuroVoucher','2016-10-31 13:45:42'),(61,320,'tenEuroVoucher','2016-10-31 13:45:56'),(62,320,'twentyFiveEuroVoucher','2016-10-31 15:17:03'),(63,295,'tenEuroVoucher','2016-10-31 16:14:45'),(64,295,'movieticket','2016-10-31 16:14:55'),(65,309,'twentyFiveEuroVoucher','2016-10-31 18:42:44'),(66,296,'tenEuroVoucher','2016-11-01 10:44:59'),(67,296,'tenEuroVoucher','2016-11-01 10:45:24'),(68,296,'tenEuroVoucher','2016-11-01 10:45:30'),(69,318,'twentyFiveEuroVoucher','2016-11-01 13:55:40'),(70,318,'tenEuroVoucher','2016-11-01 13:55:43'),(71,322,'twentyFiveEuroVoucher','2016-11-01 14:26:26'),(72,323,'twentyFiveEuroVoucher','2016-11-01 17:27:31'),(73,324,'twentyFiveEuroVoucher','2016-11-01 17:50:28'),(74,324,'tenEuroVoucher','2016-11-01 17:50:50');
/*!40000 ALTER TABLE `purchases` ENABLE KEYS */;
UNLOCK TABLES;

--
-- Table structure for table `situated_hobbies`
--

DROP TABLE IF EXISTS `situated_hobbies`;
/*!40101 SET @saved_cs_client     = @@character_set_client */;
/*!40101 SET character_set_client = utf8 */;
CREATE TABLE `situated_hobbies` (
  `hobby_id` int(50) unsigned NOT NULL AUTO_INCREMENT,
  `fk_user_id` int(11) unsigned NOT NULL,
  `sky_diving` int(1) NOT NULL,
  `sky_diving_found_text` text,
  `ice_hockey` int(1) NOT NULL,
  `ice_hockey_found_text` text,
  `deep_sea_diving` int(1) NOT NULL,
  `deep_sea_diving_found_text` text,
  `fishing` int(1) NOT NULL,
  `fishing_found_text` text,
  `sea_surfing` int(1) NOT NULL,
  `sea_surfing_found_text` text,
  `volleyball` int(1) NOT NULL,
  `volleyball_found_text` text,
  `cricket` int(1) NOT NULL,
  `cricket_found_text` text,
  `football` int(1) NOT NULL,
  `football_found_text` text,
  `time_taken` int(11) unsigned NOT NULL,
  `created` datetime DEFAULT NULL,
  `updated` datetime DEFAULT NULL,
  PRIMARY KEY (`hobby_id`),
  KEY `FK_USER_SITUATED_HOBBIES` (`fk_user_id`),
  CONSTRAINT `FK_USER_SITUATED_HOBBIES` FOREIGN KEY (`fk_user_id`) REFERENCES `users` (`id`)
) ENGINE=InnoDB AUTO_INCREMENT=9 DEFAULT CHARSET=latin1 COMMENT='This table contains the hobbies that a user can find in oulu.';
/*!40101 SET character_set_client = @saved_cs_client */;

--
-- Dumping data for table `situated_hobbies`
--

LOCK TABLES `situated_hobbies` WRITE;
/*!40000 ALTER TABLE `situated_hobbies` DISABLE KEYS */;
INSERT INTO `situated_hobbies` VALUES (8,18,0,'',0,'',0,'',0,'',0,'',0,'',0,'',0,'',3,'2016-08-07 12:17:54',NULL);
/*!40000 ALTER TABLE `situated_hobbies` ENABLE KEYS */;
UNLOCK TABLES;

--
-- Table structure for table `student_housing_deliverable`
--

DROP TABLE IF EXISTS `student_housing_deliverable`;
/*!40101 SET @saved_cs_client     = @@character_set_client */;
/*!40101 SET character_set_client = utf8 */;
CREATE TABLE `student_housing_deliverable` (
  `deliverable_id` int(255) unsigned NOT NULL AUTO_INCREMENT,
  `fk_user_id` int(11) unsigned NOT NULL,
  `fk_housing_location_id` int(11) unsigned NOT NULL,
  `cleanliness` int(1) unsigned DEFAULT NULL,
  `nearby_services` int(1) unsigned DEFAULT NULL,
  `location` int(1) unsigned DEFAULT NULL,
  `cost` int(1) unsigned DEFAULT NULL,
  `internet` int(1) unsigned DEFAULT NULL,
  `maintenance` int(1) unsigned DEFAULT NULL,
  `is_skipped` int(1) unsigned DEFAULT NULL,
  `time_taken` int(11) unsigned DEFAULT NULL,
  `created` datetime DEFAULT NULL,
  PRIMARY KEY (`deliverable_id`)
) ENGINE=InnoDB AUTO_INCREMENT=427 DEFAULT CHARSET=latin1;
/*!40101 SET character_set_client = @saved_cs_client */;

--
-- Dumping data for table `student_housing_deliverable`
--

LOCK TABLES `student_housing_deliverable` WRITE;
/*!40000 ALTER TABLE `student_housing_deliverable` DISABLE KEYS */;
INSERT INTO `student_housing_deliverable` VALUES (1,18,3,1,1,1,1,1,1,1,3,'2016-08-11 19:31:12'),(2,224,5,5,5,5,5,5,5,0,9,'2016-08-11 19:37:50'),(3,18,1,0,0,0,0,0,0,1,4,'2016-08-14 10:44:07'),(4,241,4,4,4,3,2,2,3,0,5,'2016-08-22 16:14:16'),(5,18,2,0,0,0,0,0,0,1,8,'2016-08-23 22:23:07'),(6,245,4,4,5,5,3,3,4,0,29,'2016-09-25 11:29:50'),(7,244,2,0,1,1,5,4,4,0,35,'2016-09-25 11:37:29'),(8,244,1,1,3,1,2,4,1,0,18,'2016-09-25 11:37:48'),(9,244,3,4,3,2,4,4,3,0,93,'2016-09-25 11:39:21'),(10,246,2,0,4,2,0,4,0,0,31,'2016-09-25 11:49:35'),(11,246,1,0,5,5,1,0,0,0,18,'2016-09-25 11:49:53'),(12,246,3,0,2,2,4,0,0,0,70,'2016-09-25 11:51:03'),(13,246,4,0,0,0,0,0,0,1,16,'2016-09-25 11:51:19'),(14,246,5,5,2,3,4,5,4,0,33,'2016-09-25 11:51:53'),(15,246,6,4,4,5,4,1,4,0,67,'2016-09-25 11:53:01'),(16,246,7,4,1,1,4,0,0,0,21,'2016-09-25 11:53:22'),(17,246,8,0,0,0,0,0,0,1,6,'2016-09-25 11:53:28'),(18,18,4,1,1,1,1,1,1,0,13,'2016-10-05 13:02:13'),(19,18,5,0,0,0,0,0,0,1,8,'2016-10-05 13:02:22'),(20,257,8,0,0,0,0,0,0,1,0,'2016-10-07 08:08:42'),(21,257,1,5,4,5,3,3,5,0,0,'2016-10-07 08:10:16'),(22,257,2,0,0,0,0,0,0,1,0,'2016-10-07 08:10:23'),(23,257,3,0,0,0,0,0,0,1,0,'2016-10-07 08:10:29'),(24,257,4,5,5,4,5,5,5,0,0,'2016-10-07 08:12:01'),(25,257,5,5,5,4,3,5,5,0,0,'2016-10-07 08:13:21'),(26,257,6,0,0,0,0,0,0,1,0,'2016-10-07 08:28:22'),(27,257,7,0,0,0,0,0,0,1,0,'2016-10-07 08:28:27'),(28,258,2,4,5,4,3,5,3,0,0,'2016-10-07 17:45:54'),(29,258,1,5,5,5,2,5,4,0,0,'2016-10-07 17:47:17'),(30,258,3,4,4,5,3,5,4,0,0,'2016-10-07 17:47:53'),(31,258,4,3,3,3,5,4,2,0,0,'2016-10-07 17:48:55'),(32,258,5,4,3,4,3,4,4,0,0,'2016-10-07 17:49:35'),(33,258,6,3,4,3,3,4,4,0,0,'2016-10-07 17:50:01'),(34,258,7,3,5,4,2,5,3,0,0,'2016-10-07 17:50:29'),(35,259,1,0,0,0,0,0,0,1,0,'2016-10-07 18:26:26'),(36,258,8,4,3,3,4,4,4,0,0,'2016-10-07 18:27:12'),(37,259,2,4,4,5,4,3,5,0,0,'2016-10-07 18:28:44'),(38,259,3,4,5,4,4,4,5,0,0,'2016-10-07 18:29:00'),(39,259,4,4,5,5,4,5,4,0,0,'2016-10-07 18:29:17'),(40,259,5,5,3,4,4,4,5,0,0,'2016-10-07 18:29:38'),(41,259,6,4,5,5,4,5,5,0,0,'2016-10-07 18:30:00'),(42,259,7,5,4,5,4,0,5,0,0,'2016-10-07 18:30:17'),(43,259,8,0,0,0,0,0,0,1,0,'2016-10-07 18:30:24'),(44,259,9,0,0,0,0,0,0,1,0,'2016-10-07 18:30:32'),(45,259,10,4,5,4,5,0,0,0,0,'2016-10-07 18:30:44'),(46,259,11,0,0,0,0,0,0,1,0,'2016-10-07 18:31:05'),(47,264,7,4,3,2,3,4,4,0,0,'2016-10-12 14:23:31'),(48,264,1,0,0,0,0,0,0,1,0,'2016-10-12 14:23:40'),(49,263,11,0,0,0,0,0,0,1,0,'2016-10-12 14:39:29'),(50,265,11,4,3,3,3,4,4,0,0,'2016-10-12 14:40:06'),(51,265,1,4,5,5,3,4,4,0,0,'2016-10-12 14:41:04'),(52,265,2,4,4,3,3,5,3,0,0,'2016-10-12 14:42:15'),(53,264,2,4,5,3,3,4,4,0,0,'2016-10-12 14:43:24'),(54,264,3,4,4,3,3,4,4,0,0,'2016-10-12 14:45:54'),(55,264,4,4,3,5,4,4,3,0,0,'2016-10-12 14:46:17'),(56,264,5,5,5,3,5,5,5,0,0,'2016-10-12 14:46:52'),(57,263,1,4,4,4,5,4,4,0,0,'2016-10-12 14:47:21'),(58,266,7,0,0,0,0,0,0,1,0,'2016-10-12 14:47:21'),(59,263,2,3,4,4,4,4,4,0,0,'2016-10-12 14:47:37'),(60,263,3,4,4,4,2,5,4,0,0,'2016-10-12 14:47:52'),(61,266,1,4,5,5,3,0,0,0,0,'2016-10-12 14:47:52'),(62,266,2,4,5,4,3,4,5,0,0,'2016-10-12 14:48:23'),(63,264,6,4,5,3,3,4,3,0,0,'2016-10-12 14:48:26'),(64,266,3,3,1,2,4,0,2,0,0,'2016-10-12 14:49:07'),(65,266,4,4,4,3,4,5,5,0,0,'2016-10-12 14:50:01'),(66,266,5,5,5,5,5,5,5,0,0,'2016-10-12 14:50:46'),(67,266,6,5,5,5,5,5,5,0,0,'2016-10-12 14:51:01'),(68,266,8,0,0,0,0,0,0,1,0,'2016-10-12 14:51:40'),(69,270,3,4,4,4,3,3,4,0,0,'2016-10-12 18:00:06'),(70,270,1,3,4,4,3,3,3,0,0,'2016-10-12 18:00:44'),(71,271,4,5,3,4,3,5,4,0,0,'2016-10-12 18:00:57'),(72,271,1,5,3,3,5,4,4,0,0,'2016-10-12 18:16:05'),(73,271,2,0,0,0,0,0,0,1,0,'2016-10-12 18:16:30'),(74,271,3,0,0,0,0,0,0,1,0,'2016-10-12 18:16:40'),(75,271,5,4,3,5,4,5,0,0,0,'2016-10-12 18:17:00'),(76,271,6,0,0,0,0,0,0,1,0,'2016-10-12 18:17:06'),(77,271,7,4,2,2,4,5,3,0,0,'2016-10-12 18:17:22'),(78,271,8,0,0,0,0,0,0,1,0,'2016-10-12 18:17:29'),(79,271,9,0,0,0,0,0,0,1,0,'2016-10-12 18:17:34'),(80,271,10,0,0,0,0,0,0,1,0,'2016-10-12 18:17:38'),(81,271,11,0,0,0,0,0,0,1,0,'2016-10-12 18:17:43'),(82,262,6,4,0,3,3,3,4,0,0,'2016-10-12 18:30:29'),(83,262,1,0,0,0,0,0,0,1,0,'2016-10-12 18:30:47'),(84,262,2,0,0,0,0,0,0,1,0,'2016-10-12 18:30:51'),(85,262,3,0,0,0,0,0,0,1,0,'2016-10-12 18:30:55'),(86,262,4,3,4,5,3,4,4,0,0,'2016-10-12 18:31:13'),(87,262,5,5,3,4,3,3,4,0,0,'2016-10-12 18:31:33'),(88,262,7,5,3,3,3,3,3,0,0,'2016-10-12 18:31:53'),(89,265,3,0,0,0,0,0,0,1,0,'2016-10-13 13:54:01'),(90,265,4,5,4,4,3,5,5,0,0,'2016-10-13 13:54:34'),(91,265,5,4,4,5,3,5,5,0,0,'2016-10-13 13:54:58'),(92,265,6,4,5,5,4,3,3,0,0,'2016-10-13 13:57:11'),(93,265,7,3,4,3,3,4,4,0,0,'2016-10-13 13:59:06'),(94,265,8,0,0,0,0,0,0,1,0,'2016-10-13 13:59:37'),(95,265,9,0,0,0,0,0,0,1,0,'2016-10-13 14:00:00'),(96,265,10,4,4,3,3,4,3,0,0,'2016-10-13 14:00:49'),(97,275,5,4,3,4,4,4,4,0,0,'2016-10-17 13:16:28'),(98,275,1,3,5,5,2,5,5,0,0,'2016-10-17 13:26:43'),(99,275,2,3,4,3,4,4,4,0,0,'2016-10-17 13:26:54'),(100,275,3,4,4,5,4,4,3,0,0,'2016-10-17 13:27:09'),(101,275,4,4,4,4,4,5,5,0,0,'2016-10-17 13:27:25'),(102,275,6,4,4,4,5,5,4,0,0,'2016-10-17 13:29:33'),(103,275,7,2,3,4,5,5,4,0,0,'2016-10-17 13:29:45'),(104,275,8,4,3,2,4,4,3,0,0,'2016-10-17 13:30:04'),(105,275,9,4,4,3,4,4,4,0,0,'2016-10-17 13:30:16'),(106,275,10,2,3,3,5,4,4,0,0,'2016-10-17 13:30:30'),(107,275,11,5,5,5,3,4,4,0,0,'2016-10-17 13:30:41'),(108,276,1,5,5,5,4,5,4,0,0,'2016-10-17 13:56:41'),(109,276,2,4,5,5,4,5,4,0,0,'2016-10-17 14:32:40'),(110,276,3,3,3,4,4,5,4,0,0,'2016-10-17 14:32:57'),(111,276,4,3,4,5,4,5,4,0,0,'2016-10-17 14:33:14'),(112,276,5,4,3,4,3,5,4,0,0,'2016-10-17 14:33:29'),(113,276,6,2,4,4,4,5,4,0,0,'2016-10-17 14:33:42'),(114,276,7,2,2,2,4,5,4,0,0,'2016-10-17 14:33:57'),(115,276,8,3,4,4,4,5,4,0,0,'2016-10-17 14:34:09'),(116,276,9,4,3,4,4,5,4,0,0,'2016-10-17 14:34:22'),(117,276,10,2,2,1,4,5,4,0,0,'2016-10-17 14:34:39'),(118,276,11,4,5,5,4,5,4,0,0,'2016-10-17 14:34:52'),(119,281,4,4,5,4,3,4,5,0,0,'2016-10-18 12:44:20'),(120,281,1,3,5,5,2,5,3,0,0,'2016-10-18 12:44:36'),(121,281,2,3,0,4,3,3,5,0,0,'2016-10-18 12:45:03'),(122,281,3,5,4,4,3,3,5,0,0,'2016-10-18 12:45:17'),(123,281,5,1,3,3,5,4,1,0,0,'2016-10-18 12:45:34'),(124,281,6,1,1,1,4,4,4,0,0,'2016-10-18 12:45:46'),(125,281,7,1,1,3,3,4,3,0,0,'2016-10-18 12:46:00'),(126,281,8,0,0,0,0,3,4,0,0,'2016-10-18 12:46:12'),(127,281,9,0,0,0,0,0,0,1,0,'2016-10-18 12:46:16'),(128,281,10,1,3,2,4,4,1,0,0,'2016-10-18 12:46:38'),(129,281,11,0,0,0,0,0,0,1,0,'2016-10-18 12:46:42'),(130,272,6,0,4,4,3,0,0,0,0,'2016-10-18 13:25:26'),(131,280,3,5,4,5,3,4,4,0,0,'2016-10-18 13:44:46'),(132,280,1,4,5,5,4,5,4,0,0,'2016-10-18 13:45:09'),(133,280,2,4,4,4,0,0,0,0,0,'2016-10-18 13:45:27'),(134,280,4,4,5,5,0,0,0,0,0,'2016-10-18 13:45:48'),(135,280,5,2,4,4,4,3,2,0,0,'2016-10-18 13:46:07'),(136,280,6,2,5,4,4,0,0,0,0,'2016-10-18 13:46:20'),(137,280,7,2,2,3,5,0,2,0,0,'2016-10-18 13:46:35'),(138,280,8,0,0,0,0,0,0,0,0,'2016-10-18 13:46:57'),(139,280,9,0,0,0,0,0,0,0,0,'2016-10-18 13:47:11'),(140,279,1,3,5,4,3,4,4,0,0,'2016-10-18 13:47:19'),(141,280,10,1,4,3,5,4,3,0,0,'2016-10-18 13:47:26'),(142,279,2,4,5,4,4,4,4,0,0,'2016-10-18 13:47:43'),(143,280,11,3,4,3,4,4,5,0,0,'2016-10-18 13:47:45'),(144,279,3,5,4,5,4,5,4,0,0,'2016-10-18 13:48:12'),(145,279,4,4,4,4,4,5,4,0,0,'2016-10-18 13:48:29'),(146,279,5,2,2,4,4,2,2,0,0,'2016-10-18 13:48:50'),(147,279,6,2,3,4,4,2,2,0,0,'2016-10-18 13:49:28'),(148,279,7,2,4,2,4,3,2,0,0,'2016-10-18 13:49:55'),(149,279,8,3,3,4,4,3,3,0,0,'2016-10-18 13:50:15'),(150,279,9,3,2,2,4,2,3,0,0,'2016-10-18 13:50:43'),(151,279,10,2,4,2,4,2,2,0,0,'2016-10-18 13:51:31'),(152,279,11,4,3,3,4,3,3,0,0,'2016-10-18 13:51:46'),(153,285,4,4,3,2,5,5,3,0,0,'2016-10-19 13:00:12'),(154,285,1,4,3,2,4,5,3,0,0,'2016-10-19 13:20:21'),(155,285,2,3,4,4,3,4,4,0,0,'2016-10-19 13:20:42'),(156,285,3,4,4,5,2,4,5,0,0,'2016-10-19 13:20:58'),(157,285,5,5,1,1,4,4,4,0,0,'2016-10-19 13:21:13'),(158,285,6,5,3,3,3,4,3,0,0,'2016-10-19 13:21:31'),(159,285,7,5,2,3,2,4,4,0,0,'2016-10-19 13:21:50'),(160,285,8,3,3,4,3,3,4,0,0,'2016-10-19 13:22:00'),(161,285,9,2,2,3,3,3,3,0,0,'2016-10-19 13:22:15'),(162,285,10,5,4,3,5,4,4,0,0,'2016-10-19 13:22:43'),(163,285,11,2,3,3,3,4,2,0,0,'2016-10-19 13:22:58'),(164,287,5,5,4,3,3,4,4,0,0,'2016-10-19 15:32:07'),(165,287,1,3,5,5,2,4,4,0,0,'2016-10-19 15:32:31'),(166,287,2,4,4,5,3,4,4,0,0,'2016-10-19 15:33:06'),(167,287,3,4,3,4,5,5,5,0,0,'2016-10-19 15:33:27'),(168,287,4,4,4,4,4,5,4,0,0,'2016-10-19 15:33:45'),(169,287,6,3,3,2,5,4,4,0,0,'2016-10-19 15:34:03'),(170,287,7,2,2,2,5,4,4,0,0,'2016-10-19 15:34:22'),(171,287,8,4,4,2,3,4,4,0,0,'2016-10-19 15:34:48'),(172,287,9,4,4,4,4,4,4,0,0,'2016-10-19 15:35:03'),(173,287,10,2,2,1,5,4,4,0,0,'2016-10-19 15:35:17'),(174,287,11,5,5,5,4,4,5,0,0,'2016-10-19 15:35:39'),(175,273,11,4,3,3,4,4,3,0,0,'2016-10-20 10:15:51'),(176,273,1,4,5,5,2,4,3,0,0,'2016-10-20 10:16:04'),(177,273,2,3,2,3,4,4,4,0,0,'2016-10-20 10:16:23'),(178,273,3,4,2,3,4,4,3,0,0,'2016-10-20 10:16:41'),(179,273,4,5,4,4,4,5,4,0,0,'2016-10-20 10:16:53'),(180,273,5,4,3,3,4,5,4,0,0,'2016-10-20 10:17:07'),(181,273,6,3,4,3,4,4,5,0,0,'2016-10-20 10:17:22'),(182,273,6,3,4,3,4,4,5,0,0,'2016-10-20 10:17:24'),(183,273,7,4,3,3,4,4,5,0,0,'2016-10-20 10:17:38'),(184,273,8,3,2,3,4,3,5,0,0,'2016-10-20 10:17:50'),(185,273,9,3,3,3,5,4,3,0,0,'2016-10-20 10:18:17'),(186,273,10,2,2,1,5,4,4,0,0,'2016-10-20 10:18:30'),(187,289,3,0,0,0,0,0,0,1,0,'2016-10-20 11:19:51'),(188,289,1,4,4,4,4,4,4,0,0,'2016-10-20 11:20:12'),(189,289,2,4,3,3,3,3,0,0,0,'2016-10-20 11:20:34'),(190,289,4,5,5,5,5,5,4,0,0,'2016-10-20 11:20:59'),(191,289,5,4,4,2,2,3,4,0,0,'2016-10-20 11:21:24'),(192,289,6,3,5,3,3,4,4,0,0,'2016-10-20 11:21:45'),(193,289,7,0,4,3,0,4,4,0,0,'2016-10-20 11:22:09'),(194,289,8,4,4,4,4,4,4,0,0,'2016-10-20 11:22:37'),(195,289,9,4,4,4,0,3,4,0,0,'2016-10-20 11:22:59'),(196,289,10,4,4,4,0,3,4,0,0,'2016-10-20 11:23:21'),(197,289,11,5,4,5,0,4,3,0,0,'2016-10-20 11:23:47'),(198,18,6,1,1,1,3,1,1,0,0,'2016-10-21 08:33:08'),(199,18,7,1,1,1,1,2,1,0,0,'2016-10-21 08:33:24'),(200,18,8,1,1,1,1,1,1,0,11,'2016-10-21 09:33:44'),(201,18,9,1,1,1,1,1,1,0,7,'2016-10-21 09:33:51'),(202,18,10,1,1,1,1,1,1,0,11,'2016-10-21 09:34:02'),(203,18,11,1,1,1,1,1,1,0,7,'2016-10-21 09:34:09'),(204,291,8,5,4,4,4,5,5,0,58,'2016-10-21 09:47:07'),(205,291,1,5,5,5,5,5,5,0,16,'2016-10-21 09:47:23'),(206,291,2,5,5,4,4,5,5,0,16,'2016-10-21 09:47:39'),(207,291,3,5,5,3,4,5,5,0,15,'2016-10-21 09:47:54'),(208,291,4,5,4,5,3,5,5,0,21,'2016-10-21 09:48:15'),(209,291,5,5,5,4,2,5,5,0,19,'2016-10-21 09:48:34'),(210,291,6,5,5,3,3,5,5,0,17,'2016-10-21 09:48:51'),(211,291,7,4,4,4,4,5,5,0,14,'2016-10-21 09:49:05'),(212,291,9,4,4,5,4,5,5,0,14,'2016-10-21 09:49:19'),(213,291,10,4,5,3,4,5,5,0,21,'2016-10-21 09:49:40'),(214,291,11,4,4,3,4,5,5,0,17,'2016-10-21 09:49:57'),(215,290,2,5,5,5,3,4,4,0,36,'2016-10-21 10:40:59'),(216,290,1,4,5,5,3,4,4,0,22,'2016-10-21 10:41:21'),(217,290,3,4,4,5,2,5,3,0,33,'2016-10-21 10:41:54'),(218,290,4,3,4,4,4,4,4,0,22,'2016-10-21 10:42:16'),(219,290,5,4,3,4,4,5,4,0,32,'2016-10-21 10:43:00'),(220,290,6,2,4,5,5,4,4,0,21,'2016-10-21 10:43:21'),(221,290,7,4,5,3,4,5,4,0,55,'2016-10-21 10:44:17'),(222,290,8,5,4,2,4,3,3,0,19,'2016-10-21 10:44:36'),(223,290,9,4,4,4,4,5,4,0,25,'2016-10-21 10:45:01'),(224,290,10,1,1,1,5,4,1,0,15,'2016-10-21 10:45:16'),(225,290,11,5,5,5,3,5,5,0,17,'2016-10-21 10:45:34'),(226,301,6,4,3,5,4,5,4,0,38,'2016-10-23 08:20:47'),(227,301,1,0,5,5,2,4,4,0,53,'2016-10-23 08:21:41'),(228,301,2,0,4,3,0,4,4,0,50,'2016-10-23 08:22:31'),(229,299,3,4,4,2,3,3,4,0,77,'2016-10-23 08:34:53'),(230,299,1,3,4,3,3,4,0,0,74,'2016-10-23 08:36:07'),(231,299,2,3,4,2,4,4,0,0,42,'2016-10-23 08:36:49'),(232,299,4,3,5,5,5,4,3,0,25,'2016-10-23 08:37:14'),(233,299,5,4,3,4,4,4,5,0,27,'2016-10-23 08:37:41'),(234,301,3,0,4,3,0,4,4,0,23,'2016-10-23 08:43:43'),(235,301,4,5,5,5,5,5,4,0,14,'2016-10-23 08:43:57'),(236,301,5,5,2,4,3,5,4,0,18,'2016-10-23 08:44:15'),(237,301,7,0,3,1,3,5,4,0,19,'2016-10-23 08:44:34'),(238,301,8,0,0,0,0,4,4,0,19,'2016-10-23 08:44:54'),(239,301,9,0,4,3,3,5,4,0,17,'2016-10-23 08:45:11'),(240,301,10,4,5,1,2,4,4,0,34,'2016-10-23 08:45:45'),(241,301,11,3,4,3,3,5,5,0,24,'2016-10-23 08:46:09'),(242,299,6,4,4,5,4,4,3,0,38,'2016-10-23 08:52:07'),(243,299,7,3,5,2,4,4,3,0,20,'2016-10-23 08:52:27'),(244,299,8,3,4,2,4,4,3,0,15,'2016-10-23 08:52:43'),(245,299,9,3,4,4,3,4,3,0,22,'2016-10-23 08:53:06'),(246,299,10,2,4,4,4,4,3,0,63,'2016-10-23 08:54:09'),(247,299,11,3,4,3,4,3,3,0,24,'2016-10-23 08:54:34'),(248,300,1,5,3,4,4,4,4,0,25,'2016-10-23 09:04:20'),(249,300,2,4,4,4,3,5,4,0,16,'2016-10-23 09:05:17'),(250,300,3,4,4,4,3,5,4,0,18,'2016-10-23 09:05:35'),(251,300,4,5,5,4,3,5,4,0,16,'2016-10-23 09:05:51'),(252,300,5,5,3,5,4,5,4,0,14,'2016-10-23 09:06:05'),(253,300,6,4,5,4,3,5,4,0,16,'2016-10-23 09:06:21'),(254,300,7,4,3,3,3,5,4,0,36,'2016-10-23 09:06:58'),(255,300,8,4,3,3,3,5,4,0,29,'2016-10-23 09:07:27'),(256,300,9,4,3,3,3,5,4,0,23,'2016-10-23 09:07:50'),(257,300,10,4,0,0,0,5,0,0,27,'2016-10-23 09:08:17'),(258,300,11,4,0,0,0,5,4,0,14,'2016-10-23 09:08:31'),(259,302,7,4,4,2,2,5,4,0,15,'2016-10-23 21:41:26'),(260,302,1,4,5,4,3,5,5,0,27,'2016-10-23 21:41:53'),(261,302,2,4,4,5,5,5,4,0,16,'2016-10-23 21:42:09'),(262,302,3,4,3,4,4,5,4,0,17,'2016-10-23 21:42:26'),(263,302,4,4,5,5,5,5,4,0,13,'2016-10-23 21:42:39'),(264,302,5,4,2,4,3,5,4,0,14,'2016-10-23 21:42:53'),(265,302,6,4,4,4,3,5,4,0,17,'2016-10-23 21:43:10'),(266,302,8,0,0,0,0,5,0,0,16,'2016-10-23 21:43:26'),(267,302,9,4,3,4,4,5,4,0,14,'2016-10-23 21:43:41'),(268,302,10,3,4,1,2,4,3,0,16,'2016-10-23 21:43:57'),(269,302,11,4,5,5,3,5,4,0,17,'2016-10-23 21:44:14'),(270,306,7,4,3,4,4,4,4,0,25,'2016-10-24 12:37:52'),(271,306,1,0,1,4,2,3,0,0,44,'2016-10-24 12:38:37'),(272,306,2,0,4,4,4,4,0,0,24,'2016-10-24 12:39:01'),(273,306,3,0,3,3,4,0,0,0,27,'2016-10-24 12:39:28'),(274,306,4,4,2,4,4,4,5,0,25,'2016-10-24 12:39:53'),(275,306,5,0,2,4,4,0,0,0,18,'2016-10-24 12:40:33'),(276,306,6,0,4,4,4,0,0,0,24,'2016-10-24 12:40:57'),(277,307,2,4,4,3,3,5,4,0,20,'2016-10-24 12:53:18'),(278,295,11,4,5,2,2,4,5,0,27,'2016-10-24 13:01:03'),(279,295,1,5,5,4,1,5,3,0,23,'2016-10-24 13:01:26'),(280,295,2,5,3,1,4,4,4,0,25,'2016-10-24 13:01:51'),(281,295,3,5,2,3,4,4,5,0,22,'2016-10-24 13:02:13'),(282,295,4,2,2,4,5,2,3,0,25,'2016-10-24 13:02:38'),(283,295,5,5,4,5,5,4,5,0,25,'2016-10-24 13:03:03'),(284,295,6,4,4,4,3,3,2,0,21,'2016-10-24 13:03:24'),(285,295,7,5,3,5,5,5,5,0,20,'2016-10-24 13:03:44'),(286,295,8,3,3,3,3,3,3,0,16,'2016-10-24 13:04:01'),(287,295,9,3,3,4,3,4,4,0,15,'2016-10-24 13:04:16'),(288,295,10,4,4,2,2,4,5,0,25,'2016-10-24 13:04:41'),(289,296,9,3,4,4,4,3,4,0,16,'2016-10-24 13:30:18'),(290,296,1,5,5,5,2,5,5,0,19,'2016-10-24 13:30:37'),(291,296,2,3,4,1,4,3,0,0,23,'2016-10-24 13:31:00'),(292,296,3,4,2,2,3,2,3,0,23,'2016-10-24 13:31:23'),(293,296,4,4,3,3,5,2,3,0,27,'2016-10-24 13:31:50'),(294,296,5,5,3,4,5,4,5,0,21,'2016-10-24 13:32:11'),(295,296,6,0,0,4,4,0,0,0,12,'2016-10-24 13:32:23'),(296,296,7,5,3,5,4,4,5,0,20,'2016-10-24 13:32:44'),(297,296,8,0,0,0,5,0,0,0,17,'2016-10-24 13:33:01'),(298,296,10,5,2,3,2,0,0,0,22,'2016-10-24 13:33:23'),(299,296,11,0,5,5,2,4,0,0,20,'2016-10-24 13:33:43'),(300,306,8,4,3,4,4,3,4,0,30,'2016-10-24 17:15:17'),(301,306,9,4,3,3,4,4,4,0,38,'2016-10-24 17:15:55'),(302,306,10,4,4,2,5,4,3,0,33,'2016-10-24 17:16:28'),(303,306,11,4,5,5,3,4,3,0,71,'2016-10-24 17:18:30'),(304,307,1,4,3,4,4,4,4,0,30,'2016-10-24 20:54:49'),(305,307,3,4,3,5,5,5,4,0,10,'2016-10-24 20:54:59'),(306,292,4,5,5,5,4,4,5,0,23,'2016-10-25 11:03:38'),(307,292,1,5,4,5,3,5,5,0,18,'2016-10-25 11:03:56'),(308,292,2,3,4,4,4,4,4,0,13,'2016-10-25 11:04:10'),(309,292,3,4,5,4,4,3,5,0,21,'2016-10-25 11:04:31'),(310,292,5,4,3,2,3,5,4,0,104,'2016-10-25 11:06:15'),(311,292,6,3,5,3,4,4,5,0,56,'2016-10-25 11:07:11'),(312,292,7,4,3,3,4,4,4,0,59,'2016-10-25 11:08:10'),(313,292,8,0,0,0,0,0,0,0,14,'2016-10-25 11:08:24'),(314,292,9,0,0,0,0,0,0,0,31,'2016-10-25 11:08:55'),(315,292,10,3,3,4,0,4,4,0,28,'2016-10-25 11:09:23'),(316,292,11,4,4,4,4,0,5,0,35,'2016-10-25 11:09:58'),(317,310,10,4,4,4,2,4,4,0,41,'2016-10-25 17:43:35'),(318,310,1,4,4,4,4,1,2,0,19,'2016-10-25 17:43:54'),(319,310,2,4,5,4,5,1,3,0,21,'2016-10-25 17:44:16'),(320,310,3,4,4,4,4,4,4,0,23,'2016-10-25 17:44:39'),(321,310,4,3,2,3,3,4,2,0,39,'2016-10-25 17:45:18'),(322,310,5,0,0,0,0,0,0,0,10,'2016-10-25 17:45:28'),(323,310,6,4,2,2,4,4,4,0,18,'2016-10-25 17:45:46'),(324,310,7,4,4,4,4,4,4,0,21,'2016-10-25 17:46:07'),(325,310,8,4,4,4,4,4,4,0,37,'2016-10-25 17:46:44'),(326,310,9,0,0,0,0,0,0,0,159,'2016-10-25 17:49:24'),(327,310,11,0,0,0,0,0,0,0,9,'2016-10-25 17:49:33'),(328,311,7,5,5,5,4,5,5,0,22,'2016-10-25 19:09:02'),(329,311,1,5,5,5,5,5,5,0,16,'2016-10-25 19:09:18'),(330,311,2,5,5,5,3,5,4,0,14,'2016-10-25 19:09:32'),(331,311,3,5,5,5,5,5,5,0,12,'2016-10-25 19:09:44'),(332,311,4,5,5,5,5,5,5,0,9,'2016-10-25 19:09:53'),(333,311,5,5,5,5,5,5,5,0,9,'2016-10-25 19:10:02'),(334,311,6,5,5,5,5,5,5,0,9,'2016-10-25 19:10:11'),(335,311,8,5,5,5,5,5,5,0,14,'2016-10-25 19:10:25'),(336,311,9,4,5,4,3,5,3,0,12,'2016-10-25 19:10:37'),(337,311,10,5,3,5,5,4,4,0,10,'2016-10-25 19:10:48'),(338,311,11,5,4,4,4,3,5,0,8,'2016-10-25 19:10:56'),(339,313,11,4,5,5,4,5,0,0,65,'2016-10-25 20:18:02'),(340,313,1,4,5,5,2,5,4,0,23,'2016-10-25 20:18:25'),(341,313,2,2,5,5,4,5,4,0,19,'2016-10-25 20:18:44'),(342,313,3,0,0,0,0,0,0,1,15,'2016-10-25 20:19:00'),(343,313,4,0,0,0,0,0,0,1,6,'2016-10-25 20:19:06'),(344,313,5,0,0,0,0,0,0,1,10,'2016-10-25 20:19:16'),(345,313,6,0,0,0,0,0,0,1,20,'2016-10-25 20:19:36'),(346,313,7,0,0,0,0,0,0,1,5,'2016-10-25 20:19:41'),(347,313,8,5,4,5,5,5,4,0,20,'2016-10-25 20:20:01'),(348,313,9,0,0,0,0,0,0,1,5,'2016-10-25 20:20:06'),(349,313,10,0,0,0,0,0,0,1,5,'2016-10-25 20:20:11'),(350,312,10,0,0,0,0,0,0,1,26,'2016-10-25 23:53:47'),(351,312,1,4,5,5,3,5,4,0,27,'2016-10-25 23:54:15'),(352,312,2,5,5,4,4,5,4,0,30,'2016-10-25 23:54:45'),(353,312,3,5,4,4,4,5,4,0,36,'2016-10-25 23:55:21'),(354,312,4,4,5,5,5,5,4,0,21,'2016-10-25 23:55:42'),(355,312,5,4,2,5,5,5,5,0,33,'2016-10-25 23:56:16'),(356,312,6,4,5,4,4,5,4,0,21,'2016-10-25 23:56:37'),(357,312,7,4,3,2,3,5,4,0,60,'2016-10-25 23:57:37'),(358,312,8,0,0,0,0,5,0,0,15,'2016-10-25 23:57:52'),(359,312,9,0,0,4,0,5,4,0,25,'2016-10-25 23:58:17'),(360,312,11,5,5,5,3,5,4,0,25,'2016-10-25 23:58:42'),(361,309,11,3,3,4,3,4,4,0,45,'2016-10-27 07:25:55'),(362,309,1,3,5,5,1,4,4,0,14,'2016-10-27 07:26:09'),(363,309,2,2,2,1,5,3,3,0,13,'2016-10-27 07:26:22'),(364,309,3,5,3,3,4,4,3,0,19,'2016-10-27 07:26:41'),(365,309,4,5,2,3,4,4,4,0,13,'2016-10-27 07:26:54'),(366,309,5,4,1,3,5,4,3,0,15,'2016-10-27 07:27:09'),(367,309,6,2,3,3,4,4,2,0,19,'2016-10-27 07:27:28'),(368,309,7,4,3,3,3,4,4,0,20,'2016-10-27 07:27:48'),(369,309,8,4,2,2,5,2,3,0,24,'2016-10-27 07:28:12'),(370,309,9,4,3,3,3,4,3,0,22,'2016-10-27 07:28:34'),(371,309,10,2,1,1,4,3,3,0,18,'2016-10-27 07:28:52'),(372,317,11,5,5,5,5,5,5,0,41,'2016-10-27 12:11:34'),(373,317,1,5,5,5,3,5,5,0,18,'2016-10-27 12:11:52'),(374,317,2,4,5,5,5,5,4,0,15,'2016-10-27 12:12:07'),(375,317,3,4,4,3,5,5,4,0,17,'2016-10-27 12:12:25'),(376,317,4,5,5,5,5,5,5,0,10,'2016-10-27 12:12:35'),(377,317,5,5,4,4,4,5,5,0,25,'2016-10-27 12:13:00'),(378,317,6,5,5,5,4,5,5,0,14,'2016-10-27 12:13:14'),(379,317,7,4,4,4,5,5,5,0,17,'2016-10-27 12:13:31'),(380,317,8,0,0,0,0,0,0,0,12,'2016-10-27 12:13:43'),(381,317,9,0,0,0,0,0,0,0,10,'2016-10-27 12:13:53'),(382,317,10,5,4,3,4,5,5,0,19,'2016-10-27 12:14:13'),(383,320,4,3,4,4,4,2,2,0,20,'2016-10-31 13:33:46'),(384,320,1,3,5,5,2,3,2,0,17,'2016-10-31 13:34:04'),(385,320,2,5,5,5,5,4,4,0,15,'2016-10-31 13:34:19'),(386,320,3,4,3,3,4,3,2,0,15,'2016-10-31 13:34:34'),(387,320,5,3,4,2,3,2,2,0,13,'2016-10-31 13:34:47'),(388,320,6,2,3,2,4,3,2,0,13,'2016-10-31 13:35:00'),(389,320,7,3,2,2,4,4,2,0,15,'2016-10-31 13:35:16'),(390,320,8,2,2,2,4,3,2,0,14,'2016-10-31 13:35:30'),(391,320,9,4,4,3,3,4,2,0,12,'2016-10-31 13:35:42'),(392,320,10,1,1,1,4,2,1,0,12,'2016-10-31 13:35:54'),(393,320,11,3,2,2,4,3,4,0,12,'2016-10-31 13:36:06'),(394,322,6,4,5,5,2,4,4,0,23,'2016-11-01 14:16:06'),(395,322,1,4,5,5,1,5,4,0,18,'2016-11-01 14:16:24'),(396,322,2,0,0,0,0,4,0,0,13,'2016-11-01 14:16:37'),(397,322,3,4,4,4,3,2,4,0,22,'2016-11-01 14:16:59'),(398,322,4,5,5,5,4,5,5,0,13,'2016-11-01 14:17:12'),(399,322,5,5,5,5,0,2,4,0,21,'2016-11-01 14:17:34'),(400,322,7,5,3,3,2,2,5,0,15,'2016-11-01 14:17:49'),(401,322,8,0,0,0,0,0,0,0,15,'2016-11-01 14:18:04'),(402,322,9,0,0,0,0,0,0,0,11,'2016-11-01 14:18:15'),(403,322,10,4,4,4,4,4,4,0,15,'2016-11-01 14:18:30'),(404,322,11,0,5,4,3,4,3,0,10,'2016-11-01 14:18:41'),(405,323,4,4,4,5,5,5,4,0,19,'2016-11-01 17:10:40'),(406,323,1,4,5,4,4,4,5,0,19,'2016-11-01 17:10:59'),(407,323,2,4,5,3,4,4,5,0,18,'2016-11-01 17:11:17'),(408,323,3,5,5,5,5,5,5,0,17,'2016-11-01 17:11:34'),(409,323,5,5,4,4,2,4,5,0,16,'2016-11-01 17:11:50'),(410,323,6,4,4,5,5,5,4,0,11,'2016-11-01 17:12:01'),(411,323,7,4,5,4,4,5,5,0,11,'2016-11-01 17:12:12'),(412,323,8,0,0,0,0,4,4,0,13,'2016-11-01 17:12:25'),(413,323,9,4,0,5,5,4,0,0,14,'2016-11-01 17:12:39'),(414,323,10,4,5,5,3,3,3,0,12,'2016-11-01 17:12:51'),(415,323,11,4,4,5,4,4,3,0,12,'2016-11-01 17:13:03'),(416,324,5,4,4,4,2,4,4,0,35,'2016-11-01 17:22:19'),(417,324,1,4,4,4,4,4,5,0,21,'2016-11-01 17:22:40'),(418,324,2,4,4,5,4,4,4,0,20,'2016-11-01 17:23:00'),(419,324,3,2,4,4,4,4,2,0,27,'2016-11-01 17:23:27'),(420,324,4,2,2,2,3,2,3,0,18,'2016-11-01 17:23:45'),(421,324,6,4,4,3,4,4,4,0,21,'2016-11-01 17:24:06'),(422,324,7,2,4,2,0,0,5,0,13,'2016-11-01 17:24:19'),(423,324,8,3,3,4,3,4,4,0,11,'2016-11-01 17:24:30'),(424,324,9,2,5,4,4,4,4,0,12,'2016-11-01 17:24:42'),(425,324,10,3,0,3,1,4,2,0,11,'2016-11-01 17:24:53'),(426,324,11,2,2,4,2,4,3,0,11,'2016-11-01 17:25:04');
/*!40000 ALTER TABLE `student_housing_deliverable` ENABLE KEYS */;
UNLOCK TABLES;

--
-- Table structure for table `student_housing_deliverables`
--

DROP TABLE IF EXISTS `student_housing_deliverables`;
/*!40101 SET @saved_cs_client     = @@character_set_client */;
/*!40101 SET character_set_client = utf8 */;
CREATE TABLE `student_housing_deliverables` (
  `id` int(255) unsigned NOT NULL AUTO_INCREMENT,
  `fk_user_id` int(11) unsigned NOT NULL,
  `keskusta_cleanliness` int(1) unsigned DEFAULT NULL,
  `keskusta_service` int(1) unsigned DEFAULT NULL,
  `keskusta_location` int(1) unsigned DEFAULT NULL,
  `keskusta_cost` int(1) unsigned DEFAULT NULL,
  `keskusta_internet_facility` int(1) unsigned DEFAULT NULL,
  `keskusta_no_information` int(1) unsigned DEFAULT NULL,
  `raksila_cleanliness` int(1) unsigned DEFAULT NULL,
  `raksila_service` int(1) unsigned DEFAULT NULL,
  `raksila_location` int(1) unsigned DEFAULT NULL,
  `raksila_cost` int(1) unsigned DEFAULT NULL,
  `raksila_internet_facility` int(1) unsigned DEFAULT NULL,
  `raksila_no_information` int(1) unsigned DEFAULT NULL,
  `alppila_cleanliness` int(1) unsigned DEFAULT NULL,
  `alppila_service` int(1) unsigned DEFAULT NULL,
  `alppila_location` int(1) unsigned DEFAULT NULL,
  `alppila_cost` int(1) unsigned DEFAULT NULL,
  `alppila_internet_facility` int(1) unsigned DEFAULT NULL,
  `alppila_no_information` int(1) unsigned DEFAULT NULL,
  `linnanmaa_cleanliness` int(1) unsigned DEFAULT NULL,
  `linnanmaa_service` int(1) unsigned DEFAULT NULL,
  `linnanmaa_location` int(1) unsigned DEFAULT NULL,
  `linnanmaa_cost` int(1) unsigned DEFAULT NULL,
  `linnanmaa_internet_facility` int(1) unsigned DEFAULT NULL,
  `linnanmaa_no_information` int(1) unsigned DEFAULT NULL,
  `syynimaa_cleanliness` int(1) unsigned DEFAULT NULL,
  `syynimaa_service` int(1) unsigned DEFAULT NULL,
  `syynimaa_location` int(1) unsigned DEFAULT NULL,
  `syynimaa_cost` int(1) unsigned DEFAULT NULL,
  `syynimaa_internet_facility` int(1) unsigned DEFAULT NULL,
  `syynimaa_no_information` int(1) unsigned DEFAULT NULL,
  `kaijonharju_cleanliness` int(1) unsigned DEFAULT NULL,
  `kaijonharju_service` int(1) unsigned DEFAULT NULL,
  `kaijonharju_location` int(1) unsigned DEFAULT NULL,
  `kaijonharju_cost` int(1) unsigned DEFAULT NULL,
  `kaijonharju_internet_facility` int(1) unsigned DEFAULT NULL,
  `kaijonharju_no_information` int(1) unsigned DEFAULT NULL,
  `toppila_cleanliness` int(1) unsigned DEFAULT NULL,
  `toppila_service` int(1) unsigned DEFAULT NULL,
  `toppila_location` int(1) unsigned DEFAULT NULL,
  `toppila_cost` int(1) unsigned DEFAULT NULL,
  `toppila_internet_facility` int(1) unsigned DEFAULT NULL,
  `toppila_no_information` int(1) unsigned DEFAULT NULL,
  `hoyhtya_cleanliness` int(1) unsigned DEFAULT NULL,
  `hoyhtya_service` int(1) unsigned DEFAULT NULL,
  `hoyhtya_location` int(1) unsigned DEFAULT NULL,
  `hoyhtya_cost` int(1) unsigned DEFAULT NULL,
  `hoyhtya_internet_facility` int(1) unsigned DEFAULT NULL,
  `hoyhtya_no_information` int(1) unsigned DEFAULT NULL,
  `peltola_cleanliness` int(1) unsigned DEFAULT NULL,
  `peltola_service` int(1) unsigned DEFAULT NULL,
  `peltola_location` int(1) unsigned DEFAULT NULL,
  `peltola_cost` int(1) unsigned DEFAULT NULL,
  `peltola_internet_facility` int(1) unsigned DEFAULT NULL,
  `peltola_no_information` int(1) unsigned DEFAULT NULL,
  `rajakyla_cleanliness` int(1) unsigned DEFAULT NULL,
  `rajakyla_location` int(1) unsigned DEFAULT NULL,
  `rajakyla_cost` int(1) unsigned DEFAULT NULL,
  `rajakyla_internet_facility` int(1) unsigned DEFAULT NULL,
  `rajakyla_no_information` int(1) unsigned DEFAULT NULL,
  `toivoniemi_cleanliness` int(1) unsigned DEFAULT NULL,
  `toivoniemi_service` int(1) unsigned DEFAULT NULL,
  `toivoniemi_cost` int(1) unsigned DEFAULT NULL,
  `toivoniemi_internet_facility` int(1) unsigned DEFAULT NULL,
  `toivoniemi_no_information` int(1) unsigned DEFAULT NULL,
  `time_taken` int(11) unsigned NOT NULL,
  `created` datetime DEFAULT NULL,
  `updated` datetime DEFAULT NULL,
  PRIMARY KEY (`id`),
  KEY `FK_STUDENT_HOUSING_USERS_USER_ID` (`fk_user_id`),
  CONSTRAINT `FK_STUDENT_HOUSING_USERS_USER_ID` FOREIGN KEY (`fk_user_id`) REFERENCES `users` (`id`)
) ENGINE=InnoDB DEFAULT CHARSET=latin1 COMMENT='This table contains the deliverables for the student housing task.';
/*!40101 SET character_set_client = @saved_cs_client */;

--
-- Dumping data for table `student_housing_deliverables`
--

LOCK TABLES `student_housing_deliverables` WRITE;
/*!40000 ALTER TABLE `student_housing_deliverables` DISABLE KEYS */;
/*!40000 ALTER TABLE `student_housing_deliverables` ENABLE KEYS */;
UNLOCK TABLES;

--
-- Table structure for table `survey_deliverables`
--

DROP TABLE IF EXISTS `survey_deliverables`;
/*!40101 SET @saved_cs_client     = @@character_set_client */;
/*!40101 SET character_set_client = utf8 */;
CREATE TABLE `survey_deliverables` (
  `id` int(255) unsigned NOT NULL AUTO_INCREMENT,
  `fk_user_id` int(11) unsigned NOT NULL,
  `gender` varchar(10) NOT NULL,
  `age` varchar(10) NOT NULL,
  `education` int(1) NOT NULL,
  `field_study` int(1) NOT NULL,
  `living` int(1) NOT NULL,
  `is_crowdsourcing_worker` int(1) NOT NULL,
  `is_reserved` int(1) NOT NULL,
  `is_generally_trusting` int(1) NOT NULL,
  `lazy` int(1) NOT NULL,
  `relaxed` int(1) NOT NULL,
  `artistic_interest` int(1) NOT NULL,
  `sociable` int(1) NOT NULL,
  `find_faults` int(1) NOT NULL,
  `thorough_job` int(1) NOT NULL,
  `nervous` int(1) NOT NULL,
  `active_imagination` int(1) NOT NULL,
  PRIMARY KEY (`id`),
  KEY `FK_USER_SURVEY` (`fk_user_id`),
  CONSTRAINT `FK_USER_SURVEY` FOREIGN KEY (`fk_user_id`) REFERENCES `users` (`id`)
) ENGINE=InnoDB AUTO_INCREMENT=49 DEFAULT CHARSET=latin1 COMMENT='This table contains the survey deliverablesof the users';
/*!40101 SET character_set_client = @saved_cs_client */;

--
-- Dumping data for table `survey_deliverables`
--

LOCK TABLES `survey_deliverables` WRITE;
/*!40000 ALTER TABLE `survey_deliverables` DISABLE KEYS */;
INSERT INTO `survey_deliverables` VALUES (3,18,'Male','78',1,1,1,1,1,1,1,1,1,1,1,1,1,1),(4,258,'Male','25',4,1,2,2,1,5,4,5,4,5,4,4,1,5),(6,259,'Male','24',3,4,2,1,1,5,2,3,4,5,2,4,3,5),(7,261,'Male','36',3,4,4,2,4,4,2,5,1,5,2,5,2,5),(8,267,'Male','17',1,6,4,2,3,3,3,3,3,3,3,3,3,3),(9,263,'Male','25',3,1,3,1,3,4,3,3,3,3,2,3,2,4),(10,262,'Male','25',3,4,3,1,3,4,1,2,2,1,1,3,4,5),(11,271,'Female','20',2,2,1,2,4,5,2,4,5,4,2,3,4,5),(12,266,'Male','25',3,1,3,2,3,4,4,4,5,3,4,4,4,4),(13,265,'Male','23',2,1,3,2,5,5,4,4,4,3,2,4,3,4),(14,273,'Male','28',4,5,4,2,3,2,4,4,5,3,4,5,4,2),(15,275,'Male','22',1,4,4,2,5,4,4,4,2,2,2,4,3,4),(16,276,'Male','30',3,2,4,2,4,4,3,4,5,2,2,4,2,2),(17,280,'Male','22',1,6,3,2,2,5,4,5,4,4,2,4,3,5),(18,272,'Female','32',1,6,4,2,2,5,5,5,5,2,1,4,1,1),(19,281,'Male','19',1,6,1,2,1,3,5,4,2,5,4,3,4,5),(20,279,'Male','24',1,6,4,1,4,4,2,1,1,4,2,5,5,5),(21,285,'Male','23',3,4,2,2,4,5,4,5,1,4,4,4,2,5),(22,287,'Male','22',1,6,4,2,4,4,2,4,1,4,3,4,3,5),(23,289,'Female','28',3,6,2,2,1,5,3,2,4,5,1,4,1,5),(24,290,'Male','26',2,1,4,2,4,4,4,4,3,2,5,4,4,5),(25,284,'Female','29',3,6,3,2,5,5,4,5,1,3,1,5,2,1),(26,293,'Male','34',2,4,1,2,4,5,4,4,4,4,5,4,5,4),(27,295,'Male','26',2,4,2,2,4,4,5,3,2,1,4,3,3,5),(28,296,'Male','31',2,4,2,2,4,5,4,4,3,2,1,4,2,4),(29,297,'Male','29',2,5,4,2,2,5,1,2,5,5,3,5,4,5),(30,301,'Male','25',2,1,2,2,4,5,5,4,3,5,2,4,4,4),(31,299,'Male','23',2,1,2,2,4,3,5,4,1,4,1,1,2,5),(32,300,'Male','22',3,1,1,2,4,2,2,4,4,4,3,4,2,4),(33,302,'Male','26',2,4,2,2,3,4,3,4,1,5,3,4,2,4),(34,306,'Female','35',1,6,1,2,1,5,4,4,5,5,1,5,3,2),(35,304,'Male','19',1,1,1,2,4,4,4,2,5,4,1,5,3,4),(36,307,'Male','24',2,4,1,2,2,4,4,3,2,4,4,3,4,5),(37,292,'Female','27',3,6,2,2,4,5,3,2,5,4,2,4,1,5),(38,309,'Female','36',3,5,4,2,3,2,4,4,5,3,4,5,4,3),(39,310,'Male','35',2,6,4,2,1,4,3,5,4,5,2,4,2,5),(40,311,'Female','22',1,3,3,2,3,5,4,4,5,2,1,5,4,5),(41,313,'Male','25',2,4,4,2,3,5,1,5,2,4,2,5,2,5),(42,317,'Male','29',3,4,4,2,2,4,3,4,1,4,2,3,2,3),(43,291,'Female','26',3,4,2,2,4,4,3,4,4,4,3,4,3,4),(44,318,'Female','36',3,5,4,2,3,2,4,2,2,4,4,5,3,2),(45,320,'Female','22',2,6,4,2,4,2,2,2,2,1,4,4,5,5),(46,322,'Male','24',3,4,2,2,1,4,4,5,5,4,1,3,1,4),(47,323,'Male','28',3,4,4,2,4,5,4,2,2,1,1,3,4,5),(48,324,'Male','30',3,2,4,2,4,5,4,4,1,4,4,2,5,2);
/*!40000 ALTER TABLE `survey_deliverables` ENABLE KEYS */;
UNLOCK TABLES;

--
-- Table structure for table `task_categories`
--

DROP TABLE IF EXISTS `task_categories`;
/*!40101 SET @saved_cs_client     = @@character_set_client */;
/*!40101 SET character_set_client = utf8 */;
CREATE TABLE `task_categories` (
  `id` int(10) unsigned NOT NULL AUTO_INCREMENT,
  `name` varchar(50) NOT NULL,
  `description` text NOT NULL,
  PRIMARY KEY (`id`)
) ENGINE=InnoDB AUTO_INCREMENT=4 DEFAULT CHARSET=latin1 COMMENT='This table contains the categories of the tasks.\r\n1. Situated\r\n2. Location based\r\n3. Anywhere';
/*!40101 SET character_set_client = @saved_cs_client */;

--
-- Dumping data for table `task_categories`
--

LOCK TABLES `task_categories` WRITE;
/*!40000 ALTER TABLE `task_categories` DISABLE KEYS */;
INSERT INTO `task_categories` VALUES (1,'Situated','Task that you perform close around the tag.'),(2,'Located','Tasks in which you have to move to specific location.\r\n'),(3,'Anywhere','Tasks that you can perform anywhere irrespective of the location.');
/*!40000 ALTER TABLE `task_categories` ENABLE KEYS */;
UNLOCK TABLES;

--
-- Table structure for table `tasks`
--

DROP TABLE IF EXISTS `tasks`;
/*!40101 SET @saved_cs_client     = @@character_set_client */;
/*!40101 SET character_set_client = utf8 */;
CREATE TABLE `tasks` (
  `id` int(11) unsigned NOT NULL AUTO_INCREMENT,
  `task_name` varchar(32) NOT NULL,
  `task_description` text,
  `fk_task_category_id` int(10) unsigned NOT NULL,
  `screen_name` varchar(200) NOT NULL,
  `def_reward` int(11) unsigned NOT NULL,
  `created_at` datetime NOT NULL,
  `updated_at` datetime DEFAULT NULL,
  PRIMARY KEY (`id`),
  KEY `FK_TASKS_CATEGORY_CATEGORY_ID` (`fk_task_category_id`),
  CONSTRAINT `FK_TASKS_CATEGORY_CATEGORY_ID` FOREIGN KEY (`fk_task_category_id`) REFERENCES `task_categories` (`id`) ON DELETE CASCADE ON UPDATE CASCADE
) ENGINE=InnoDB AUTO_INCREMENT=15 DEFAULT CHARSET=latin1;
/*!40101 SET character_set_client = @saved_cs_client */;

--
-- Dumping data for table `tasks`
--

LOCK TABLES `tasks` WRITE;
/*!40000 ALTER TABLE `tasks` DISABLE KEYS */;
INSERT INTO `tasks` VALUES (3,'survey','This is a survey',3,'Online Survey',10,'0000-00-00 00:00:00','2015-09-09 14:52:19'),(4,'survey2','This is another survey',3,'Online survey 2',10,'0000-00-00 00:00:00','2015-09-09 14:52:19'),(5,'Visual Analysis','Answer which building is closer to you',3,'Visual Analysis',10,'0000-00-00 00:00:00','2015-09-12 08:38:27'),(6,'Sentiment Analysis','Categorize the sentence as positive, neutral or negative',3,'Sentiment Analysis',10,'0000-00-00 00:00:00','2015-09-12 08:40:14'),(8,'Image Identification','Translate the following Object in the image into Finnish',1,'Image Identification',20,'0000-00-00 00:00:00','2015-09-12 08:43:36'),(9,'Place a New Tag','Your Task is to place the printed tag to the location that has been described below',2,'Place a New Tag',0,'0000-00-00 00:00:00','2015-09-21 19:11:16'),(10,'Describe the place','Please visit the following location and describe it by answering simple questions',2,'Describe the Place',250,'0000-00-00 00:00:00','2015-10-18 16:19:26'),(11,'Word Translation','Translate the Following into Finnish',3,'Word Translation',10,'2016-06-26 17:05:31','2016-06-26 17:05:32'),(12,'Word Relevance','Please select a relevant word for the following sentence',3,'Word/Task Relevance',10,'0000-00-00 00:00:00','2016-07-07 22:28:48'),(13,'Hobbies in Oulu','Can you do the following hobby in Oulu. If yes give more information on it (when, where, how, etc.)',1,'Hobbies in Oulu',35,'2016-07-12 07:52:11','2016-07-12 07:52:12'),(14,'Student Housing','Please rate the Student Housing Areas for University Students',1,'Student Housing',50,'2016-08-10 19:57:13','2016-08-10 19:57:14');
/*!40000 ALTER TABLE `tasks` ENABLE KEYS */;
UNLOCK TABLES;

--
-- Table structure for table `user_tasks`
--

DROP TABLE IF EXISTS `user_tasks`;
/*!40101 SET @saved_cs_client     = @@character_set_client */;
/*!40101 SET character_set_client = utf8 */;
CREATE TABLE `user_tasks` (
  `id` int(11) unsigned NOT NULL AUTO_INCREMENT,
  `fk_task_id` int(11) unsigned NOT NULL DEFAULT '0',
  `fk_user_id` int(11) unsigned NOT NULL DEFAULT '0',
  `submitted_at` datetime NOT NULL DEFAULT '0000-00-00 00:00:00',
  `fk_status_id` int(11) unsigned NOT NULL DEFAULT '1',
  PRIMARY KEY (`id`),
  KEY `FK_USER_TASKS_TASKS` (`fk_task_id`),
  KEY `FK_USER_TASKS_USERS` (`fk_user_id`),
  KEY `FK_USER_TASKS_STATUSES` (`fk_status_id`),
  CONSTRAINT `FK_USER_TASKS_STATUSES` FOREIGN KEY (`fk_status_id`) REFERENCES `statuses` (`id`),
  CONSTRAINT `FK_USER_TASKS_TASKS` FOREIGN KEY (`fk_task_id`) REFERENCES `tasks` (`id`),
  CONSTRAINT `FK_USER_TASKS_USERS` FOREIGN KEY (`fk_user_id`) REFERENCES `users` (`id`)
) ENGINE=InnoDB AUTO_INCREMENT=3 DEFAULT CHARSET=latin1 COMMENT='This table contains the tasks that user have completed and either in pending, rejected and approved status';
/*!40101 SET character_set_client = @saved_cs_client */;

--
-- Dumping data for table `user_tasks`
--

LOCK TABLES `user_tasks` WRITE;
/*!40000 ALTER TABLE `user_tasks` DISABLE KEYS */;
INSERT INTO `user_tasks` VALUES (1,3,18,'2015-07-05 11:36:36',2),(2,4,18,'2015-07-05 11:36:36',2);
/*!40000 ALTER TABLE `user_tasks` ENABLE KEYS */;
UNLOCK TABLES;

--
-- Table structure for table `users`
--

DROP TABLE IF EXISTS `users`;
/*!40101 SET @saved_cs_client     = @@character_set_client */;
/*!40101 SET character_set_client = utf8 */;
CREATE TABLE `users` (
  `id` int(11) unsigned NOT NULL AUTO_INCREMENT,
  `username` char(12) NOT NULL,
  `password` char(32) NOT NULL,
  `balance` int(11) unsigned NOT NULL DEFAULT '0',
  `enabled` int(1) unsigned NOT NULL DEFAULT '1',
  PRIMARY KEY (`id`),
  UNIQUE KEY `name` (`username`)
) ENGINE=InnoDB AUTO_INCREMENT=326 DEFAULT CHARSET=latin1;
/*!40101 SET character_set_client = @saved_cs_client */;

--
-- Dumping data for table `users`
--

LOCK TABLES `users` WRITE;
/*!40000 ALTER TABLE `users` DISABLE KEYS */;
INSERT INTO `users` VALUES (18,'furqan','df4358b3b8209d8123ac6384d02ef8d0',1025,1),(241,'Jorge','d67326a22642a324aa1b0745f2f17abb',10,1),(244,'Moun','4c8ab89227102ea1d8542dc2827bb95f',170,1),(245,'Mahmoud','e10adc3949ba59abbe56e057f20f883e',460,1),(246,'san','38ba808e3e671867f330d41ebe35d0fc',230,1),(258,'tkumar','6572bdaff799084b973320f43f09b363',2100,1),(259,'mhasnain','e08a4f1ce2b4e04939485d635754ca95',65,1),(261,'harry','637f9c698af8110d01a765c320dec874',1025,1),(262,'zjj','a0e4151f17ee506abaadabc11d4e664d',30,1),(263,'pli','e2fc714c4727ee9395f324cd2e7f331f',15,1),(264,'chenhaoyu','202cb962ac59075b964b07152d234b70',530,1),(265,'boli','e10adc3949ba59abbe56e057f20f883e',15,1),(266,'jwcnwh','d39d49da29add830cafe7169e7bcf5d5',140,1),(267,'Puda00','d600f19538e606da7d988b1e132cdc47',300,1),(268,'mpt','8c405c388caf71e0d5497d297c046966',0,1),(269,'Valtterip','2c30b84705459734ed34d2088e265b2d',200,1),(270,'sunjia','2e567a9780c9136d5ac1f9b6b044d64c',390,1),(271,'zpei','483784446f2427acc930203aacd25768',0,1),(272,'nanci','ffaf5e39751f6562b1a68bf9c8913c02',45,1),(273,'king','ed1f9a287a86b6cd6007ce233c5b02c2',1320,1),(274,'rislam2007','e70d0316958ecc9a443008d29203300c',0,1),(275,'Jani','58c53f449fa8a5e094d0907a69560864',2380,1),(276,'nepp','6f0cde379edf933770d9440a24786713',165,1),(277,'zynamide','d85fe35026c26da3b61f7b53644096ca',0,1),(278,'mattire','b8d1a74d4a7b2750242cbf880ab37093',0,1),(279,'mcopher','d206a17cfcf8afcceb649f7764b4900b',240,1),(280,'tauotila','67813d0f5b8462e0b898f74983a4aaaa',280,1),(281,'aamupuuro','58da0aadb77e1eb7c347f934be1ac368',90,1),(282,'Mayzeng','59b2e7b9d0a03188c6acbf157b30d2d9',0,1),(283,'cunccu','6a4d6424cc782a8e5a03ce20a69f0938',80,1),(284,'ndias','a4a93a2f2ea20ca585bd6b7897af7a45',640,1),(285,'Hamza.Khan','946ee676acf04bd3b09ff290d9825770',80,1),(286,'hamalik','cbeef271b2c49e411dd29451969abc71',270,1),(287,'Julius','3fc0a7acf087f549ac2b266baf94b8b1',240,1),(288,'Veeramilla','871237bf25ba34556a2755fdf2f0ee44',1685,1),(289,'iqrakhan','f9fb0cfba2bb06dc86ba0a7a550c805f',85,1),(290,'Topsa','4160c9900c0b414c7c9c7b5bd956b0bb',635,1),(291,'ryasmin','b3b3a6ac74ecbd56bcdbefa4799fb9df',670,1),(292,'yahmad','0dbaf952af8552f1bc21a87c2644e62c',460,1),(293,'fqasmi','9c1f7034a54889faf5d7bca944410992',300,1),(294,'imuhamma','b01445a758362fc03644bfc77c810794',0,1),(295,'atahir','08c438596a26f90d56046c8e5823a490',195,1),(296,'munim009','5f9f2a8848931982dd27e1c6fa9c48c4',150,1),(297,'Justam','21291505ea7d2cc217ee680b1a611f4a',940,1),(298,'dante','81dc9bdb52d04dc20036dbd8313ed055',0,1),(299,'game','827ccb0eea8a706c4c34a16891f84e7b',5,1),(300,'Ilyas','aed34b9f60ee115dfa7918b742336277',20,1),(301,'ubicomp','778ffbf9b1532c21adc966df1222dd96',35,1),(302,'Yasirwasli','c7f1a4826fe41ea7178719d90b3315bd',1705,1),(303,'archade','e10adc3949ba59abbe56e057f20f883e',0,1),(304,'Tomi660','de8e6dbd87fd05f2d06e409c56a21591',1280,1),(305,'arif','aafa8cdb75daff1b0f23d3e186d2355e',240,1),(306,'carmen','d7bc00c35e1c0cc115e0b56fb27a6231',335,1),(307,'zchan','a903a8ee65fbd038019d124dcaa3f128',1255,1),(308,'piksu','4100d3f8e8c253fa58f2f48f4cbc49bf',0,1),(309,'joonas','2c093c717b0c2443e387d94ed318fef8',740,1),(310,'amarilio','98fd03c33f9e6686b04ae87579450671',180,1),(311,'SkyAnzel','7ccded1e95da7bc89713529aa5dca518',210,1),(312,'noumanb','526468244bf050d060f98b7e32a76df5',1450,1),(313,'manish','6bebdf841d3b6f7773954f85c01bc0d7',70,1),(314,'ban','668c5c74c922cd59c0440de4de990109',0,1),(315,'kissa123','13c3a117d0013ab22417c8edca354b76',0,1),(316,'mahirsimaki','b625119e6d6844f6274fb2bd655c0108',5,1),(317,'mchau','25d55ad283aa400af464c76d713c07ad',70,1),(318,'mmo','6d36fb7f4be5e33da5d46dc5e0df9e41',40,1),(319,'edosti','fc63f3cba4588362c8e0070f4917f494',0,1),(320,'Zukushijirin','84cf831f1704dab50e9637e2bf86de52',460,1),(321,'furqancomag','4c4918675fa4debc0e227f97581dd47a',0,1),(322,'marif','aafa8cdb75daff1b0f23d3e186d2355e',470,1),(323,'ababa','d53356af5080b8a6a117ca7a1dc68cb5',5,1),(324,'sshafi','277d8cebc8c9f5d3cd6cf32f2d2daf3a',120,1),(325,'joe','8ff32489f92f33416694be8fdc2d4c22',0,1);
/*!40000 ALTER TABLE `users` ENABLE KEYS */;
UNLOCK TABLES;
/*!40103 SET TIME_ZONE=@OLD_TIME_ZONE */;

/*!40101 SET SQL_MODE=@OLD_SQL_MODE */;
/*!40014 SET FOREIGN_KEY_CHECKS=@OLD_FOREIGN_KEY_CHECKS */;
/*!40014 SET UNIQUE_CHECKS=@OLD_UNIQUE_CHECKS */;
/*!40101 SET CHARACTER_SET_CLIENT=@OLD_CHARACTER_SET_CLIENT */;
/*!40101 SET CHARACTER_SET_RESULTS=@OLD_CHARACTER_SET_RESULTS */;
/*!40101 SET COLLATION_CONNECTION=@OLD_COLLATION_CONNECTION */;
/*!40111 SET SQL_NOTES=@OLD_SQL_NOTES */;

-- Dump completed on 2016-11-02 10:55:29
